shape_id,shape_pt_lat,shape_pt_lon,shape_pt_sequence,shape_dist_traveled
TL-67,38.0294300000,-78.5195700000,1,
TL-67,38.0294600000,-78.5196800000,2,
TL-67,38.0294800000,-78.5197600000,3,
TL-67,38.0294900000,-78.5198300000,4,
TL-67,38.0295000000,-78.5199200000,5,
TL-67,38.0295000000,-78.5199900000,6,
TL-67,38.0295100000,-78.5200700000,7,
TL-67,38.0295100000,-78.5202100000,8,
TL-67,38.0295100000,-78.5203200000,9,
TL-67,38.0295100000,-78.5203700000,10,
TL-67,38.0295200000,-78.5204400000,11,
TL-67,38.0295400000,-78.5205100000,12,
TL-67,38.0295500000,-78.5205600000,13,
TL-67,38.0295600000,-78.5205800000,14,
TL-67,38.0295800000,-78.5206200000,15,
TL-67,38.0295900000,-78.5206400000,16,
TL-67,38.0296100000,-78.5206700000,17,
TL-67,38.0296400000,-78.5207000000,18,
TL-67,38.0296800000,-78.5207400000,19,
TL-67,38.0297200000,-78.5207700000,20,
TL-67,38.0297300000,-78.5207700000,21,
TL-67,38.0297400000,-78.5207800000,22,
TL-67,38.0297700000,-78.5207900000,23,
TL-67,38.0298200000,-78.5208100000,24,
TL-67,38.0298600000,-78.5208200000,25,
TL-67,38.0299100000,-78.5208300000,26,
TL-67,38.0299200000,-78.5208300000,27,
TL-67,38.0299900000,-78.5208400000,28,
TL-67,38.0300500000,-78.5208500000,29,
TL-67,38.0300900000,-78.5208500000,30,
TL-67,38.0301000000,-78.5208500000,31,
TL-67,38.0301300000,-78.5208500000,32,
TL-67,38.0301400000,-78.5208500000,33,
TL-67,38.0301900000,-78.5208400000,34,
TL-67,38.0302400000,-78.5208400000,35,
TL-67,38.0302700000,-78.5208300000,36,
TL-67,38.0302900000,-78.5208200000,37,
TL-67,38.0303100000,-78.5208100000,38,
TL-67,38.0303300000,-78.5208000000,39,
TL-67,38.0303600000,-78.5207700000,40,
TL-67,38.0303900000,-78.5207400000,41,
TL-67,38.0304100000,-78.5207200000,42,
TL-67,38.0304200000,-78.5207100000,43,
TL-67,38.0304300000,-78.5206900000,44,
TL-67,38.0304500000,-78.5206700000,45,
TL-67,38.0304600000,-78.5206600000,46,
TL-67,38.0304800000,-78.5206200000,47,
TL-67,38.0305100000,-78.5205600000,48,
TL-67,38.0305200000,-78.5205300000,49,
TL-67,38.0305300000,-78.5205000000,50,
TL-67,38.0305300000,-78.5204700000,51,
TL-67,38.0305400000,-78.5204400000,52,
TL-67,38.0305500000,-78.5203700000,53,
TL-67,38.0305500000,-78.5203100000,54,
TL-67,38.0305500000,-78.5202500000,55,
TL-67,38.0305357745,-78.5200631779,56,
TL-67,38.0305200000,-78.5199100000,57,
TL-67,38.0305200000,-78.5198300000,58,
TL-67,38.0305200000,-78.5197800000,59,
TL-67,38.0305200000,-78.5197400000,60,
TL-67,38.0305200000,-78.5196800000,61,
TL-67,38.0305300000,-78.5195900000,62,
TL-67,38.0305300000,-78.5195900000,63,
TL-67,38.0305300000,-78.5195300000,64,
TL-67,38.0305400000,-78.5194400000,65,
TL-67,38.0305600000,-78.5193200000,66,
TL-67,38.0305800000,-78.5192500000,67,
TL-67,38.0305900000,-78.5192400000,68,
TL-67,38.0306100000,-78.5191500000,69,
TL-67,38.0306700000,-78.5190300000,70,
TL-67,38.0307000000,-78.5189600000,71,
TL-67,38.0307800000,-78.5188700000,72,
TL-67,38.0308511272,-78.5187785423,73,
TL-67,38.0309000000,-78.5187400000,74,
TL-67,38.0309700000,-78.5186600000,75,
TL-67,38.0310100000,-78.5186300000,76,
TL-67,38.0311200000,-78.5185300000,77,
TL-67,38.0312400000,-78.5184500000,78,
TL-67,38.0313300000,-78.5183900000,79,
TL-67,38.0313900000,-78.5183500000,80,
TL-67,38.0314300000,-78.5183100000,81,
TL-67,38.0315600000,-78.5182400000,82,
TL-67,38.0316400000,-78.5182000000,83,
TL-67,38.0316600000,-78.5181900000,84,
TL-67,38.0317400000,-78.5181500000,85,
TL-67,38.0318300000,-78.5181100000,86,
TL-67,38.0319000000,-78.5180800000,87,
TL-67,38.0319600000,-78.5180500000,88,
TL-67,38.0319600000,-78.5180500000,89,
TL-67,38.0320000000,-78.5180300000,90,
TL-67,38.0321700000,-78.5179400000,91,
TL-67,38.0322400000,-78.5179100000,92,
TL-67,38.0323400000,-78.5178600000,93,
TL-67,38.0324200000,-78.5178200000,94,
TL-67,38.0325000000,-78.5177900000,95,
TL-67,38.0325100000,-78.5177900000,96,
TL-67,38.0325500000,-78.5177800000,97,
TL-67,38.0325900000,-78.5177700000,98,
TL-67,38.0326300000,-78.5177700000,99,
TL-67,38.0326700000,-78.5177700000,100,
TL-67,38.0326900000,-78.5177700000,101,
TL-67,38.0327200000,-78.5177800000,102,
TL-67,38.0327600000,-78.5177900000,103,
TL-67,38.0328100000,-78.5178100000,104,
TL-67,38.0328600000,-78.5178300000,105,
TL-67,38.0328800000,-78.5178400000,106,
TL-67,38.0330200000,-78.5179200000,107,
TL-67,38.0330900000,-78.5179600000,108,
TL-67,38.0331000000,-78.5179600000,109,
TL-67,38.0331500000,-78.5179900000,110,
TL-67,38.0332000000,-78.5180000000,111,
TL-67,38.0332600000,-78.5180100000,112,
TL-67,38.0332700000,-78.5180100000,113,
TL-67,38.0333100000,-78.5180100000,114,
TL-67,38.0333600000,-78.5180000000,115,
TL-67,38.0334100000,-78.5180000000,116,
TL-67,38.0334600000,-78.5179800000,117,
TL-67,38.0335800000,-78.5179400000,118,
TL-67,38.0336200000,-78.5179300000,119,
TL-67,38.0337900000,-78.5178600000,120,
TL-67,38.0338500000,-78.5178300000,121,
TL-67,38.0338500000,-78.5178300000,122,
TL-67,38.0339400000,-78.5177700000,123,
TL-67,38.0339800000,-78.5177500000,124,
TL-67,38.0341000000,-78.5176800000,125,
TL-67,38.0342700000,-78.5175900000,126,
TL-67,38.0343364776,-78.5175485423,127,
TL-67,38.0346000000,-78.5173700000,128,
TL-67,38.0347400000,-78.5172500000,129,
TL-67,38.0348100000,-78.5171700000,130,
TL-67,38.0348800000,-78.5170800000,131,
TL-67,38.0349500000,-78.5169600000,132,
TL-67,38.0350200000,-78.5168400000,133,
TL-67,38.0350300000,-78.5167700000,134,
TL-67,38.0350300000,-78.5166900000,135,
TL-67,38.0350500000,-78.5164700000,136,
TL-67,38.0350600000,-78.5162900000,137,
TL-67,38.0350702640,-78.5160849125,138,
TL-67,38.0350702640,-78.5160847521,139,
TL-67,38.0350800000,-78.5159400000,140,
TL-67,38.0351100000,-78.5156500000,141,
TL-67,38.0351400000,-78.5152700000,142,
TL-67,38.0351800000,-78.5147000000,143,
TL-67,38.0351900000,-78.5145000000,144,
TL-67,38.0352000000,-78.5144400000,145,
TL-67,38.0352100000,-78.5142700000,146,
TL-67,38.0352100000,-78.5142500000,147,
TL-67,38.0352100000,-78.5141800000,148,
TL-67,38.0352000000,-78.5141000000,149,
TL-67,38.0352000000,-78.5139700000,150,
TL-67,38.0351900000,-78.5138700000,151,
TL-67,38.0351800000,-78.5138300000,152,
TL-67,38.0351700000,-78.5137800000,153,
TL-67,38.0351500000,-78.5137200000,154,
TL-67,38.0351300000,-78.5136500000,155,
TL-67,38.0351000000,-78.5135700000,156,
TL-67,38.0350400000,-78.5134700000,157,
TL-67,38.0348200000,-78.5130900000,158,
TL-67,38.0347200000,-78.5128500000,159,
TL-67,38.0346400000,-78.5127000000,160,
TL-67,38.0345300000,-78.5124000000,161,
TL-67,38.0344000000,-78.5120200000,162,
TL-67,38.0343600000,-78.5119000000,163,
TL-67,38.0342873242,-78.5116818368,164,
TL-67,38.0342873941,-78.5116815742,165,
TL-67,38.0342200000,-78.5114600000,166,
TL-67,38.0340800000,-78.5110400000,167,
TL-67,38.0339800000,-78.5108300000,168,
TL-67,38.0337900000,-78.5102200000,169,
TL-67,38.0337800000,-78.5101500000,170,
TL-67,38.0337700000,-78.5100500000,171,
TL-67,38.0337600000,-78.5099900000,172,
TL-67,38.0337400000,-78.5095500000,173,
TL-67,38.0337400000,-78.5095500000,174,
TL-67,38.0338100000,-78.5094600000,175,
TL-67,38.0338300000,-78.5094300000,176,
TL-67,38.0338500000,-78.5094000000,177,
TL-67,38.0338700000,-78.5093500000,178,
TL-67,38.0339200000,-78.5091900000,179,
TL-67,38.0339600000,-78.5091100000,180,
TL-67,38.0339600000,-78.5090900000,181,
TL-67,38.0339900000,-78.5090500000,182,
TL-67,38.0340300000,-78.5089600000,183,
TL-67,38.0340600000,-78.5089000000,184,
TL-67,38.0340900000,-78.5088500000,185,
TL-67,38.0341200000,-78.5087900000,186,
TL-67,38.0341500000,-78.5087000000,187,
TL-67,38.0341500000,-78.5087000000,188,
TL-67,38.0344700000,-78.5085900000,189,
TL-67,38.0347700000,-78.5084900000,190,
TL-67,38.0348200000,-78.5084700000,191,
TL-67,38.0349200000,-78.5084300000,192,
TL-67,38.0349700000,-78.5084200000,193,
TL-67,38.0349900000,-78.5084100000,194,
TL-67,38.0351000000,-78.5083700000,195,
TL-67,38.0352200000,-78.5083200000,196,
TL-67,38.0352900000,-78.5082900000,197,
TL-67,38.0354600000,-78.5082200000,198,
TL-67,38.0356800000,-78.5081300000,199,
TL-67,38.0357900000,-78.5080900000,200,
TL-67,38.0360200000,-78.5080100000,201,
TL-67,38.0360199305,-78.5080100582,202,
TL-67,38.0362000000,-78.5079400000,203,
TL-67,38.0365300000,-78.5078100000,204,
TL-67,38.0367900000,-78.5077200000,205,
TL-67,38.0369800000,-78.5076500000,206,
TL-67,38.0371800000,-78.5075700000,207,
TL-67,38.0372400000,-78.5075500000,208,
TL-67,38.0374800000,-78.5074600000,209,
TL-67,38.0375800000,-78.5074300000,210,
TL-67,38.0377800000,-78.5073600000,211,
TL-67,38.0380400000,-78.5072800000,212,
TL-67,38.0381457749,-78.5072212245,213,
TL-67,38.0382900000,-78.5071900000,214,
TL-67,38.0383500000,-78.5071600000,215,
TL-67,38.0383500000,-78.5071600000,216,
TL-67,38.0385100000,-78.5071100000,217,
TL-67,38.0388100000,-78.5070000000,218,
TL-67,38.0392800000,-78.5068200000,219,
TL-67,38.0394200000,-78.5067800000,220,
TL-67,38.0397700000,-78.5066900000,221,
TL-67,38.0398400000,-78.5066800000,222,
TL-67,38.0400400000,-78.5066300000,223,
TL-67,38.0402200000,-78.5065800000,224,
TL-67,38.0403200000,-78.5065500000,225,
TL-67,38.0404100000,-78.5065100000,226,
TL-67,38.0404900000,-78.5064800000,227,
TL-67,38.0405200000,-78.5064600000,228,
TL-67,38.0407300000,-78.5063800000,229,
TL-67,38.0410278875,-78.5062452478,230,
TL-67,38.0411300000,-78.5062300000,231,
TL-67,38.0411300000,-78.5062300000,232,
TL-67,38.0413300000,-78.5061500000,233,
TL-67,38.0416700000,-78.5060200000,234,
TL-67,38.0418200000,-78.5059700000,235,
TL-67,38.0422100000,-78.5058200000,236,
TL-67,38.0423400000,-78.5057800000,237,
TL-67,38.0423900000,-78.5057600000,238,
TL-67,38.0426000000,-78.5056800000,239,
TL-67,38.0426600000,-78.5056600000,240,
TL-67,38.0430300000,-78.5055300000,241,
TL-67,38.0432257752,-78.5054579300,242,
TL-67,38.0433085843,-78.5054412245,243,
TL-67,38.0433100000,-78.5054426822,244,
TL-67,38.0433600000,-78.5054100000,245,
TL-67,38.0433900000,-78.5054000000,246,
TL-67,38.0434200000,-78.5053900000,247,
TL-67,38.0437200000,-78.5052900000,248,
TL-67,38.0437300000,-78.5052900000,249,
TL-67,38.0439100000,-78.5052200000,250,
TL-67,38.0443800000,-78.5050600000,251,
TL-67,38.0443800000,-78.5050600000,252,
TL-67,38.0444200000,-78.5051900000,253,
TL-67,38.0445300000,-78.5054800000,254,
TL-67,38.0446100000,-78.5056900000,255,
TL-67,38.0446900000,-78.5059000000,256,
TL-67,38.0447600000,-78.5060600000,257,
TL-67,38.0448700000,-78.5063100000,258,
TL-67,38.0450800000,-78.5067900000,259,
TL-67,38.0451500000,-78.5069400000,260,
TL-67,38.0452900000,-78.5072500000,261,
TL-67,38.0453683823,-78.5074647521,262,
TL-67,38.0455100000,-78.5077600000,263,
TL-67,38.0455500334,-78.5078502331,264,
TL-67,38.0455500000,-78.5078500000,265,
TL-67,38.0456000000,-78.5079600000,266,
TL-67,38.0456900000,-78.5081600000,267,
TL-67,38.0457800000,-78.5083600000,268,
TL-67,38.0458400000,-78.5084800000,269,
TL-67,38.0459500000,-78.5087400000,270,
TL-67,38.0460200000,-78.5089100000,271,
TL-67,38.0461000000,-78.5091100000,272,
TL-67,38.0462000000,-78.5093200000,273,
TL-67,38.0462600000,-78.5094500000,274,
TL-67,38.0462900000,-78.5095200000,275,
TL-67,38.0463800000,-78.5097100000,276,
TL-67,38.0465100000,-78.5100000000,277,
TL-67,38.0466800000,-78.5104000000,278,
TL-67,38.0468500000,-78.5107600000,279,
TL-67,38.0468500000,-78.5107800000,280,
TL-67,38.0470500000,-78.5111400000,281,
TL-67,38.0472000000,-78.5113700000,282,
TL-67,38.0472500000,-78.5114500000,283,
TL-67,38.0474100000,-78.5116600000,284,
TL-67,38.0474800000,-78.5117300000,285,
TL-67,38.0475300000,-78.5117800000,286,
TL-67,38.0475800000,-78.5118300000,287,
TL-67,38.0476300000,-78.5118700000,288,
TL-67,38.0476800000,-78.5119100000,289,
TL-67,38.0477400000,-78.5119400000,290,
TL-67,38.0478000000,-78.5119900000,291,
TL-67,38.0478500000,-78.5120100000,292,
TL-67,38.0479057755,-78.5120593877,293,
TL-67,38.0479800000,-78.5120800000,294,
TL-67,38.0480600000,-78.5121000000,295,
TL-67,38.0481200000,-78.5121200000,296,
TL-67,38.0481300000,-78.5121200000,297,
TL-67,38.0481300000,-78.5121200000,298,
TL-67,38.0482400000,-78.5121400000,299,
TL-67,38.0483100000,-78.5121300000,300,
TL-67,38.0486200000,-78.5121100000,301,
TL-67,38.0487600000,-78.5121000000,302,
TL-67,38.0488300000,-78.5121100000,303,
TL-67,38.0488900000,-78.5121100000,304,
TL-67,38.0489300000,-78.5121200000,305,
TL-67,38.0489800000,-78.5121300000,306,
TL-67,38.0490200000,-78.5121400000,307,
TL-67,38.0490300000,-78.5121500000,308,
TL-67,38.0490700000,-78.5121600000,309,
TL-67,38.0491500000,-78.5122100000,310,
TL-67,38.0492000000,-78.5122400000,311,
TL-67,38.0492100000,-78.5122400000,312,
TL-67,38.0492400000,-78.5122700000,313,
TL-67,38.0493000000,-78.5123200000,314,
TL-67,38.0494200000,-78.5124100000,315,
TL-67,38.0495000000,-78.5124800000,316,
TL-67,38.0496400000,-78.5126100000,317,
TL-67,38.0496900000,-78.5126500000,318,
TL-67,38.0497500000,-78.5127100000,319,
TL-67,38.0498100000,-78.5127900000,320,
TL-67,38.0498400000,-78.5128300000,321,
TL-67,38.0499300000,-78.5129300000,322,
TL-67,38.0499800000,-78.5130000000,323,
TL-67,38.0499800000,-78.5130000000,324,
TL-67,38.0500600000,-78.5129500000,325,
TL-67,38.0501200000,-78.5129100000,326,
TL-67,38.0503000000,-78.5128000000,327,
TL-67,38.0503300000,-78.5127900000,328,
TL-67,38.0504500000,-78.5127100000,329,
TL-67,38.0505436635,-78.5126292711,330,
TL-67,38.0506600000,-78.5125600000,331,
TL-67,38.0506600000,-78.5125600000,332,
TL-67,38.0507200000,-78.5125200000,333,
TL-67,38.0508400000,-78.5124300000,334,
TL-67,38.0509200000,-78.5123800000,335,
TL-67,38.0510800000,-78.5122800000,336,
TL-67,38.0511400000,-78.5122500000,337,
TL-67,38.0512500000,-78.5121900000,338,
TL-67,38.0512600000,-78.5121800000,339,
TL-67,38.0513400000,-78.5121300000,340,
TL-67,38.0513900000,-78.5120900000,341,
TL-67,38.0515600000,-78.5119700000,342,
TL-67,38.0516400000,-78.5118700000,343,
TL-67,38.0517000000,-78.5117500000,344,
TL-67,38.0517700000,-78.5115900000,345,
TL-67,38.0518100000,-78.5114700000,346,
TL-67,38.0518200000,-78.5114300000,347,
TL-67,38.0518600000,-78.5112700000,348,
TL-67,38.0518800000,-78.5111400000,349,
TL-67,38.0518900000,-78.5110000000,350,
TL-67,38.0519200000,-78.5106600000,351,
TL-67,38.0519300000,-78.5105500000,352,
TL-67,38.0519194394,-78.5104426822,353,
TL-67,38.0519300000,-78.5102100000,354,
TL-67,38.0519400000,-78.5098000000,355,
TL-67,38.0494200000,-78.5062800000,356,
TL-67,38.0493000000,-78.5061000000,357,
TL-67,38.0492600000,-78.5060400000,358,
TL-67,38.0491300000,-78.5058700000,359,
TL-67,38.0490800000,-78.5057900000,360,
TL-67,38.0488600000,-78.5054800000,361,
TL-67,38.0488600000,-78.5054800000,362,
TL-67,38.0489200000,-78.5053800000,363,
TL-67,38.0489800000,-78.5053200000,364,
TL-67,38.0490300000,-78.5052800000,365,
TL-67,38.0490600000,-78.5052500000,366,
TL-67,38.0491700000,-78.5051500000,367,
TL-67,38.0492800000,-78.5050300000,368,
TL-67,38.0493900000,-78.5049200000,369,
TL-67,38.0494500000,-78.5048600000,370,
TL-67,38.0494700000,-78.5048500000,371,
TL-67,38.0494800000,-78.5048200000,372,
TL-67,38.0495000000,-78.5047600000,373,
TL-67,38.0494800000,-78.5046400000,374,
TL-67,38.0494800000,-78.5046400000,375,
TL-67,38.0493900000,-78.5045000000,376,
TL-67,38.0492900000,-78.5043600000,377,
TL-67,38.0492900000,-78.5043500000,378,
TL-67,38.0492100000,-78.5042400000,379,
TL-67,38.0491300000,-78.5041200000,380,
TL-67,38.0491300000,-78.5041200000,381,
TL-67,38.0490531024,-78.5042007288,382,
TL-67,38.0489600000,-78.5043000000,383,
TL-67,38.0489200000,-78.5043500000,384,
TL-67,38.0487400000,-78.5045300000,385,
TL-67,38.0487000000,-78.5045800000,386,
TL-67,38.0486500000,-78.5046200000,387,
TL-67,38.0486000000,-78.5046700000,388,
TL-67,38.0484500000,-78.5048100000,389,
TL-67,38.0484500000,-78.5048100000,390,
TL-67,38.0485700000,-78.5050000000,391,
TL-67,38.0485900000,-78.5050400000,392,
TL-67,38.0486000000,-78.5050600000,393,
TL-67,38.0487369306,-78.5052721282,394,
TL-67,38.0487368646,-78.5052719533,395,
TL-67,38.0488600000,-78.5054800000,396,
TL-67,38.0490800000,-78.5057900000,397,
TL-67,38.0491300000,-78.5058700000,398,
TL-67,38.0492600000,-78.5060400000,399,
TL-67,38.0493000000,-78.5061000000,400,
TL-67,38.0495400000,-78.5064400000,401,
TL-67,38.0497237948,-78.5067136441,402,
TL-67,38.0499400000,-78.5069800000,403,
TL-67,38.0500700000,-78.5071700000,404,
TL-67,38.0501600000,-78.5072700000,405,
TL-67,38.0504300000,-78.5076500000,406,
TL-67,38.0504500000,-78.5076700000,407,
TL-67,38.0505600000,-78.5078100000,408,
TL-67,38.0506700000,-78.5079600000,409,
TL-67,38.0507700000,-78.5080900000,410,
TL-67,38.0507800000,-78.5081100000,411,
TL-67,38.0507800000,-78.5081100000,412,
TL-67,38.0508200000,-78.5081600000,413,
TL-67,38.0508400000,-78.5081800000,414,
TL-67,38.0508800000,-78.5082400000,415,
TL-67,38.0509100000,-78.5082700000,416,
TL-67,38.0509400000,-78.5083000000,417,
TL-67,38.0509900000,-78.5083300000,418,
TL-67,38.0511122427,-78.5084329153,419,
TL-67,38.0512000000,-78.5084700000,420,
TL-67,38.0512500000,-78.5085100000,421,
TL-67,38.0512600000,-78.5085200000,422,
TL-67,38.0513100000,-78.5085600000,423,
TL-67,38.0513600000,-78.5086200000,424,
TL-67,38.0513900000,-78.5086600000,425,
TL-67,38.0514000000,-78.5086700000,426,
TL-67,38.0514400000,-78.5087300000,427,
TL-67,38.0515000000,-78.5088200000,428,
TL-67,38.0515400000,-78.5089100000,429,
TL-67,38.0516700000,-78.5091600000,430,
TL-67,38.0517000000,-78.5092000000,431,
TL-67,38.0517100000,-78.5092200000,432,
TL-67,38.0517300000,-78.5092400000,433,
TL-67,38.0517500000,-78.5092500000,434,
TL-67,38.0517600000,-78.5092700000,435,
TL-67,38.0518000000,-78.5092900000,436,
TL-67,38.0518800000,-78.5093200000,437,
TL-67,38.0519600000,-78.5093400000,438,
TL-67,38.0519600000,-78.5093400000,439,
TL-67,38.0519500000,-78.5094200000,440,
TL-67,38.0519500000,-78.5094700000,441,
TL-67,38.0519400000,-78.5097700000,442,
TL-67,38.0519300000,-78.5102098395,443,
TL-67,38.0519300000,-78.5102100000,444,
TL-67,38.0519131031,-78.5104426822,445,
TL-67,38.0519300000,-78.5105714576,446,
TL-67,38.0519200000,-78.5106600000,447,
TL-67,38.0518900000,-78.5110000000,448,
TL-67,38.0518800000,-78.5111400000,449,
TL-67,38.0518600000,-78.5112700000,450,
TL-67,38.0518200000,-78.5114300000,451,
TL-67,38.0518100000,-78.5114700000,452,
TL-67,38.0517700000,-78.5115900000,453,
TL-67,38.0517000000,-78.5117500000,454,
TL-67,38.0516400000,-78.5118700000,455,
TL-67,38.0515600000,-78.5119700000,456,
TL-67,38.0513900000,-78.5120900000,457,
TL-67,38.0513400000,-78.5121300000,458,
TL-67,38.0512600000,-78.5121800000,459,
TL-67,38.0512500000,-78.5121900000,460,
TL-67,38.0511400000,-78.5122500000,461,
TL-67,38.0510800000,-78.5122800000,462,
TL-67,38.0509200000,-78.5123800000,463,
TL-67,38.0508400000,-78.5124300000,464,
TL-67,38.0507300000,-78.5125100000,465,
TL-67,38.0507300000,-78.5125100000,466,
TL-67,38.0507200000,-78.5125200000,467,
TL-67,38.0506600000,-78.5125600000,468,
TL-67,38.0505436635,-78.5126292711,469,
TL-67,38.0504500000,-78.5127100000,470,
TL-67,38.0503300000,-78.5127900000,471,
TL-67,38.0503000000,-78.5128000000,472,
TL-67,38.0501200000,-78.5129100000,473,
TL-67,38.0500600000,-78.5129500000,474,
TL-67,38.0499800000,-78.5130000000,475,
TL-67,38.0499800000,-78.5130000000,476,
TL-67,38.0499300000,-78.5129300000,477,
TL-67,38.0498400000,-78.5128300000,478,
TL-67,38.0498100000,-78.5127900000,479,
TL-67,38.0497500000,-78.5127100000,480,
TL-67,38.0496900000,-78.5126500000,481,
TL-67,38.0496400000,-78.5126100000,482,
TL-67,38.0495000000,-78.5124800000,483,
TL-67,38.0494200000,-78.5124100000,484,
TL-67,38.0493000000,-78.5123200000,485,
TL-67,38.0492400000,-78.5122700000,486,
TL-67,38.0492100000,-78.5122400000,487,
TL-67,38.0492000000,-78.5122400000,488,
TL-67,38.0491500000,-78.5122100000,489,
TL-67,38.0490700000,-78.5121600000,490,
TL-67,38.0490300000,-78.5121500000,491,
TL-67,38.0490200000,-78.5121400000,492,
TL-67,38.0489800000,-78.5121300000,493,
TL-67,38.0489300000,-78.5121200000,494,
TL-67,38.0488900000,-78.5121100000,495,
TL-67,38.0488300000,-78.5121100000,496,
TL-67,38.0487600000,-78.5121000000,497,
TL-67,38.0486200000,-78.5121100000,498,
TL-67,38.0483100000,-78.5121300000,499,
TL-67,38.0482400000,-78.5121400000,500,
TL-67,38.0481200000,-78.5121200000,501,
TL-67,38.0480600000,-78.5121000000,502,
TL-67,38.0480600000,-78.5121000000,503,
TL-67,38.0479800000,-78.5120800000,504,
TL-67,38.0479068316,-78.5120607288,505,
TL-67,38.0478500000,-78.5120100000,506,
TL-67,38.0478000000,-78.5119900000,507,
TL-67,38.0477400000,-78.5119400000,508,
TL-67,38.0476800000,-78.5119100000,509,
TL-67,38.0476300000,-78.5118700000,510,
TL-67,38.0475800000,-78.5118300000,511,
TL-67,38.0475300000,-78.5117800000,512,
TL-67,38.0474800000,-78.5117300000,513,
TL-67,38.0474100000,-78.5116600000,514,
TL-67,38.0472500000,-78.5114500000,515,
TL-67,38.0472000000,-78.5113700000,516,
TL-67,38.0470500000,-78.5111400000,517,
TL-67,38.0468500000,-78.5107800000,518,
TL-67,38.0468500000,-78.5107600000,519,
TL-67,38.0466800000,-78.5104000000,520,
TL-67,38.0465100000,-78.5100000000,521,
TL-67,38.0463800000,-78.5097100000,522,
TL-67,38.0462900000,-78.5095200000,523,
TL-67,38.0462600000,-78.5094500000,524,
TL-67,38.0462000000,-78.5093200000,525,
TL-67,38.0461000000,-78.5091100000,526,
TL-67,38.0460200000,-78.5089100000,527,
TL-67,38.0459500000,-78.5087400000,528,
TL-67,38.0458900000,-78.5086100000,529,
TL-67,38.0458900000,-78.5086100000,530,
TL-67,38.0458400000,-78.5084800000,531,
TL-67,38.0457800000,-78.5083600000,532,
TL-67,38.0456900000,-78.5081600000,533,
TL-67,38.0456000000,-78.5079600000,534,
TL-67,38.0455500000,-78.5078500000,535,
TL-67,38.0455100000,-78.5077600000,536,
TL-67,38.0453673261,-78.5074660932,537,
TL-67,38.0452900000,-78.5072500000,538,
TL-67,38.0451500000,-78.5069400000,539,
TL-67,38.0450800000,-78.5067900000,540,
TL-67,38.0448700000,-78.5063100000,541,
TL-67,38.0447600000,-78.5060600000,542,
TL-67,38.0446900000,-78.5059000000,543,
TL-67,38.0446100000,-78.5056900000,544,
TL-67,38.0445300000,-78.5054800000,545,
TL-67,38.0444200000,-78.5051900000,546,
TL-67,38.0444200000,-78.5051900000,547,
TL-67,38.0443100000,-78.5052300000,548,
TL-67,38.0441100000,-78.5053000000,549,
TL-67,38.0439800000,-78.5053400000,550,
TL-67,38.0438900000,-78.5053700000,551,
TL-67,38.0436300000,-78.5054300000,552,
TL-67,38.0434500000,-78.5054600000,553,
TL-67,38.0434100000,-78.5054700000,554,
TL-67,38.0433900000,-78.5054700000,555,
TL-67,38.0433700000,-78.5054700000,556,
TL-67,38.0433500000,-78.5054600000,557,
TL-67,38.0432603595,-78.5054601165,558,
TL-67,38.0432600000,-78.5054600000,559,
TL-67,38.0432257752,-78.5054579300,560,
TL-67,38.0430300000,-78.5055300000,561,
TL-67,38.0426600000,-78.5056600000,562,
TL-67,38.0426000000,-78.5056800000,563,
TL-67,38.0423900000,-78.5057600000,564,
TL-67,38.0423400000,-78.5057800000,565,
TL-67,38.0422100000,-78.5058200000,566,
TL-67,38.0418200000,-78.5059700000,567,
TL-67,38.0416700000,-78.5060200000,568,
TL-67,38.0413300000,-78.5061500000,569,
TL-67,38.0411100000,-78.5062400000,570,
TL-67,38.0411100000,-78.5062400000,571,
TL-67,38.0410278875,-78.5062465889,572,
TL-67,38.0407300000,-78.5063800000,573,
TL-67,38.0405200000,-78.5064600000,574,
TL-67,38.0404900000,-78.5064800000,575,
TL-67,38.0404100000,-78.5065100000,576,
TL-67,38.0403200000,-78.5065500000,577,
TL-67,38.0402200000,-78.5065800000,578,
TL-67,38.0400400000,-78.5066300000,579,
TL-67,38.0398400000,-78.5066800000,580,
TL-67,38.0397700000,-78.5066900000,581,
TL-67,38.0394200000,-78.5067800000,582,
TL-67,38.0392800000,-78.5068200000,583,
TL-67,38.0388100000,-78.5070000000,584,
TL-67,38.0385100000,-78.5071100000,585,
TL-67,38.0383060046,-78.5071860932,586,
TL-67,38.0383061078,-78.5071859766,587,
TL-67,38.0381457749,-78.5072239067,588,
TL-67,38.0380400000,-78.5072800000,589,
TL-67,38.0377800000,-78.5073600000,590,
TL-67,38.0375800000,-78.5074300000,591,
TL-67,38.0374800000,-78.5074600000,592,
TL-67,38.0372400000,-78.5075500000,593,
TL-67,38.0371800000,-78.5075700000,594,
TL-67,38.0369800000,-78.5076500000,595,
TL-67,38.0367900000,-78.5077200000,596,
TL-67,38.0365300000,-78.5078100000,597,
TL-67,38.0362000000,-78.5079400000,598,
TL-67,38.0360200000,-78.5080100000,599,
TL-67,38.0357900000,-78.5080900000,600,
TL-67,38.0356800000,-78.5081300000,601,
TL-67,38.0354600000,-78.5082200000,602,
TL-67,38.0354600000,-78.5082200000,603,
TL-67,38.0352900000,-78.5082900000,604,
TL-67,38.0352200000,-78.5083200000,605,
TL-67,38.0351000000,-78.5083700000,606,
TL-67,38.0349900000,-78.5084100000,607,
TL-67,38.0349700000,-78.5084200000,608,
TL-67,38.0349200000,-78.5084300000,609,
TL-67,38.0348200000,-78.5084700000,610,
TL-67,38.0347700000,-78.5084900000,611,
TL-67,38.0344700000,-78.5085900000,612,
TL-67,38.0341500000,-78.5087000000,613,
TL-67,38.0341500000,-78.5087000000,614,
TL-67,38.0341200000,-78.5087900000,615,
TL-67,38.0340900000,-78.5088500000,616,
TL-67,38.0340600000,-78.5089000000,617,
TL-67,38.0340300000,-78.5089600000,618,
TL-67,38.0339900000,-78.5090500000,619,
TL-67,38.0339600000,-78.5090900000,620,
TL-67,38.0339600000,-78.5091100000,621,
TL-67,38.0339200000,-78.5091900000,622,
TL-67,38.0338700000,-78.5093500000,623,
TL-67,38.0338500000,-78.5094000000,624,
TL-67,38.0338300000,-78.5094300000,625,
TL-67,38.0338100000,-78.5094600000,626,
TL-67,38.0337400000,-78.5095500000,627,
TL-67,38.0337400000,-78.5095500000,628,
TL-67,38.0337600000,-78.5099900000,629,
TL-67,38.0337700000,-78.5100500000,630,
TL-67,38.0337800000,-78.5101500000,631,
TL-67,38.0337900000,-78.5102200000,632,
TL-67,38.0339800000,-78.5108300000,633,
TL-67,38.0340800000,-78.5110400000,634,
TL-67,38.0342200000,-78.5114600000,635,
TL-67,38.0343000000,-78.5117100000,636,
TL-67,38.0343558446,-78.5118748687,637,
TL-67,38.0343557747,-78.5118748542,638,
TL-67,38.0344000000,-78.5120200000,639,
TL-67,38.0345300000,-78.5124000000,640,
TL-67,38.0346400000,-78.5127000000,641,
TL-67,38.0347200000,-78.5128500000,642,
TL-67,38.0348200000,-78.5130900000,643,
TL-67,38.0350400000,-78.5134700000,644,
TL-67,38.0351000000,-78.5135700000,645,
TL-67,38.0351300000,-78.5136500000,646,
TL-67,38.0351500000,-78.5137200000,647,
TL-67,38.0351700000,-78.5137800000,648,
TL-67,38.0351800000,-78.5138300000,649,
TL-67,38.0351900000,-78.5138700000,650,
TL-67,38.0352000000,-78.5139700000,651,
TL-67,38.0352000000,-78.5141000000,652,
TL-67,38.0352000000,-78.5141000000,653,
TL-67,38.0350500000,-78.5141200000,654,
TL-67,38.0347000000,-78.5141500000,655,
TL-67,38.0344800000,-78.5141600000,656,
TL-67,38.0340000000,-78.5141900000,657,
TL-67,38.0339400000,-78.5141900000,658,
TL-67,38.0339400000,-78.5141900000,659,
TL-67,38.0338500000,-78.5141900000,660,
TL-67,38.0337200000,-78.5142100000,661,
TL-67,38.0336400000,-78.5142200000,662,
TL-67,38.0335600000,-78.5142300000,663,
TL-67,38.0334300000,-78.5142600000,664,
TL-67,38.0333500000,-78.5142700000,665,
TL-67,38.0332600000,-78.5143000000,666,
TL-67,38.0332200000,-78.5143100000,667,
TL-67,38.0331200000,-78.5143400000,668,
TL-67,38.0329800000,-78.5143900000,669,
TL-67,38.0328600000,-78.5144500000,670,
TL-67,38.0327600000,-78.5144900000,671,
TL-67,38.0325700000,-78.5145900000,672,
TL-67,38.0325200000,-78.5146100000,673,
TL-67,38.0324100000,-78.5146700000,674,
TL-67,38.0323200000,-78.5147200000,675,
TL-67,38.0321900000,-78.5148000000,676,
TL-67,38.0321100000,-78.5148400000,677,
TL-67,38.0320100000,-78.5149000000,678,
TL-67,38.0318200000,-78.5150000000,679,
TL-67,38.0312400000,-78.5153000000,680,
TL-67,38.0308500000,-78.5155100000,681,
TL-67,38.0305200000,-78.5156900000,682,
TL-67,38.0303500000,-78.5157800000,683,
TL-67,38.0302900000,-78.5158100000,684,
TL-67,38.0301500000,-78.5159000000,685,
TL-67,38.0300700000,-78.5159400000,686,
TL-67,38.0299400000,-78.5160200000,687,
TL-67,38.0298400000,-78.5160700000,688,
TL-67,38.0297000000,-78.5161400000,689,
TL-67,38.0294500000,-78.5162600000,690,
TL-67,38.0293100000,-78.5163400000,691,
TL-67,38.0292900000,-78.5163500000,692,
TL-67,38.0292900000,-78.5163500000,693,
TL-67,38.0292500000,-78.5163700000,694,
TL-67,38.0291600000,-78.5164100000,695,
TL-67,38.0290700000,-78.5164400000,696,
TL-67,38.0289900000,-78.5164700000,697,
TL-67,38.0289388722,-78.5164753644,698,
TL-67,38.0288900000,-78.5164900000,699,
TL-67,38.0288400000,-78.5165000000,700,
TL-67,38.0288100000,-78.5165000000,701,
TL-67,38.0287500000,-78.5165000000,702,
TL-67,38.0286300000,-78.5165000000,703,
TL-67,38.0286300000,-78.5165000000,704,
TL-67,38.0286200000,-78.5166300000,705,
TL-67,38.0286000000,-78.5167100000,706,
TL-67,38.0286000000,-78.5167300000,707,
TL-67,38.0285900000,-78.5168000000,708,
TL-67,38.0285800000,-78.5169100000,709,
TL-67,38.0285800000,-78.5169600000,710,
TL-67,38.0285700000,-78.5170400000,711,
TL-67,38.0285700000,-78.5172800000,712,
TL-67,38.0285800000,-78.5175900000,713,
TL-67,38.0285700000,-78.5181900000,714,
TL-67,38.0285600000,-78.5182700000,715,
TL-67,38.0285600000,-78.5182700000,716,
TL-67,38.0285200000,-78.5186500000,717,
TL-67,38.0284900000,-78.5188800000,718,
TL-67,38.0284800000,-78.5189900000,719,
TL-67,38.0284700000,-78.5190500000,720,
TL-67,38.0284600000,-78.5191700000,721,
TL-67,38.0284600000,-78.5193200000,722,
TL-67,38.0284500000,-78.5193900000,723,
TL-67,38.0284500000,-78.5196709914,724,
TL-67,38.0284600000,-78.5199800000,725,
TL-67,38.0284600000,-78.5202600000,726,
TL-67,38.0284600000,-78.5202600000,727,
TL-67,38.0285600000,-78.5202600000,728,
TL-67,38.0286000000,-78.5202500000,729,
TL-67,38.0286200000,-78.5202400000,730,
TL-67,38.0286500000,-78.5202400000,731,
TL-67,38.0286800000,-78.5202200000,732,
TL-67,38.0287000000,-78.5202000000,733,
TL-67,38.0287700000,-78.5201300000,734,
TL-67,38.0288200000,-78.5200700000,735,
TL-67,38.0288500000,-78.5200200000,736,
TL-67,38.0288800000,-78.5199200000,737,
TL-67,38.0289100000,-78.5198100000,738,
TL-67,38.0289300000,-78.5197000000,739,
TL-67,38.0289600000,-78.5194900000,740,
TL-67,38.0289800000,-78.5194600000,741,
TL-67,38.0290200000,-78.5193900000,742,
TL-67,38.0290700000,-78.5193300000,743,
TL-67,38.0290800000,-78.5193200000,744,
TL-67,38.0291300000,-78.5192800000,745,
TL-67,38.0291800000,-78.5192600000,746,
TL-67,38.0292000000,-78.5192600000,747,
TL-67,38.0292200000,-78.5192600000,748,
TL-67,38.0292400000,-78.5192600000,749,
TL-67,38.0292800000,-78.5192800000,750,
TL-67,38.0293000000,-78.5193000000,751,
TL-67,38.0293200000,-78.5193300000,752,
TL-67,38.0293600000,-78.5194000000,753,
TL-67,38.0293800000,-78.5194500000,754,
TL-67,38.0294303353,-78.5195698978,755,
TL-66,38.0294300000,-78.5195700000,1,
TL-66,38.0294600000,-78.5196800000,2,
TL-66,38.0294800000,-78.5197600000,3,
TL-66,38.0294900000,-78.5198300000,4,
TL-66,38.0295000000,-78.5199200000,5,
TL-66,38.0295000000,-78.5199900000,6,
TL-66,38.0295100000,-78.5200700000,7,
TL-66,38.0295100000,-78.5202100000,8,
TL-66,38.0295100000,-78.5203200000,9,
TL-66,38.0295100000,-78.5203700000,10,
TL-66,38.0295200000,-78.5204400000,11,
TL-66,38.0295400000,-78.5205100000,12,
TL-66,38.0295500000,-78.5205600000,13,
TL-66,38.0295600000,-78.5205800000,14,
TL-66,38.0295800000,-78.5206200000,15,
TL-66,38.0295900000,-78.5206400000,16,
TL-66,38.0296100000,-78.5206700000,17,
TL-66,38.0296400000,-78.5207000000,18,
TL-66,38.0296800000,-78.5207400000,19,
TL-66,38.0297200000,-78.5207700000,20,
TL-66,38.0297300000,-78.5207700000,21,
TL-66,38.0297400000,-78.5207800000,22,
TL-66,38.0297700000,-78.5207900000,23,
TL-66,38.0298200000,-78.5208100000,24,
TL-66,38.0298600000,-78.5208200000,25,
TL-66,38.0299100000,-78.5208300000,26,
TL-66,38.0299200000,-78.5208300000,27,
TL-66,38.0299900000,-78.5208400000,28,
TL-66,38.0300500000,-78.5208500000,29,
TL-66,38.0300900000,-78.5208500000,30,
TL-66,38.0301000000,-78.5208500000,31,
TL-66,38.0301300000,-78.5208500000,32,
TL-66,38.0301400000,-78.5208500000,33,
TL-66,38.0301900000,-78.5208400000,34,
TL-66,38.0302400000,-78.5208400000,35,
TL-66,38.0302700000,-78.5208300000,36,
TL-66,38.0302900000,-78.5208200000,37,
TL-66,38.0303100000,-78.5208100000,38,
TL-66,38.0303300000,-78.5208000000,39,
TL-66,38.0303600000,-78.5207700000,40,
TL-66,38.0303900000,-78.5207400000,41,
TL-66,38.0304100000,-78.5207200000,42,
TL-66,38.0304200000,-78.5207100000,43,
TL-66,38.0304300000,-78.5206900000,44,
TL-66,38.0304500000,-78.5206700000,45,
TL-66,38.0304600000,-78.5206600000,46,
TL-66,38.0304800000,-78.5206200000,47,
TL-66,38.0305100000,-78.5205600000,48,
TL-66,38.0305200000,-78.5205300000,49,
TL-66,38.0305300000,-78.5205000000,50,
TL-66,38.0305300000,-78.5204700000,51,
TL-66,38.0305400000,-78.5204400000,52,
TL-66,38.0305500000,-78.5203700000,53,
TL-66,38.0305500000,-78.5203100000,54,
TL-66,38.0305500000,-78.5202500000,55,
TL-66,38.0305400000,-78.5200900000,56,
TL-66,38.0305200000,-78.5199100000,57,
TL-66,38.0305200000,-78.5198300000,58,
TL-66,38.0305200000,-78.5197800000,59,
TL-66,38.0305200000,-78.5197400000,60,
TL-66,38.0305200000,-78.5196800000,61,
TL-66,38.0305300000,-78.5195900000,62,
TL-66,38.0305300000,-78.5195900000,63,
TL-66,38.0305300000,-78.5195300000,64,
TL-66,38.0305400000,-78.5194400000,65,
TL-66,38.0305600000,-78.5193200000,66,
TL-66,38.0305800000,-78.5192500000,67,
TL-66,38.0305900000,-78.5192400000,68,
TL-66,38.0306100000,-78.5191500000,69,
TL-66,38.0306700000,-78.5190300000,70,
TL-66,38.0307000000,-78.5189600000,71,
TL-66,38.0307800000,-78.5188700000,72,
TL-66,38.0308300000,-78.5188000000,73,
TL-66,38.0309000000,-78.5187400000,74,
TL-66,38.0309700000,-78.5186600000,75,
TL-66,38.0310100000,-78.5186300000,76,
TL-66,38.0311200000,-78.5185300000,77,
TL-66,38.0312400000,-78.5184500000,78,
TL-66,38.0313300000,-78.5183900000,79,
TL-66,38.0313900000,-78.5183500000,80,
TL-66,38.0314300000,-78.5183100000,81,
TL-66,38.0315600000,-78.5182400000,82,
TL-66,38.0316400000,-78.5182000000,83,
TL-66,38.0316600000,-78.5181900000,84,
TL-66,38.0317400000,-78.5181500000,85,
TL-66,38.0318300000,-78.5181100000,86,
TL-66,38.0319000000,-78.5180800000,87,
TL-66,38.0319600000,-78.5180500000,88,
TL-66,38.0319600000,-78.5180500000,89,
TL-66,38.0320000000,-78.5180300000,90,
TL-66,38.0321700000,-78.5179400000,91,
TL-66,38.0322400000,-78.5179100000,92,
TL-66,38.0323400000,-78.5178600000,93,
TL-66,38.0324200000,-78.5178200000,94,
TL-66,38.0325000000,-78.5177900000,95,
TL-66,38.0325100000,-78.5177900000,96,
TL-66,38.0325500000,-78.5177800000,97,
TL-66,38.0325900000,-78.5177700000,98,
TL-66,38.0326300000,-78.5177700000,99,
TL-66,38.0326700000,-78.5177700000,100,
TL-66,38.0326900000,-78.5177700000,101,
TL-66,38.0327200000,-78.5177800000,102,
TL-66,38.0327600000,-78.5177900000,103,
TL-66,38.0328100000,-78.5178100000,104,
TL-66,38.0328600000,-78.5178300000,105,
TL-66,38.0328800000,-78.5178400000,106,
TL-66,38.0330200000,-78.5179200000,107,
TL-66,38.0330900000,-78.5179600000,108,
TL-66,38.0331000000,-78.5179600000,109,
TL-66,38.0331500000,-78.5179900000,110,
TL-66,38.0332000000,-78.5180000000,111,
TL-66,38.0332600000,-78.5180100000,112,
TL-66,38.0332700000,-78.5180100000,113,
TL-66,38.0333100000,-78.5180100000,114,
TL-66,38.0333600000,-78.5180000000,115,
TL-66,38.0334100000,-78.5180000000,116,
TL-66,38.0334600000,-78.5179800000,117,
TL-66,38.0335800000,-78.5179400000,118,
TL-66,38.0336200000,-78.5179300000,119,
TL-66,38.0337900000,-78.5178600000,120,
TL-66,38.0338500000,-78.5178300000,121,
TL-66,38.0338500000,-78.5178300000,122,
TL-66,38.0339400000,-78.5177700000,123,
TL-66,38.0339800000,-78.5177500000,124,
TL-66,38.0341000000,-78.5176800000,125,
TL-66,38.0342700000,-78.5175900000,126,
TL-66,38.0342900000,-78.5175700000,127,
TL-66,38.0346000000,-78.5173700000,128,
TL-66,38.0347400000,-78.5172500000,129,
TL-66,38.0348100000,-78.5171700000,130,
TL-66,38.0348800000,-78.5170800000,131,
TL-66,38.0349500000,-78.5169600000,132,
TL-66,38.0350200000,-78.5168400000,133,
TL-66,38.0350300000,-78.5167700000,134,
TL-66,38.0350300000,-78.5166900000,135,
TL-66,38.0350500000,-78.5164700000,136,
TL-66,38.0350600000,-78.5162900000,137,
TL-66,38.0350700000,-78.5161000000,138,
TL-66,38.0350700000,-78.5160700000,139,
TL-66,38.0350800000,-78.5159400000,140,
TL-66,38.0351100000,-78.5156500000,141,
TL-66,38.0351400000,-78.5152700000,142,
TL-66,38.0351800000,-78.5147000000,143,
TL-66,38.0351900000,-78.5145000000,144,
TL-66,38.0352000000,-78.5144400000,145,
TL-66,38.0352100000,-78.5142700000,146,
TL-66,38.0352100000,-78.5142500000,147,
TL-66,38.0352100000,-78.5141800000,148,
TL-66,38.0352000000,-78.5141000000,149,
TL-66,38.0352000000,-78.5139700000,150,
TL-66,38.0351900000,-78.5138700000,151,
TL-66,38.0351800000,-78.5138300000,152,
TL-66,38.0351700000,-78.5137800000,153,
TL-66,38.0351500000,-78.5137200000,154,
TL-66,38.0351300000,-78.5136500000,155,
TL-66,38.0351000000,-78.5135700000,156,
TL-66,38.0350400000,-78.5134700000,157,
TL-66,38.0348200000,-78.5130900000,158,
TL-66,38.0347200000,-78.5128500000,159,
TL-66,38.0346400000,-78.5127000000,160,
TL-66,38.0345300000,-78.5124000000,161,
TL-66,38.0344000000,-78.5120200000,162,
TL-66,38.0343420427,-78.5119026822,163,
TL-66,38.0343000000,-78.5117100000,164,
TL-66,38.0342990135,-78.5117097374,165,
TL-66,38.0342200000,-78.5114600000,166,
TL-66,38.0340800000,-78.5110400000,167,
TL-66,38.0339800000,-78.5108300000,168,
TL-66,38.0337900000,-78.5102200000,169,
TL-66,38.0337800000,-78.5101500000,170,
TL-66,38.0337700000,-78.5100500000,171,
TL-66,38.0337600000,-78.5099900000,172,
TL-66,38.0337400000,-78.5095500000,173,
TL-66,38.0337400000,-78.5094500000,174,
TL-66,38.0337300000,-78.5093400000,175,
TL-66,38.0337200000,-78.5091100000,176,
TL-66,38.0337200000,-78.5090100000,177,
TL-66,38.0337200000,-78.5090000000,178,
TL-66,38.0337100000,-78.5088500000,179,
TL-66,38.0337100000,-78.5087700000,180,
TL-66,38.0337000000,-78.5086900000,181,
TL-66,38.0336900000,-78.5085100000,182,
TL-66,38.0336900000,-78.5083000000,183,
TL-66,38.0336900000,-78.5082800000,184,
TL-66,38.0336800000,-78.5077700000,185,
TL-66,38.0336900000,-78.5076600000,186,
TL-66,38.0337100000,-78.5075700000,187,
TL-66,38.0337300000,-78.5074900000,188,
TL-66,38.0338300000,-78.5072700000,189,
TL-66,38.0339200000,-78.5070600000,190,
TL-66,38.0340000000,-78.5068700000,191,
TL-66,38.0340800000,-78.5067000000,192,
TL-66,38.0341600000,-78.5065200000,193,
TL-66,38.0342300000,-78.5063500000,194,
TL-66,38.0342800000,-78.5062200000,195,
TL-66,38.0343300000,-78.5061200000,196,
TL-66,38.0343400000,-78.5060800000,197,
TL-66,38.0343400000,-78.5060800000,198,
TL-66,38.0343700000,-78.5060100000,199,
TL-66,38.0344500000,-78.5058900000,200,
TL-66,38.0345100000,-78.5058200000,201,
TL-66,38.0348200000,-78.5056400000,202,
TL-66,38.0349500000,-78.5055600000,203,
TL-66,38.0350600000,-78.5055000000,204,
TL-66,38.0351400000,-78.5054600000,205,
TL-66,38.0351900000,-78.5054300000,206,
TL-66,38.0352000000,-78.5054200000,207,
TL-66,38.0352400000,-78.5054000000,208,
TL-66,38.0355300000,-78.5052400000,209,
TL-66,38.0355800000,-78.5052000000,210,
TL-66,38.0356300000,-78.5051600000,211,
TL-66,38.0357000000,-78.5051000000,212,
TL-66,38.0357900000,-78.5050300000,213,
TL-66,38.0359000000,-78.5049500000,214,
TL-66,38.0360400000,-78.5048600000,215,
TL-66,38.0361200000,-78.5048100000,216,
TL-66,38.0362000000,-78.5047600000,217,
TL-66,38.0362700000,-78.5047200000,218,
TL-66,38.0362700000,-78.5047200000,219,
TL-66,38.0364000000,-78.5046400000,220,
TL-66,38.0364800000,-78.5045900000,221,
TL-66,38.0365300000,-78.5045600000,222,
TL-66,38.0365500000,-78.5045600000,223,
TL-66,38.0365700000,-78.5045500000,224,
TL-66,38.0366000000,-78.5045500000,225,
TL-66,38.0366400000,-78.5045600000,226,
TL-66,38.0366400000,-78.5045600000,227,
TL-66,38.0366700000,-78.5044900000,228,
TL-66,38.0367000000,-78.5044400000,229,
TL-66,38.0367300000,-78.5043900000,230,
TL-66,38.0367500000,-78.5043500000,231,
TL-66,38.0367600000,-78.5043200000,232,
TL-66,38.0367700000,-78.5042700000,233,
TL-66,38.0367800000,-78.5042200000,234,
TL-66,38.0367900000,-78.5041000000,235,
TL-66,38.0367800000,-78.5039000000,236,
TL-66,38.0367800000,-78.5037800000,237,
TL-66,38.0367900000,-78.5037200000,238,
TL-66,38.0367900000,-78.5037000000,239,
TL-66,38.0368000000,-78.5036800000,240,
TL-66,38.0368100000,-78.5036700000,241,
TL-66,38.0368100000,-78.5036600000,242,
TL-66,38.0368400000,-78.5036400000,243,
TL-66,38.0368400000,-78.5036400000,244,
TL-66,38.0367600000,-78.5034600000,245,
TL-66,38.0367600000,-78.5034600000,246,
TL-66,38.0368700000,-78.5033900000,247,
TL-66,38.0371000000,-78.5032500000,248,
TL-66,38.0372200000,-78.5031800000,249,
TL-66,38.0375700000,-78.5029700000,250,
TL-66,38.0377300000,-78.5028700000,251,
TL-66,38.0381600000,-78.5026100000,252,
TL-66,38.0382200000,-78.5025700000,253,
TL-66,38.0384900000,-78.5024100000,254,
TL-66,38.0385400000,-78.5023800000,255,
TL-66,38.0386100000,-78.5023400000,256,
TL-66,38.0388000000,-78.5022400000,257,
TL-66,38.0391400000,-78.5020600000,258,
TL-66,38.0394400000,-78.5018800000,259,
TL-66,38.0395600000,-78.5018100000,260,
TL-66,38.0396600000,-78.5017500000,261,
TL-66,38.0396900000,-78.5017300000,262,
TL-66,38.0397200000,-78.5017100000,263,
TL-66,38.0399400000,-78.5015700000,264,
TL-66,38.0400600000,-78.5014900000,265,
TL-66,38.0401600000,-78.5014200000,266,
TL-66,38.0402800000,-78.5013300000,267,
TL-66,38.0402800000,-78.5013300000,268,
TL-66,38.0404100000,-78.5012500000,269,
TL-66,38.0407200000,-78.5010600000,270,
TL-66,38.0408000000,-78.5010100000,271,
TL-66,38.0410900000,-78.5008400000,272,
TL-66,38.0412600000,-78.5007400000,273,
TL-66,38.0417500000,-78.5004500000,274,
TL-66,38.0417500000,-78.5004500000,275,
TL-66,38.0416900000,-78.5003800000,276,
TL-66,38.0416400000,-78.5002900000,277,
TL-66,38.0416400000,-78.5002700000,278,
TL-66,38.0415100000,-78.4999800000,279,
TL-66,38.0413400000,-78.4994900000,280,
TL-66,38.0413000000,-78.4993800000,281,
TL-66,38.0411500000,-78.4989600000,282,
TL-66,38.0410600000,-78.4987300000,283,
TL-66,38.0409300000,-78.4983800000,284,
TL-66,38.0408800000,-78.4982500000,285,
TL-66,38.0408600000,-78.4981800000,286,
TL-66,38.0408600000,-78.4981800000,287,
TL-66,38.0408100000,-78.4980400000,288,
TL-66,38.0407300000,-78.4978400000,289,
TL-66,38.0406800000,-78.4977000000,290,
TL-66,38.0406500000,-78.4976200000,291,
TL-66,38.0406400000,-78.4976100000,292,
TL-66,38.0405700000,-78.4974000000,293,
TL-66,38.0405000000,-78.4971900000,294,
TL-66,38.0404200000,-78.4969800000,295,
TL-66,38.0403700000,-78.4968300000,296,
TL-66,38.0403300000,-78.4967300000,297,
TL-66,38.0403000000,-78.4966200000,298,
TL-66,38.0401500000,-78.4962100000,299,
TL-66,38.0401500000,-78.4962100000,300,
TL-66,38.0404400000,-78.4960500000,301,
TL-66,38.0404400000,-78.4960500000,302,
TL-66,38.0404800000,-78.4960300000,303,
TL-66,38.0406000000,-78.4959600000,304,
TL-66,38.0407000000,-78.4959000000,305,
TL-66,38.0407700000,-78.4958500000,306,
TL-66,38.0407800000,-78.4958500000,307,
TL-66,38.0409200000,-78.4957200000,308,
TL-66,38.0409200000,-78.4957200000,309,
TL-66,38.0409900000,-78.4956500000,310,
TL-66,38.0410500000,-78.4955800000,311,
TL-66,38.0411000000,-78.4955000000,312,
TL-66,38.0411400000,-78.4954400000,313,
TL-66,38.0412000000,-78.4953200000,314,
TL-66,38.0413000000,-78.4951400000,315,
TL-66,38.0414000000,-78.4949700000,316,
TL-66,38.0414200000,-78.4949500000,317,
TL-66,38.0415000000,-78.4948100000,318,
TL-66,38.0415200000,-78.4947600000,319,
TL-66,38.0416100000,-78.4946200000,320,
TL-66,38.0417100000,-78.4944500000,321,
TL-66,38.0417300000,-78.4943900000,322,
TL-66,38.0418200000,-78.4940700000,323,
TL-66,38.0418400000,-78.4938200000,324,
TL-66,38.0418400000,-78.4937500000,325,
TL-66,38.0418300000,-78.4935200000,326,
TL-66,38.0418100000,-78.4931800000,327,
TL-66,38.0418100000,-78.4931800000,328,
TL-66,38.0418000000,-78.4929100000,329,
TL-66,38.0418000000,-78.4928400000,330,
TL-66,38.0418000000,-78.4928100000,331,
TL-66,38.0417900000,-78.4921800000,332,
TL-66,38.0417900000,-78.4921800000,333,
TL-66,38.0417600000,-78.4921800000,334,
TL-66,38.0415100000,-78.4921600000,335,
TL-66,38.0414300000,-78.4921700000,336,
TL-66,38.0412500000,-78.4921700000,337,
TL-66,38.0412300000,-78.4921700000,338,
TL-66,38.0409600000,-78.4921800000,339,
TL-66,38.0407800000,-78.4921800000,340,
TL-66,38.0406500000,-78.4921700000,341,
TL-66,38.0406200000,-78.4921600000,342,
TL-66,38.0405700000,-78.4921600000,343,
TL-66,38.0404900000,-78.4921400000,344,
TL-66,38.0404000000,-78.4921200000,345,
TL-66,38.0403300000,-78.4920900000,346,
TL-66,38.0402800000,-78.4920700000,347,
TL-66,38.0402600000,-78.4920600000,348,
TL-66,38.0401100000,-78.4919800000,349,
TL-66,38.0401000000,-78.4919800000,350,
TL-66,38.0400000000,-78.4919200000,351,
TL-66,38.0399300000,-78.4918800000,352,
TL-66,38.0397800000,-78.4917800000,353,
TL-66,38.0397000000,-78.4917000000,354,
TL-66,38.0396000000,-78.4916100000,355,
TL-66,38.0396000000,-78.4916100000,356,
TL-66,38.0395200000,-78.4915300000,357,
TL-66,38.0394600000,-78.4914700000,358,
TL-66,38.0393900000,-78.4914100000,359,
TL-66,38.0393300000,-78.4913700000,360,
TL-66,38.0392700000,-78.4913300000,361,
TL-66,38.0392600000,-78.4913300000,362,
TL-66,38.0391900000,-78.4912900000,363,
TL-66,38.0391000000,-78.4912500000,364,
TL-66,38.0391000000,-78.4912500000,365,
TL-66,38.0390300000,-78.4912800000,366,
TL-66,38.0389800000,-78.4913000000,367,
TL-66,38.0389200000,-78.4913500000,368,
TL-66,38.0388900000,-78.4913700000,369,
TL-66,38.0387700000,-78.4914800000,370,
TL-66,38.0386200000,-78.4916000000,371,
TL-66,38.0386200000,-78.4916000000,372,
TL-66,38.0386400000,-78.4917700000,373,
TL-66,38.0387100000,-78.4920900000,374,
TL-66,38.0386800000,-78.4922000000,375,
TL-66,38.0387600000,-78.4924400000,376,
TL-66,38.0387600000,-78.4924400000,377,
TL-66,38.0388100000,-78.4926100000,378,
TL-66,38.0389800000,-78.4930900000,379,
TL-66,38.0391100000,-78.4934300000,380,
TL-66,38.0392600000,-78.4938300000,381,
TL-66,38.0394400000,-78.4942900000,382,
TL-66,38.0398000000,-78.4952500000,383,
TL-66,38.0398900000,-78.4955100000,384,
TL-66,38.0399900000,-78.4957800000,385,
TL-66,38.0400000000,-78.4957900000,386,
TL-66,38.0401100000,-78.4961200000,387,
TL-66,38.0401100000,-78.4961200000,388,
TL-66,38.0401500000,-78.4962100000,389,
TL-66,38.0403000000,-78.4966200000,390,
TL-66,38.0403300000,-78.4967300000,391,
TL-66,38.0403700000,-78.4968300000,392,
TL-66,38.0404200000,-78.4969800000,393,
TL-66,38.0405000000,-78.4971900000,394,
TL-66,38.0405700000,-78.4974000000,395,
TL-66,38.0406400000,-78.4976100000,396,
TL-66,38.0406500000,-78.4976200000,397,
TL-66,38.0406800000,-78.4977000000,398,
TL-66,38.0407300000,-78.4978400000,399,
TL-66,38.0408100000,-78.4980400000,400,
TL-66,38.0408600000,-78.4981800000,401,
TL-66,38.0408800000,-78.4982500000,402,
TL-66,38.0409300000,-78.4983800000,403,
TL-66,38.0410300000,-78.4986500000,404,
TL-66,38.0410300000,-78.4986500000,405,
TL-66,38.0410600000,-78.4987300000,406,
TL-66,38.0411500000,-78.4989600000,407,
TL-66,38.0413000000,-78.4993800000,408,
TL-66,38.0413400000,-78.4994900000,409,
TL-66,38.0415100000,-78.4999800000,410,
TL-66,38.0416400000,-78.5002700000,411,
TL-66,38.0416400000,-78.5002900000,412,
TL-66,38.0416900000,-78.5003800000,413,
TL-66,38.0417500000,-78.5004500000,414,
TL-66,38.0417500000,-78.5004500000,415,
TL-66,38.0412600000,-78.5007400000,416,
TL-66,38.0410900000,-78.5008400000,417,
TL-66,38.0408000000,-78.5010100000,418,
TL-66,38.0407200000,-78.5010600000,419,
TL-66,38.0404100000,-78.5012500000,420,
TL-66,38.0402800000,-78.5013300000,421,
TL-66,38.0402398634,-78.5013836441,422,
TL-66,38.0402397952,-78.5013839067,423,
TL-66,38.0400600000,-78.5014900000,424,
TL-66,38.0400600000,-78.5014900000,425,
TL-66,38.0399400000,-78.5015700000,426,
TL-66,38.0397200000,-78.5017100000,427,
TL-66,38.0396900000,-78.5017300000,428,
TL-66,38.0396600000,-78.5017500000,429,
TL-66,38.0395600000,-78.5018100000,430,
TL-66,38.0394400000,-78.5018800000,431,
TL-66,38.0391400000,-78.5020600000,432,
TL-66,38.0388000000,-78.5022400000,433,
TL-66,38.0386100000,-78.5023400000,434,
TL-66,38.0385400000,-78.5023800000,435,
TL-66,38.0384900000,-78.5024100000,436,
TL-66,38.0382200000,-78.5025700000,437,
TL-66,38.0381600000,-78.5026100000,438,
TL-66,38.0377300000,-78.5028700000,439,
TL-66,38.0375700000,-78.5029700000,440,
TL-66,38.0372200000,-78.5031800000,441,
TL-66,38.0371000000,-78.5032500000,442,
TL-66,38.0368700000,-78.5033900000,443,
TL-66,38.0367600000,-78.5034600000,444,
TL-66,38.0367600000,-78.5034600000,445,
TL-66,38.0368400000,-78.5036400000,446,
TL-66,38.0368800000,-78.5037500000,447,
TL-66,38.0369100000,-78.5038300000,448,
TL-66,38.0369600000,-78.5039800000,449,
TL-66,38.0370400000,-78.5042200000,450,
TL-66,38.0370600000,-78.5042600000,451,
TL-66,38.0371000000,-78.5043800000,452,
TL-66,38.0371300000,-78.5044700000,453,
TL-66,38.0371400000,-78.5044900000,454,
TL-66,38.0372100000,-78.5046500000,455,
TL-66,38.0372100000,-78.5046500000,456,
TL-66,38.0370600000,-78.5046200000,457,
TL-66,38.0370300000,-78.5046200000,458,
TL-66,38.0370000000,-78.5046100000,459,
TL-66,38.0369200000,-78.5045800000,460,
TL-66,38.0368800000,-78.5045800000,461,
TL-66,38.0367800000,-78.5045600000,462,
TL-66,38.0366400000,-78.5045600000,463,
TL-66,38.0366000000,-78.5045500000,464,
TL-66,38.0365700000,-78.5045500000,465,
TL-66,38.0365500000,-78.5045600000,466,
TL-66,38.0365300000,-78.5045600000,467,
TL-66,38.0364800000,-78.5045900000,468,
TL-66,38.0364000000,-78.5046400000,469,
TL-66,38.0362000000,-78.5047600000,470,
TL-66,38.0361200000,-78.5048100000,471,
TL-66,38.0360400000,-78.5048600000,472,
TL-66,38.0359000000,-78.5049500000,473,
TL-66,38.0357900000,-78.5050300000,474,
TL-66,38.0357000000,-78.5051000000,475,
TL-66,38.0356300000,-78.5051600000,476,
TL-66,38.0355800000,-78.5052000000,477,
TL-66,38.0355300000,-78.5052400000,478,
TL-66,38.0355300000,-78.5052400000,479,
TL-66,38.0352400000,-78.5054000000,480,
TL-66,38.0352000000,-78.5054200000,481,
TL-66,38.0351900000,-78.5054300000,482,
TL-66,38.0351400000,-78.5054600000,483,
TL-66,38.0350600000,-78.5055000000,484,
TL-66,38.0349500000,-78.5055600000,485,
TL-66,38.0348200000,-78.5056400000,486,
TL-66,38.0345100000,-78.5058200000,487,
TL-66,38.0344500000,-78.5058900000,488,
TL-66,38.0343700000,-78.5060100000,489,
TL-66,38.0343300000,-78.5061200000,490,
TL-66,38.0343200000,-78.5061200000,491,
TL-66,38.0343200000,-78.5061200000,492,
TL-66,38.0342800000,-78.5062200000,493,
TL-66,38.0342300000,-78.5063500000,494,
TL-66,38.0341600000,-78.5065200000,495,
TL-66,38.0340800000,-78.5067000000,496,
TL-66,38.0340000000,-78.5068700000,497,
TL-66,38.0339200000,-78.5070600000,498,
TL-66,38.0338300000,-78.5072700000,499,
TL-66,38.0337300000,-78.5074900000,500,
TL-66,38.0337100000,-78.5075700000,501,
TL-66,38.0336900000,-78.5076600000,502,
TL-66,38.0336800000,-78.5077700000,503,
TL-66,38.0336900000,-78.5082800000,504,
TL-66,38.0336900000,-78.5083000000,505,
TL-66,38.0336900000,-78.5085100000,506,
TL-66,38.0337000000,-78.5086900000,507,
TL-66,38.0337100000,-78.5087700000,508,
TL-66,38.0337100000,-78.5088500000,509,
TL-66,38.0337200000,-78.5090000000,510,
TL-66,38.0337200000,-78.5090100000,511,
TL-66,38.0337200000,-78.5091100000,512,
TL-66,38.0337300000,-78.5093400000,513,
TL-66,38.0337400000,-78.5094500000,514,
TL-66,38.0337400000,-78.5095500000,515,
TL-66,38.0337600000,-78.5099900000,516,
TL-66,38.0337700000,-78.5100500000,517,
TL-66,38.0337800000,-78.5101500000,518,
TL-66,38.0337900000,-78.5102200000,519,
TL-66,38.0339800000,-78.5108300000,520,
TL-66,38.0340800000,-78.5110400000,521,
TL-66,38.0342200000,-78.5114600000,522,
TL-66,38.0343000000,-78.5117100000,523,
TL-66,38.0343590135,-78.5119010202,524,
TL-66,38.0343594718,-78.5119006705,525,
TL-66,38.0344000000,-78.5120200000,526,
TL-66,38.0345300000,-78.5124000000,527,
TL-66,38.0346400000,-78.5127000000,528,
TL-66,38.0347200000,-78.5128500000,529,
TL-66,38.0348200000,-78.5130900000,530,
TL-66,38.0350400000,-78.5134700000,531,
TL-66,38.0351000000,-78.5135700000,532,
TL-66,38.0351300000,-78.5136500000,533,
TL-66,38.0351500000,-78.5137200000,534,
TL-66,38.0351700000,-78.5137800000,535,
TL-66,38.0351800000,-78.5138300000,536,
TL-66,38.0351900000,-78.5138700000,537,
TL-66,38.0352000000,-78.5139700000,538,
TL-66,38.0352000000,-78.5141000000,539,
TL-66,38.0352000000,-78.5141000000,540,
TL-66,38.0350500000,-78.5141200000,541,
TL-66,38.0347000000,-78.5141500000,542,
TL-66,38.0344800000,-78.5141600000,543,
TL-66,38.0340000000,-78.5141900000,544,
TL-66,38.0339400000,-78.5141900000,545,
TL-66,38.0339400000,-78.5141900000,546,
TL-66,38.0338500000,-78.5141900000,547,
TL-66,38.0337200000,-78.5142100000,548,
TL-66,38.0336400000,-78.5142200000,549,
TL-66,38.0335600000,-78.5142300000,550,
TL-66,38.0334300000,-78.5142600000,551,
TL-66,38.0333500000,-78.5142700000,552,
TL-66,38.0332600000,-78.5143000000,553,
TL-66,38.0332200000,-78.5143100000,554,
TL-66,38.0331200000,-78.5143400000,555,
TL-66,38.0329800000,-78.5143900000,556,
TL-66,38.0328600000,-78.5144500000,557,
TL-66,38.0327600000,-78.5144900000,558,
TL-66,38.0325700000,-78.5145900000,559,
TL-66,38.0325200000,-78.5146100000,560,
TL-66,38.0324100000,-78.5146700000,561,
TL-66,38.0323200000,-78.5147200000,562,
TL-66,38.0321900000,-78.5148000000,563,
TL-66,38.0321100000,-78.5148400000,564,
TL-66,38.0320100000,-78.5149000000,565,
TL-66,38.0318200000,-78.5150000000,566,
TL-66,38.0312400000,-78.5153000000,567,
TL-66,38.0308500000,-78.5155100000,568,
TL-66,38.0305200000,-78.5156900000,569,
TL-66,38.0303500000,-78.5157800000,570,
TL-66,38.0302900000,-78.5158100000,571,
TL-66,38.0301500000,-78.5159000000,572,
TL-66,38.0300700000,-78.5159400000,573,
TL-66,38.0299400000,-78.5160200000,574,
TL-66,38.0298400000,-78.5160700000,575,
TL-66,38.0297000000,-78.5161400000,576,
TL-66,38.0294500000,-78.5162600000,577,
TL-66,38.0293100000,-78.5163400000,578,
TL-66,38.0292900000,-78.5163500000,579,
TL-66,38.0292900000,-78.5163500000,580,
TL-66,38.0292500000,-78.5163700000,581,
TL-66,38.0291600000,-78.5164100000,582,
TL-66,38.0290700000,-78.5164400000,583,
TL-66,38.0289900000,-78.5164700000,584,
TL-66,38.0289600000,-78.5164700000,585,
TL-66,38.0288900000,-78.5164900000,586,
TL-66,38.0288400000,-78.5165000000,587,
TL-66,38.0288100000,-78.5165000000,588,
TL-66,38.0287500000,-78.5165000000,589,
TL-66,38.0286300000,-78.5165000000,590,
TL-66,38.0286300000,-78.5165000000,591,
TL-66,38.0286200000,-78.5166300000,592,
TL-66,38.0286000000,-78.5167100000,593,
TL-66,38.0286000000,-78.5167300000,594,
TL-66,38.0285900000,-78.5168000000,595,
TL-66,38.0285800000,-78.5169100000,596,
TL-66,38.0285800000,-78.5169600000,597,
TL-66,38.0285700000,-78.5170400000,598,
TL-66,38.0285700000,-78.5172800000,599,
TL-66,38.0285800000,-78.5175900000,600,
TL-66,38.0285700000,-78.5181900000,601,
TL-66,38.0285600000,-78.5182700000,602,
TL-66,38.0285600000,-78.5182700000,603,
TL-66,38.0285200000,-78.5186500000,604,
TL-66,38.0284900000,-78.5188800000,605,
TL-66,38.0284800000,-78.5189900000,606,
TL-66,38.0284700000,-78.5190500000,607,
TL-66,38.0284600000,-78.5191700000,608,
TL-66,38.0284600000,-78.5193200000,609,
TL-66,38.0284500000,-78.5193900000,610,
TL-66,38.0284500000,-78.5197300000,611,
TL-66,38.0284600000,-78.5199800000,612,
TL-66,38.0284600000,-78.5202600000,613,
TL-66,38.0284600000,-78.5202600000,614,
TL-66,38.0285600000,-78.5202600000,615,
TL-66,38.0286000000,-78.5202500000,616,
TL-66,38.0286200000,-78.5202400000,617,
TL-66,38.0286500000,-78.5202400000,618,
TL-66,38.0286800000,-78.5202200000,619,
TL-66,38.0287000000,-78.5202000000,620,
TL-66,38.0287700000,-78.5201300000,621,
TL-66,38.0288200000,-78.5200700000,622,
TL-66,38.0288500000,-78.5200200000,623,
TL-66,38.0288800000,-78.5199200000,624,
TL-66,38.0289100000,-78.5198100000,625,
TL-66,38.0289300000,-78.5197000000,626,
TL-66,38.0289600000,-78.5194900000,627,
TL-66,38.0289800000,-78.5194600000,628,
TL-66,38.0290200000,-78.5193900000,629,
TL-66,38.0290700000,-78.5193300000,630,
TL-66,38.0290800000,-78.5193200000,631,
TL-66,38.0291300000,-78.5192800000,632,
TL-66,38.0291800000,-78.5192600000,633,
TL-66,38.0292000000,-78.5192600000,634,
TL-66,38.0292200000,-78.5192600000,635,
TL-66,38.0292400000,-78.5192600000,636,
TL-66,38.0292800000,-78.5192800000,637,
TL-66,38.0293000000,-78.5193000000,638,
TL-66,38.0293200000,-78.5193300000,639,
TL-66,38.0293600000,-78.5194000000,640,
TL-66,38.0293800000,-78.5194500000,641,
TL-66,38.0294100000,-78.5195300000,642,
TL-54,38.0362700000,-78.5047200000,1,
TL-54,38.0364000000,-78.5046400000,2,
TL-54,38.0364800000,-78.5045900000,3,
TL-54,38.0365300000,-78.5045600000,4,
TL-54,38.0365500000,-78.5045600000,5,
TL-54,38.0365700000,-78.5045500000,6,
TL-54,38.0366000000,-78.5045500000,7,
TL-54,38.0366400000,-78.5045600000,8,
TL-54,38.0366400000,-78.5045600000,9,
TL-54,38.0366700000,-78.5044900000,10,
TL-54,38.0367000000,-78.5044400000,11,
TL-54,38.0367300000,-78.5043900000,12,
TL-54,38.0367500000,-78.5043500000,13,
TL-54,38.0367600000,-78.5043200000,14,
TL-54,38.0367700000,-78.5042700000,15,
TL-54,38.0367800000,-78.5042200000,16,
TL-54,38.0367900000,-78.5041000000,17,
TL-54,38.0367800000,-78.5039482797,18,
TL-54,38.0367800000,-78.5037800000,19,
TL-54,38.0367900000,-78.5037200000,20,
TL-54,38.0367900000,-78.5037000000,21,
TL-54,38.0368000000,-78.5036800000,22,
TL-54,38.0368100000,-78.5036700000,23,
TL-54,38.0368100000,-78.5036600000,24,
TL-54,38.0368400000,-78.5036400000,25,
TL-54,38.0368400000,-78.5036400000,26,
TL-54,38.0367600000,-78.5034600000,27,
TL-54,38.0367600000,-78.5034600000,28,
TL-54,38.0368700000,-78.5033900000,29,
TL-54,38.0371000000,-78.5032500000,30,
TL-54,38.0372200000,-78.5031800000,31,
TL-54,38.0375700000,-78.5029700000,32,
TL-54,38.0377300000,-78.5028700000,33,
TL-54,38.0381600000,-78.5026100000,34,
TL-54,38.0382200000,-78.5025700000,35,
TL-54,38.0384900000,-78.5024100000,36,
TL-54,38.0385400000,-78.5023800000,37,
TL-54,38.0386100000,-78.5023400000,38,
TL-54,38.0388000000,-78.5022400000,39,
TL-54,38.0391400000,-78.5020600000,40,
TL-54,38.0394400000,-78.5018800000,41,
TL-54,38.0395600000,-78.5018100000,42,
TL-54,38.0396600000,-78.5017500000,43,
TL-54,38.0396900000,-78.5017300000,44,
TL-54,38.0397200000,-78.5017100000,45,
TL-54,38.0399400000,-78.5015700000,46,
TL-54,38.0400600000,-78.5014900000,47,
TL-54,38.0401600000,-78.5014200000,48,
TL-54,38.0402800000,-78.5013300000,49,
TL-54,38.0402800000,-78.5013300000,50,
TL-54,38.0404100000,-78.5012500000,51,
TL-54,38.0407200000,-78.5010600000,52,
TL-54,38.0408000000,-78.5010100000,53,
TL-54,38.0410900000,-78.5008400000,54,
TL-54,38.0412600000,-78.5007400000,55,
TL-54,38.0417500000,-78.5004500000,56,
TL-54,38.0417500000,-78.5004500000,57,
TL-54,38.0416900000,-78.5003800000,58,
TL-54,38.0416400000,-78.5002900000,59,
TL-54,38.0416400000,-78.5002700000,60,
TL-54,38.0415100000,-78.4999800000,61,
TL-54,38.0413400000,-78.4994900000,62,
TL-54,38.0413000000,-78.4993800000,63,
TL-54,38.0411711242,-78.4990243730,64,
TL-54,38.0410600000,-78.4987300000,65,
TL-54,38.0409300000,-78.4983800000,66,
TL-54,38.0408800000,-78.4982500000,67,
TL-54,38.0408600000,-78.4981800000,68,
TL-54,38.0408600000,-78.4981800000,69,
TL-54,38.0408100000,-78.4980400000,70,
TL-54,38.0407300000,-78.4978400000,71,
TL-54,38.0406800000,-78.4977000000,72,
TL-54,38.0406500000,-78.4976200000,73,
TL-54,38.0406273253,-78.4975509914,74,
TL-54,38.0405700000,-78.4974000000,75,
TL-54,38.0405000000,-78.4971900000,76,
TL-54,38.0404200000,-78.4969800000,77,
TL-54,38.0403700000,-78.4968300000,78,
TL-54,38.0403300000,-78.4967300000,79,
TL-54,38.0403000000,-78.4966200000,80,
TL-54,38.0401500000,-78.4962100000,81,
TL-54,38.0401500000,-78.4962100000,82,
TL-54,38.0404400000,-78.4960500000,83,
TL-54,38.0404400000,-78.4960500000,84,
TL-54,38.0404800000,-78.4960300000,85,
TL-54,38.0406000000,-78.4959600000,86,
TL-54,38.0407000000,-78.4959000000,87,
TL-54,38.0407700000,-78.4958500000,88,
TL-54,38.0407800000,-78.4958500000,89,
TL-54,38.0409200000,-78.4957200000,90,
TL-54,38.0409200000,-78.4957200000,91,
TL-54,38.0409900000,-78.4956500000,92,
TL-54,38.0410500000,-78.4955800000,93,
TL-54,38.0411000000,-78.4955000000,94,
TL-54,38.0411400000,-78.4954400000,95,
TL-54,38.0412126745,-78.4952931779,96,
TL-54,38.0413000000,-78.4951400000,97,
TL-54,38.0414000000,-78.4949700000,98,
TL-54,38.0414200000,-78.4949500000,99,
TL-54,38.0415000000,-78.4948100000,100,
TL-54,38.0415200000,-78.4947600000,101,
TL-54,38.0416100000,-78.4946200000,102,
TL-54,38.0417100000,-78.4944500000,103,
TL-54,38.0417300000,-78.4943900000,104,
TL-54,38.0418200000,-78.4940700000,105,
TL-54,38.0418400000,-78.4938200000,106,
TL-54,38.0418400000,-78.4937500000,107,
TL-54,38.0418300000,-78.4935200000,108,
TL-54,38.0418100000,-78.4931800000,109,
TL-54,38.0418100000,-78.4931800000,110,
TL-54,38.0418000000,-78.4929100000,111,
TL-54,38.0418000000,-78.4928400000,112,
TL-54,38.0418000000,-78.4927188048,113,
TL-54,38.0417900000,-78.4921800000,114,
TL-54,38.0417900000,-78.4921800000,115,
TL-54,38.0417600000,-78.4921800000,116,
TL-54,38.0415100000,-78.4921600000,117,
TL-54,38.0414300000,-78.4921700000,118,
TL-54,38.0412500000,-78.4921700000,119,
TL-54,38.0412300000,-78.4921700000,120,
TL-54,38.0409600000,-78.4921800000,121,
TL-54,38.0407800000,-78.4921800000,122,
TL-54,38.0406500000,-78.4921700000,123,
TL-54,38.0406200000,-78.4921600000,124,
TL-54,38.0405700000,-78.4921600000,125,
TL-54,38.0404900000,-78.4921400000,126,
TL-54,38.0404000000,-78.4921200000,127,
TL-54,38.0403300000,-78.4920900000,128,
TL-54,38.0402800000,-78.4920700000,129,
TL-54,38.0402600000,-78.4920600000,130,
TL-54,38.0401100000,-78.4919800000,131,
TL-54,38.0401000000,-78.4919800000,132,
TL-54,38.0400000000,-78.4919200000,133,
TL-54,38.0399300000,-78.4918800000,134,
TL-54,38.0397800000,-78.4917800000,135,
TL-54,38.0397000000,-78.4917000000,136,
TL-54,38.0396000000,-78.4916100000,137,
TL-54,38.0396000000,-78.4916100000,138,
TL-54,38.0395200000,-78.4915300000,139,
TL-54,38.0394600000,-78.4914700000,140,
TL-54,38.0393900000,-78.4914100000,141,
TL-54,38.0393300000,-78.4913700000,142,
TL-54,38.0392700000,-78.4913300000,143,
TL-54,38.0392600000,-78.4913300000,144,
TL-54,38.0391900000,-78.4912900000,145,
TL-54,38.0391000000,-78.4912500000,146,
TL-54,38.0391000000,-78.4912500000,147,
TL-54,38.0390300000,-78.4912800000,148,
TL-54,38.0389800000,-78.4913000000,149,
TL-54,38.0389200000,-78.4913500000,150,
TL-54,38.0388900000,-78.4913700000,151,
TL-54,38.0387700000,-78.4914800000,152,
TL-54,38.0386200000,-78.4916000000,153,
TL-54,38.0386200000,-78.4916000000,154,
TL-54,38.0386400000,-78.4917700000,155,
TL-54,38.0387100000,-78.4920900000,156,
TL-54,38.0386968999,-78.4922482797,157,
TL-54,38.0387600000,-78.4924400000,158,
TL-54,38.0387600000,-78.4924400000,159,
TL-54,38.0388100000,-78.4926100000,160,
TL-54,38.0390053498,-78.4931490085,161,
TL-54,38.0391100000,-78.4934300000,162,
TL-54,38.0392600000,-78.4938300000,163,
TL-54,38.0394400000,-78.4942900000,164,
TL-54,38.0398000000,-78.4952500000,165,
TL-54,38.0398900000,-78.4955100000,166,
TL-54,38.0399900000,-78.4957800000,167,
TL-54,38.0400000000,-78.4957900000,168,
TL-54,38.0401100000,-78.4961200000,169,
TL-54,38.0401100000,-78.4961200000,170,
TL-54,38.0401500000,-78.4962100000,171,
TL-54,38.0401500000,-78.4962100000,172,
TL-54,38.0398300000,-78.4964100000,173,
TL-54,38.0396700000,-78.4965200000,174,
TL-54,38.0392622495,-78.4967624490,175,
TL-54,38.0389000000,-78.4970100000,176,
TL-54,38.0388200000,-78.4970700000,177,
TL-54,38.0387900000,-78.4970900000,178,
TL-54,38.0387400000,-78.4971100000,179,
TL-54,38.0384100000,-78.4973100000,180,
TL-54,38.0384000000,-78.4973100000,181,
TL-54,38.0383300000,-78.4973500000,182,
TL-54,38.0381300000,-78.4974700000,183,
TL-54,38.0379300000,-78.4975700000,184,
TL-54,38.0378100000,-78.4976300000,185,
TL-54,38.0376300000,-78.4977200000,186,
TL-54,38.0376300000,-78.4977200000,187,
TL-54,38.0375200000,-78.4977700000,188,
TL-54,38.0372800000,-78.4978900000,189,
TL-54,38.0371623988,-78.4979736441,190,
TL-54,38.0370000000,-78.4980400000,191,
TL-54,38.0369200000,-78.4980800000,192,
TL-54,38.0368400000,-78.4981200000,193,
TL-54,38.0366700000,-78.4982100000,194,
TL-54,38.0365000000,-78.4982900000,195,
TL-54,38.0362900000,-78.4984000000,196,
TL-54,38.0360800000,-78.4985100000,197,
TL-54,38.0359100000,-78.4985900000,198,
TL-54,38.0357500000,-78.4986800000,199,
TL-54,38.0357000000,-78.4987100000,200,
TL-54,38.0356800000,-78.4987200000,201,
TL-54,38.0356000000,-78.4987600000,202,
TL-54,38.0355100000,-78.4988000000,203,
TL-54,38.0353500000,-78.4989000000,204,
TL-54,38.0352700000,-78.4989400000,205,
TL-54,38.0351900000,-78.4989800000,206,
TL-54,38.0351100000,-78.4990300000,207,
TL-54,38.0350200000,-78.4990800000,208,
TL-54,38.0349100000,-78.4991400000,209,
TL-54,38.0347400000,-78.4992300000,210,
TL-54,38.0345400000,-78.4993400000,211,
TL-54,38.0345300000,-78.4993400000,212,
TL-54,38.0345300000,-78.4993400000,213,
TL-54,38.0344200000,-78.4994000000,214,
TL-54,38.0342100000,-78.4995100000,215,
TL-54,38.0340400000,-78.4995900000,216,
TL-54,38.0340400000,-78.4995900000,217,
TL-54,38.0339600000,-78.4994600000,218,
TL-54,38.0339400000,-78.4994300000,219,
TL-54,38.0338346483,-78.4992048981,220,
TL-54,38.0336400000,-78.4988800000,221,
TL-54,38.0335200000,-78.4986600000,222,
TL-54,38.0334600000,-78.4985500000,223,
TL-54,38.0334400000,-78.4985100000,224,
TL-54,38.0334100000,-78.4984200000,225,
TL-54,38.0334000000,-78.4983700000,226,
TL-54,38.0333800000,-78.4983000000,227,
TL-54,38.0333400000,-78.4981100000,228,
TL-54,38.0333000000,-78.4979300000,229,
TL-54,38.0333000000,-78.4979300000,230,
TL-54,38.0332600000,-78.4979700000,231,
TL-54,38.0332100000,-78.4980200000,232,
TL-54,38.0331800000,-78.4980600000,233,
TL-54,38.0331700000,-78.4980900000,234,
TL-54,38.0331400000,-78.4981500000,235,
TL-54,38.0330900000,-78.4983400000,236,
TL-54,38.0330100000,-78.4986200000,237,
TL-54,38.0328900000,-78.4990500000,238,
TL-54,38.0328800000,-78.4990700000,239,
TL-54,38.0328200000,-78.4992500000,240,
TL-54,38.0328100000,-78.4992700000,241,
TL-54,38.0326400000,-78.4998700000,242,
TL-54,38.0325600000,-78.5001700000,243,
TL-54,38.0324900000,-78.5004100000,244,
TL-54,38.0324900000,-78.5004100000,245,
TL-54,38.0324800000,-78.5004400000,246,
TL-54,38.0324300000,-78.5006300000,247,
TL-54,38.0323700000,-78.5008500000,248,
TL-54,38.0322588732,-78.5012897374,249,
TL-54,38.0321700000,-78.5016600000,250,
TL-54,38.0321700000,-78.5017200000,251,
TL-54,38.0321500000,-78.5018600000,252,
TL-54,38.0321300000,-78.5020000000,253,
TL-54,38.0321200000,-78.5020800000,254,
TL-54,38.0321100000,-78.5023100000,255,
TL-54,38.0321100000,-78.5023200000,256,
TL-54,38.0321000000,-78.5024600000,257,
TL-54,38.0321000000,-78.5025000000,258,
TL-54,38.0321000000,-78.5025800000,259,
TL-54,38.0320900000,-78.5027800000,260,
TL-54,38.0320800000,-78.5032100000,261,
TL-54,38.0320800000,-78.5032900000,262,
TL-54,38.0320800000,-78.5033100000,263,
TL-54,38.0320700000,-78.5034400000,264,
TL-54,38.0320600000,-78.5036500000,265,
TL-54,38.0320600000,-78.5036700000,266,
TL-54,38.0320600000,-78.5038100000,267,
TL-54,38.0320500000,-78.5040400000,268,
TL-54,38.0320500000,-78.5040600000,269,
TL-54,38.0320500000,-78.5040600000,270,
TL-54,38.0320300000,-78.5043900000,271,
TL-54,38.0320300000,-78.5044600000,272,
TL-54,38.0320300000,-78.5045400000,273,
TL-54,38.0320300000,-78.5047400000,274,
TL-54,38.0320300000,-78.5049900000,275,
TL-54,38.0320300000,-78.5050300000,276,
TL-54,38.0320400000,-78.5052200000,277,
TL-54,38.0320400000,-78.5053800000,278,
TL-54,38.0320400000,-78.5054700000,279,
TL-54,38.0320500000,-78.5056500000,280,
TL-54,38.0320600000,-78.5057500000,281,
TL-54,38.0320700000,-78.5059951018,282,
TL-54,38.0320800000,-78.5063700000,283,
TL-54,38.0320900000,-78.5064900000,284,
TL-54,38.0320900000,-78.5067200000,285,
TL-54,38.0321000000,-78.5070100000,286,
TL-54,38.0320900000,-78.5073200000,287,
TL-54,38.0320700000,-78.5074500000,288,
TL-54,38.0319900000,-78.5078000000,289,
TL-54,38.0319900000,-78.5078000000,290,
TL-54,38.0319800000,-78.5079000000,291,
TL-54,38.0318400000,-78.5078800000,292,
TL-54,38.0317900000,-78.5078700000,293,
TL-54,38.0317400000,-78.5078700000,294,
TL-54,38.0317100000,-78.5078800000,295,
TL-54,38.0316800000,-78.5079000000,296,
TL-54,38.0316300000,-78.5079200000,297,
TL-54,38.0315300000,-78.5080000000,298,
TL-54,38.0313700000,-78.5081000000,299,
TL-54,38.0310400000,-78.5082800000,300,
TL-54,38.0308700000,-78.5083600000,301,
TL-54,38.0307100000,-78.5084600000,302,
TL-54,38.0305400000,-78.5085600000,303,
TL-54,38.0302200000,-78.5087600000,304,
TL-54,38.0299000000,-78.5089600000,305,
TL-54,38.0298600000,-78.5089900000,306,
TL-54,38.0295800000,-78.5091800000,307,
TL-54,38.0293100000,-78.5093500000,308,
TL-54,38.0290900000,-78.5095000000,309,
TL-54,38.0290000000,-78.5095600000,310,
TL-54,38.0289700000,-78.5095700000,311,
TL-54,38.0289400000,-78.5096000000,312,
TL-54,38.0289300000,-78.5096000000,313,
TL-54,38.0289000000,-78.5096200000,314,
TL-54,38.0288400000,-78.5096700000,315,
TL-54,38.0287800000,-78.5097300000,316,
TL-54,38.0287500000,-78.5097600000,317,
TL-54,38.0287500000,-78.5097600000,318,
TL-54,38.0287000000,-78.5098000000,319,
TL-54,38.0286600000,-78.5098400000,320,
TL-54,38.0286000000,-78.5099200000,321,
TL-54,38.0285400000,-78.5100000000,322,
TL-54,38.0284800000,-78.5101100000,323,
TL-54,38.0283777441,-78.5102490085,324,
TL-54,38.0280800000,-78.5107100000,325,
TL-54,38.0280700000,-78.5107200000,326,
TL-54,38.0278500000,-78.5110800000,327,
TL-54,38.0277000000,-78.5113300000,328,
TL-54,38.0275900000,-78.5115000000,329,
TL-54,38.0275900000,-78.5115000000,330,
TL-54,38.0274104205,-78.5118036441,331,
TL-54,38.0273200000,-78.5119300000,332,
TL-54,38.0272300000,-78.5120800000,333,
TL-54,38.0271200000,-78.5122600000,334,
TL-54,38.0270100000,-78.5124400000,335,
TL-54,38.0269200000,-78.5126000000,336,
TL-54,38.0268100000,-78.5128100000,337,
TL-54,38.0266600000,-78.5130800000,338,
TL-54,38.0264500000,-78.5134500000,339,
TL-54,38.0263000000,-78.5138200000,340,
TL-54,38.0262300000,-78.5140300000,341,
TL-54,38.0261000000,-78.5144100000,342,
TL-54,38.0260600000,-78.5145300000,343,
TL-54,38.0260600000,-78.5145300000,344,
TL-54,38.0260200000,-78.5146600000,345,
TL-54,38.0260100000,-78.5147200000,346,
TL-54,38.0259900000,-78.5147800000,347,
TL-54,38.0259600000,-78.5148600000,348,
TL-54,38.0259500000,-78.5149200000,349,
TL-54,38.0259500000,-78.5149600000,350,
TL-54,38.0259500000,-78.5150500000,351,
TL-54,38.0259500000,-78.5150500000,352,
TL-54,38.0260200000,-78.5151300000,353,
TL-54,38.0263092915,-78.5152531779,354,
TL-54,38.0264400000,-78.5153100000,355,
TL-54,38.0265400000,-78.5153600000,356,
TL-54,38.0265800000,-78.5153900000,357,
TL-54,38.0266200000,-78.5154100000,358,
TL-54,38.0266300000,-78.5154200000,359,
TL-54,38.0266900000,-78.5154700000,360,
TL-54,38.0267300000,-78.5155300000,361,
TL-54,38.0268100000,-78.5156200000,362,
TL-54,38.0270100000,-78.5159400000,363,
TL-54,38.0270100000,-78.5159400000,364,
TL-54,38.0270200000,-78.5159400000,365,
TL-54,38.0271400000,-78.5161400000,366,
TL-54,38.0271600000,-78.5161800000,367,
TL-54,38.0271700000,-78.5161900000,368,
TL-54,38.0272100000,-78.5162500000,369,
TL-54,38.0273100000,-78.5163700000,370,
TL-54,38.0273700000,-78.5164100000,371,
TL-54,38.0274200000,-78.5164300000,372,
TL-54,38.0274900000,-78.5164600000,373,
TL-54,38.0275600000,-78.5164700000,374,
TL-54,38.0276400000,-78.5164800000,375,
TL-54,38.0276900000,-78.5164900000,376,
TL-54,38.0280745120,-78.5164900000,377,
TL-54,38.0283200000,-78.5165000000,378,
TL-54,38.0284000000,-78.5165000000,379,
TL-54,38.0286300000,-78.5165000000,380,
TL-54,38.0286300000,-78.5165000000,381,
TL-54,38.0287500000,-78.5165000000,382,
TL-54,38.0288100000,-78.5165000000,383,
TL-54,38.0288400000,-78.5165000000,384,
TL-54,38.0288900000,-78.5164900000,385,
TL-54,38.0289600000,-78.5164700000,386,
TL-54,38.0289900000,-78.5164700000,387,
TL-54,38.0290400000,-78.5164500000,388,
TL-54,38.0290400000,-78.5164500000,389,
TL-54,38.0290700000,-78.5164400000,390,
TL-54,38.0291600000,-78.5164100000,391,
TL-54,38.0292500000,-78.5163700000,392,
TL-54,38.0293100000,-78.5163400000,393,
TL-54,38.0294500000,-78.5162600000,394,
TL-54,38.0297000000,-78.5161400000,395,
TL-54,38.0298400000,-78.5160700000,396,
TL-54,38.0299400000,-78.5160200000,397,
TL-54,38.0300700000,-78.5159400000,398,
TL-54,38.0301500000,-78.5159000000,399,
TL-54,38.0302900000,-78.5158100000,400,
TL-54,38.0303500000,-78.5157800000,401,
TL-54,38.0306214109,-78.5156470846,402,
TL-54,38.0308500000,-78.5155100000,403,
TL-54,38.0312400000,-78.5153000000,404,
TL-54,38.0318200000,-78.5150000000,405,
TL-54,38.0320100000,-78.5149000000,406,
TL-54,38.0321100000,-78.5148400000,407,
TL-54,38.0321900000,-78.5148000000,408,
TL-54,38.0323200000,-78.5147200000,409,
TL-54,38.0324100000,-78.5146700000,410,
TL-54,38.0325200000,-78.5146100000,411,
TL-54,38.0325700000,-78.5145900000,412,
TL-54,38.0327600000,-78.5144900000,413,
TL-54,38.0328600000,-78.5144500000,414,
TL-54,38.0329800000,-78.5143900000,415,
TL-54,38.0331200000,-78.5143400000,416,
TL-54,38.0332200000,-78.5143100000,417,
TL-54,38.0332600000,-78.5143000000,418,
TL-54,38.0333500000,-78.5142700000,419,
TL-54,38.0334300000,-78.5142600000,420,
TL-54,38.0335600000,-78.5142300000,421,
TL-54,38.0336400000,-78.5142200000,422,
TL-54,38.0337200000,-78.5142100000,423,
TL-54,38.0338500000,-78.5141900000,424,
TL-54,38.0339300000,-78.5141900000,425,
TL-54,38.0339300000,-78.5141900000,426,
TL-54,38.0340000000,-78.5141900000,427,
TL-54,38.0344800000,-78.5141600000,428,
TL-54,38.0347000000,-78.5141500000,429,
TL-54,38.0350500000,-78.5141200000,430,
TL-54,38.0352000000,-78.5141000000,431,
TL-54,38.0352000000,-78.5141000000,432,
TL-54,38.0352000000,-78.5139700000,433,
TL-54,38.0351900000,-78.5138700000,434,
TL-54,38.0351800000,-78.5138300000,435,
TL-54,38.0351700000,-78.5137800000,436,
TL-54,38.0351500000,-78.5137200000,437,
TL-54,38.0351300000,-78.5136500000,438,
TL-54,38.0351000000,-78.5135700000,439,
TL-54,38.0350400000,-78.5134700000,440,
TL-54,38.0348580268,-78.5131490085,441,
TL-54,38.0347200000,-78.5128500000,442,
TL-54,38.0346400000,-78.5127000000,443,
TL-54,38.0345300000,-78.5124000000,444,
TL-54,38.0344000000,-78.5120200000,445,
TL-54,38.0343600000,-78.5119000000,446,
TL-54,38.0343000000,-78.5117100000,447,
TL-54,38.0342800000,-78.5116400000,448,
TL-54,38.0342200000,-78.5114600000,449,
TL-54,38.0340800000,-78.5110400000,450,
TL-54,38.0339588736,-78.5107495337,451,
TL-54,38.0337900000,-78.5102200000,452,
TL-54,38.0337800000,-78.5101500000,453,
TL-54,38.0337700000,-78.5100500000,454,
TL-54,38.0337600000,-78.5099900000,455,
TL-54,38.0337400000,-78.5095500000,456,
TL-54,38.0337400000,-78.5094500000,457,
TL-54,38.0337300000,-78.5093400000,458,
TL-54,38.0337200000,-78.5091100000,459,
TL-54,38.0337200000,-78.5090100000,460,
TL-54,38.0337200000,-78.5090000000,461,
TL-54,38.0337100000,-78.5088500000,462,
TL-54,38.0337100000,-78.5087700000,463,
TL-54,38.0337000000,-78.5086900000,464,
TL-54,38.0336900000,-78.5085100000,465,
TL-54,38.0336900000,-78.5083000000,466,
TL-54,38.0336900000,-78.5082800000,467,
TL-54,38.0336800000,-78.5077700000,468,
TL-54,38.0336900000,-78.5076600000,469,
TL-54,38.0337100000,-78.5075700000,470,
TL-54,38.0337300000,-78.5074900000,471,
TL-54,38.0338300000,-78.5072700000,472,
TL-54,38.0339200000,-78.5070600000,473,
TL-54,38.0340000000,-78.5068700000,474,
TL-54,38.0340800000,-78.5067000000,475,
TL-54,38.0341600000,-78.5065200000,476,
TL-54,38.0342300000,-78.5063500000,477,
TL-54,38.0342800000,-78.5062200000,478,
TL-54,38.0343300000,-78.5061200000,479,
TL-54,38.0343400000,-78.5060800000,480,
TL-54,38.0343400000,-78.5060800000,481,
TL-54,38.0343700000,-78.5060100000,482,
TL-54,38.0344500000,-78.5058900000,483,
TL-54,38.0345100000,-78.5058200000,484,
TL-54,38.0347692974,-78.5056829153,485,
TL-54,38.0349500000,-78.5055600000,486,
TL-54,38.0350600000,-78.5055000000,487,
TL-54,38.0351400000,-78.5054600000,488,
TL-54,38.0351900000,-78.5054300000,489,
TL-54,38.0352000000,-78.5054200000,490,
TL-54,38.0352400000,-78.5054000000,491,
TL-54,38.0355300000,-78.5052400000,492,
TL-54,38.0355800000,-78.5052000000,493,
TL-54,38.0356300000,-78.5051600000,494,
TL-54,38.0357000000,-78.5051000000,495,
TL-54,38.0357900000,-78.5050300000,496,
TL-54,38.0359000000,-78.5049500000,497,
TL-54,38.0360400000,-78.5048600000,498,
TL-54,38.0361200000,-78.5048100000,499,
TL-54,38.0362000000,-78.5047600000,500,
TL-54,38.0362700000,-78.5047200000,501,
TL-53,38.0418100000,-78.4931800000,1,
TL-53,38.0418000000,-78.4929100000,2,
TL-53,38.0418000000,-78.4928400000,3,
TL-53,38.0418000000,-78.4928100000,4,
TL-53,38.0417900000,-78.4921800000,5,
TL-53,38.0417783817,-78.4921665889,6,
TL-53,38.0417600000,-78.4921800000,7,
TL-53,38.0415100000,-78.4921600000,8,
TL-53,38.0414300000,-78.4921700000,9,
TL-53,38.0412500000,-78.4921700000,10,
TL-53,38.0412300000,-78.4921700000,11,
TL-53,38.0409600000,-78.4921800000,12,
TL-53,38.0407800000,-78.4921800000,13,
TL-53,38.0406500000,-78.4921700000,14,
TL-53,38.0406200000,-78.4921600000,15,
TL-53,38.0405700000,-78.4921600000,16,
TL-53,38.0404900000,-78.4921400000,17,
TL-53,38.0404000000,-78.4921200000,18,
TL-53,38.0403300000,-78.4920900000,19,
TL-53,38.0402800000,-78.4920700000,20,
TL-53,38.0402600000,-78.4920600000,21,
TL-53,38.0401100000,-78.4919800000,22,
TL-53,38.0401000000,-78.4919800000,23,
TL-53,38.0400000000,-78.4919200000,24,
TL-53,38.0399300000,-78.4918800000,25,
TL-53,38.0397800000,-78.4917800000,26,
TL-53,38.0397000000,-78.4917000000,27,
TL-53,38.0396000000,-78.4916100000,28,
TL-53,38.0396000000,-78.4916100000,29,
TL-53,38.0395200000,-78.4915300000,30,
TL-53,38.0394600000,-78.4914700000,31,
TL-53,38.0393900000,-78.4914100000,32,
TL-53,38.0393331687,-78.4913565889,33,
TL-53,38.0392700000,-78.4913300000,34,
TL-53,38.0392600000,-78.4913300000,35,
TL-53,38.0391900000,-78.4912900000,36,
TL-53,38.0391000000,-78.4912500000,37,
TL-53,38.0391000000,-78.4912500000,38,
TL-53,38.0390300000,-78.4912800000,39,
TL-53,38.0389800000,-78.4913000000,40,
TL-53,38.0389200000,-78.4913500000,41,
TL-53,38.0388900000,-78.4913700000,42,
TL-53,38.0387700000,-78.4914800000,43,
TL-53,38.0386200000,-78.4916000000,44,
TL-53,38.0386200000,-78.4916000000,45,
TL-53,38.0386400000,-78.4917700000,46,
TL-53,38.0387100000,-78.4920900000,47,
TL-53,38.0386800000,-78.4922000000,48,
TL-53,38.0387600000,-78.4924400000,49,
TL-53,38.0387600000,-78.4924400000,50,
TL-53,38.0388226749,-78.4925992711,51,
TL-53,38.0389800000,-78.4930900000,52,
TL-53,38.0391100000,-78.4934300000,53,
TL-53,38.0392600000,-78.4938300000,54,
TL-53,38.0394400000,-78.4942900000,55,
TL-53,38.0398000000,-78.4952500000,56,
TL-53,38.0398900000,-78.4955100000,57,
TL-53,38.0399900000,-78.4957800000,58,
TL-53,38.0400000000,-78.4957900000,59,
TL-53,38.0401100000,-78.4961200000,60,
TL-53,38.0401100000,-78.4961200000,61,
TL-53,38.0401500000,-78.4962100000,62,
TL-53,38.0401500000,-78.4962100000,63,
TL-53,38.0398300000,-78.4964100000,64,
TL-53,38.0396700000,-78.4965200000,65,
TL-53,38.0392200000,-78.4968000000,66,
TL-53,38.0389000000,-78.4970100000,67,
TL-53,38.0388200000,-78.4970700000,68,
TL-53,38.0387900000,-78.4970900000,69,
TL-53,38.0387400000,-78.4971100000,70,
TL-53,38.0384100000,-78.4973100000,71,
TL-53,38.0384000000,-78.4973100000,72,
TL-53,38.0383300000,-78.4973500000,73,
TL-53,38.0381300000,-78.4974700000,74,
TL-53,38.0379300000,-78.4975700000,75,
TL-53,38.0378100000,-78.4976300000,76,
TL-53,38.0376294718,-78.4977193294,77,
TL-53,38.0376294718,-78.4977193294,78,
TL-53,38.0375200000,-78.4977700000,79,
TL-53,38.0372800000,-78.4978900000,80,
TL-53,38.0372300000,-78.4979200000,81,
TL-53,38.0370000000,-78.4980400000,82,
TL-53,38.0369200000,-78.4980800000,83,
TL-53,38.0368400000,-78.4981200000,84,
TL-53,38.0366700000,-78.4982100000,85,
TL-53,38.0365000000,-78.4982900000,86,
TL-53,38.0362900000,-78.4984000000,87,
TL-53,38.0360800000,-78.4985100000,88,
TL-53,38.0359100000,-78.4985900000,89,
TL-53,38.0357500000,-78.4986800000,90,
TL-53,38.0357000000,-78.4987100000,91,
TL-53,38.0356800000,-78.4987200000,92,
TL-53,38.0356000000,-78.4987600000,93,
TL-53,38.0355100000,-78.4988000000,94,
TL-53,38.0353500000,-78.4989000000,95,
TL-53,38.0352700000,-78.4989400000,96,
TL-53,38.0351900000,-78.4989800000,97,
TL-53,38.0351100000,-78.4990300000,98,
TL-53,38.0350200000,-78.4990800000,99,
TL-53,38.0349100000,-78.4991400000,100,
TL-53,38.0347400000,-78.4992300000,101,
TL-53,38.0345400000,-78.4993400000,102,
TL-53,38.0345300000,-78.4993400000,103,
TL-53,38.0345300000,-78.4993400000,104,
TL-53,38.0344231689,-78.4994080466,105,
TL-53,38.0342100000,-78.4995100000,106,
TL-53,38.0340400000,-78.4995900000,107,
TL-53,38.0340400000,-78.4995900000,108,
TL-53,38.0339600000,-78.4994600000,109,
TL-53,38.0339400000,-78.4994300000,110,
TL-53,38.0338600000,-78.4992800000,111,
TL-53,38.0336400000,-78.4988800000,112,
TL-53,38.0335200000,-78.4986600000,113,
TL-53,38.0334600000,-78.4985500000,114,
TL-53,38.0334400000,-78.4985100000,115,
TL-53,38.0334100000,-78.4984200000,116,
TL-53,38.0334000000,-78.4983700000,117,
TL-53,38.0333800000,-78.4983000000,118,
TL-53,38.0333400000,-78.4981100000,119,
TL-53,38.0333000000,-78.4979300000,120,
TL-53,38.0333000000,-78.4979300000,121,
TL-53,38.0332600000,-78.4979700000,122,
TL-53,38.0332100000,-78.4980200000,123,
TL-53,38.0331800000,-78.4980600000,124,
TL-53,38.0331700000,-78.4980900000,125,
TL-53,38.0331400000,-78.4981500000,126,
TL-53,38.0330900000,-78.4983400000,127,
TL-53,38.0330100000,-78.4986200000,128,
TL-53,38.0328900000,-78.4990500000,129,
TL-53,38.0328800000,-78.4990700000,130,
TL-53,38.0328200000,-78.4992500000,131,
TL-53,38.0328100000,-78.4992700000,132,
TL-53,38.0326400000,-78.4998700000,133,
TL-53,38.0325600000,-78.5001700000,134,
TL-53,38.0324900000,-78.5004100000,135,
TL-53,38.0324900000,-78.5004100000,136,
TL-53,38.0324800000,-78.5004400000,137,
TL-53,38.0324300000,-78.5006300000,138,
TL-53,38.0323700000,-78.5008500000,139,
TL-53,38.0322800000,-78.5012200000,140,
TL-53,38.0321768662,-78.5016593294,141,
TL-53,38.0321700000,-78.5017200000,142,
TL-53,38.0321500000,-78.5018600000,143,
TL-53,38.0321300000,-78.5020000000,144,
TL-53,38.0321200000,-78.5020800000,145,
TL-53,38.0321100000,-78.5023100000,146,
TL-53,38.0321100000,-78.5023200000,147,
TL-53,38.0321000000,-78.5024600000,148,
TL-53,38.0321000000,-78.5025000000,149,
TL-53,38.0321000000,-78.5025800000,150,
TL-53,38.0320900000,-78.5027800000,151,
TL-53,38.0320800000,-78.5032100000,152,
TL-53,38.0320800000,-78.5032900000,153,
TL-53,38.0320800000,-78.5033100000,154,
TL-53,38.0320700000,-78.5034400000,155,
TL-53,38.0320600000,-78.5036500000,156,
TL-53,38.0320600000,-78.5036700000,157,
TL-53,38.0320600000,-78.5038100000,158,
TL-53,38.0320500000,-78.5040400000,159,
TL-53,38.0320500000,-78.5040600000,160,
TL-53,38.0320500000,-78.5040600000,161,
TL-53,38.0320300000,-78.5043900000,162,
TL-53,38.0320300000,-78.5044600000,163,
TL-53,38.0320300000,-78.5045400000,164,
TL-53,38.0320300000,-78.5047400000,165,
TL-53,38.0320300000,-78.5049900000,166,
TL-53,38.0320300000,-78.5050300000,167,
TL-53,38.0320473943,-78.5052159766,168,
TL-53,38.0320400000,-78.5053800000,169,
TL-53,38.0320400000,-78.5054700000,170,
TL-53,38.0320500000,-78.5056500000,171,
TL-53,38.0320600000,-78.5057500000,172,
TL-53,38.0320700000,-78.5059200000,173,
TL-53,38.0320800000,-78.5063700000,174,
TL-53,38.0320900000,-78.5064900000,175,
TL-53,38.0320900000,-78.5067200000,176,
TL-53,38.0321000000,-78.5070100000,177,
TL-53,38.0320900000,-78.5073200000,178,
TL-53,38.0320700000,-78.5074500000,179,
TL-53,38.0319900000,-78.5078000000,180,
TL-53,38.0319900000,-78.5078000000,181,
TL-53,38.0319800000,-78.5079000000,182,
TL-53,38.0318400000,-78.5078800000,183,
TL-53,38.0317900000,-78.5078700000,184,
TL-53,38.0317400000,-78.5078700000,185,
TL-53,38.0317100000,-78.5078800000,186,
TL-53,38.0316800000,-78.5079000000,187,
TL-53,38.0316300000,-78.5079200000,188,
TL-53,38.0315300000,-78.5080000000,189,
TL-53,38.0313700000,-78.5081000000,190,
TL-53,38.0310400000,-78.5082800000,191,
TL-53,38.0308700000,-78.5083600000,192,
TL-53,38.0307100000,-78.5084600000,193,
TL-53,38.0305400000,-78.5085600000,194,
TL-53,38.0302200000,-78.5087600000,195,
TL-53,38.0299000000,-78.5089600000,196,
TL-53,38.0298600000,-78.5089900000,197,
TL-53,38.0295800000,-78.5091800000,198,
TL-53,38.0293100000,-78.5093500000,199,
TL-53,38.0290900000,-78.5095000000,200,
TL-53,38.0290000000,-78.5095600000,201,
TL-53,38.0289700000,-78.5095700000,202,
TL-53,38.0289400000,-78.5096000000,203,
TL-53,38.0289300000,-78.5096000000,204,
TL-53,38.0289000000,-78.5096200000,205,
TL-53,38.0288400000,-78.5096700000,206,
TL-53,38.0287800000,-78.5097300000,207,
TL-53,38.0287500000,-78.5097600000,208,
TL-53,38.0287500000,-78.5097600000,209,
TL-53,38.0287000000,-78.5098000000,210,
TL-53,38.0286600000,-78.5098400000,211,
TL-53,38.0286000000,-78.5099200000,212,
TL-53,38.0285400000,-78.5100000000,213,
TL-53,38.0284884511,-78.5101260932,214,
TL-53,38.0284200000,-78.5101900000,215,
TL-53,38.0280800000,-78.5107100000,216,
TL-53,38.0280700000,-78.5107200000,217,
TL-53,38.0278500000,-78.5110800000,218,
TL-53,38.0277000000,-78.5113300000,219,
TL-53,38.0275900000,-78.5115000000,220,
TL-53,38.0275900000,-78.5115000000,221,
TL-53,38.0274526769,-78.5117660932,222,
TL-53,38.0273200000,-78.5119300000,223,
TL-53,38.0272300000,-78.5120800000,224,
TL-53,38.0271200000,-78.5122600000,225,
TL-53,38.0270100000,-78.5124400000,226,
TL-53,38.0269200000,-78.5126000000,227,
TL-53,38.0268100000,-78.5128100000,228,
TL-53,38.0266600000,-78.5130800000,229,
TL-53,38.0264500000,-78.5134500000,230,
TL-53,38.0263000000,-78.5138200000,231,
TL-53,38.0262300000,-78.5140300000,232,
TL-53,38.0261000000,-78.5144100000,233,
TL-53,38.0260600000,-78.5145300000,234,
TL-53,38.0260600000,-78.5145300000,235,
TL-53,38.0260200000,-78.5146600000,236,
TL-53,38.0260100000,-78.5147200000,237,
TL-53,38.0260069028,-78.5147907288,238,
TL-53,38.0259600000,-78.5148600000,239,
TL-53,38.0259500000,-78.5149200000,240,
TL-53,38.0259500000,-78.5149600000,241,
TL-53,38.0259500000,-78.5150500000,242,
TL-53,38.0259500000,-78.5150500000,243,
TL-53,38.0260200000,-78.5151300000,244,
TL-53,38.0263600000,-78.5152800000,245,
TL-53,38.0264400000,-78.5153100000,246,
TL-53,38.0265400000,-78.5153600000,247,
TL-53,38.0265800000,-78.5153900000,248,
TL-53,38.0266200000,-78.5154100000,249,
TL-53,38.0266300000,-78.5154200000,250,
TL-53,38.0266900000,-78.5154700000,251,
TL-53,38.0267300000,-78.5155300000,252,
TL-53,38.0268100000,-78.5156200000,253,
TL-53,38.0270100000,-78.5159400000,254,
TL-53,38.0270100000,-78.5159400000,255,
TL-53,38.0270200000,-78.5159400000,256,
TL-53,38.0271400000,-78.5161400000,257,
TL-53,38.0271600000,-78.5161800000,258,
TL-53,38.0271700000,-78.5161900000,259,
TL-53,38.0272100000,-78.5162500000,260,
TL-53,38.0273100000,-78.5163700000,261,
TL-53,38.0273700000,-78.5164100000,262,
TL-53,38.0274200000,-78.5164300000,263,
TL-53,38.0274900000,-78.5164600000,264,
TL-53,38.0275600000,-78.5164700000,265,
TL-53,38.0276400000,-78.5164800000,266,
TL-53,38.0276900000,-78.5164900000,267,
TL-53,38.0279900000,-78.5164900000,268,
TL-53,38.0283200000,-78.5165000000,269,
TL-53,38.0284000000,-78.5165000000,270,
TL-53,38.0286300000,-78.5165000000,271,
TL-53,38.0286300000,-78.5165000000,272,
TL-53,38.0287500000,-78.5165000000,273,
TL-53,38.0288100000,-78.5165000000,274,
TL-53,38.0288400000,-78.5165000000,275,
TL-53,38.0288900000,-78.5164900000,276,
TL-53,38.0289600000,-78.5164700000,277,
TL-53,38.0289900000,-78.5164700000,278,
TL-53,38.0290400000,-78.5164500000,279,
TL-53,38.0290400000,-78.5164500000,280,
TL-53,38.0290700000,-78.5164400000,281,
TL-53,38.0291600000,-78.5164100000,282,
TL-53,38.0292542255,-78.5163860932,283,
TL-53,38.0293100000,-78.5163400000,284,
TL-53,38.0294500000,-78.5162600000,285,
TL-53,38.0297000000,-78.5161400000,286,
TL-53,38.0298400000,-78.5160700000,287,
TL-53,38.0299400000,-78.5160200000,288,
TL-53,38.0300700000,-78.5159400000,289,
TL-53,38.0301500000,-78.5159000000,290,
TL-53,38.0302900000,-78.5158100000,291,
TL-53,38.0303500000,-78.5157800000,292,
TL-53,38.0305200000,-78.5156900000,293,
TL-53,38.0308500000,-78.5155100000,294,
TL-53,38.0312400000,-78.5153000000,295,
TL-53,38.0318200000,-78.5150000000,296,
TL-53,38.0320100000,-78.5149000000,297,
TL-53,38.0321100000,-78.5148400000,298,
TL-53,38.0321900000,-78.5148000000,299,
TL-53,38.0323200000,-78.5147200000,300,
TL-53,38.0324100000,-78.5146700000,301,
TL-53,38.0325200000,-78.5146100000,302,
TL-53,38.0325200000,-78.5146100000,303,
TL-53,38.0323800000,-78.5142200000,304,
TL-53,38.0323600000,-78.5141500000,305,
TL-53,38.0323100000,-78.5139800000,306,
TL-53,38.0322800000,-78.5138400000,307,
TL-53,38.0322600000,-78.5137600000,308,
TL-53,38.0322400000,-78.5136200000,309,
TL-53,38.0322300000,-78.5135400000,310,
TL-53,38.0322200000,-78.5134300000,311,
TL-53,38.0322100000,-78.5130800000,312,
TL-53,38.0322100000,-78.5128800000,313,
TL-53,38.0322100000,-78.5128800000,314,
TL-53,38.0322100000,-78.5127700000,315,
TL-53,38.0322000000,-78.5126300000,316,
TL-53,38.0321900000,-78.5125400000,317,
TL-53,38.0321800000,-78.5124800000,318,
TL-53,38.0321500000,-78.5123400000,319,
TL-53,38.0321300000,-78.5122200000,320,
TL-53,38.0320826761,-78.5120819533,321,
TL-53,38.0318900000,-78.5117600000,322,
TL-53,38.0315800000,-78.5112600000,323,
TL-53,38.0315500000,-78.5112100000,324,
TL-53,38.0314400000,-78.5109700000,325,
TL-53,38.0313500000,-78.5107700000,326,
TL-53,38.0312500000,-78.5105700000,327,
TL-53,38.0312500000,-78.5105700000,328,
TL-53,38.0311500000,-78.5106500000,329,
TL-53,38.0311300000,-78.5106800000,330,
TL-53,38.0310500000,-78.5107500000,331,
TL-53,38.0309700000,-78.5108400000,332,
TL-53,38.0308700000,-78.5109600000,333,
TL-53,38.0308400000,-78.5110000000,334,
TL-53,38.0308100000,-78.5110500000,335,
TL-53,38.0306800000,-78.5112400000,336,
TL-53,38.0304600000,-78.5115400000,337,
TL-53,38.0302400000,-78.5118500000,338,
TL-53,38.0302000000,-78.5119100000,339,
TL-53,38.0301000000,-78.5120500000,340,
TL-53,38.0300500000,-78.5121200000,341,
TL-53,38.0300100000,-78.5121900000,342,
TL-53,38.0300100000,-78.5121900000,343,
TL-53,38.0300100000,-78.5122000000,344,
TL-53,38.0299100000,-78.5123900000,345,
TL-53,38.0298700000,-78.5124500000,346,
TL-53,38.0297400000,-78.5127100000,347,
TL-53,38.0296200000,-78.5129400000,348,
TL-53,38.0295200000,-78.5131100000,349,
TL-53,38.0294700000,-78.5131800000,350,
TL-53,38.0293500000,-78.5133600000,351,
TL-53,38.0292200000,-78.5135600000,352,
TL-53,38.0291600000,-78.5136400000,353,
TL-53,38.0290400000,-78.5138000000,354,
TL-53,38.0289700000,-78.5139200000,355,
TL-53,38.0288800000,-78.5140600000,356,
TL-53,38.0288800000,-78.5140700000,357,
TL-53,38.0288300000,-78.5141700000,358,
TL-53,38.0287800000,-78.5142600000,359,
TL-53,38.0287600000,-78.5143100000,360,
TL-53,38.0287000000,-78.5144700000,361,
TL-53,38.0286700000,-78.5145700000,362,
TL-53,38.0286400000,-78.5146900000,363,
TL-53,38.0286200000,-78.5147500000,364,
TL-53,38.0286000000,-78.5148700000,365,
TL-53,38.0285900000,-78.5150100000,366,
TL-53,38.0285800000,-78.5151200000,367,
TL-53,38.0285800000,-78.5151600000,368,
TL-53,38.0285800000,-78.5153200000,369,
TL-53,38.0285969022,-78.5153580466,370,
TL-53,38.0285800000,-78.5154400000,371,
TL-53,38.0285900000,-78.5155400000,372,
TL-53,38.0286000000,-78.5155800000,373,
TL-53,38.0286000000,-78.5156400000,374,
TL-53,38.0286200000,-78.5158100000,375,
TL-53,38.0286300000,-78.5158300000,376,
TL-53,38.0286500000,-78.5159700000,377,
TL-53,38.0286600000,-78.5160500000,378,
TL-53,38.0286700000,-78.5161600000,379,
TL-53,38.0286600000,-78.5162500000,380,
TL-53,38.0286600000,-78.5162600000,381,
TL-53,38.0286600000,-78.5162800000,382,
TL-53,38.0286600000,-78.5163800000,383,
TL-53,38.0286600000,-78.5163800000,384,
TL-53,38.0286300000,-78.5165000000,385,
TL-53,38.0286300000,-78.5165000000,386,
TL-53,38.0284000000,-78.5165000000,387,
TL-53,38.0283200000,-78.5165000000,388,
TL-53,38.0279900000,-78.5164900000,389,
TL-53,38.0276900000,-78.5164900000,390,
TL-53,38.0276400000,-78.5164800000,391,
TL-53,38.0275600000,-78.5164700000,392,
TL-53,38.0274900000,-78.5164600000,393,
TL-53,38.0274200000,-78.5164300000,394,
TL-53,38.0273700000,-78.5164100000,395,
TL-53,38.0273100000,-78.5163700000,396,
TL-53,38.0272100000,-78.5162500000,397,
TL-53,38.0271700000,-78.5161900000,398,
TL-53,38.0271600000,-78.5161800000,399,
TL-53,38.0271400000,-78.5161400000,400,
TL-53,38.0270200000,-78.5159400000,401,
TL-53,38.0268100000,-78.5156200000,402,
TL-53,38.0267300000,-78.5155300000,403,
TL-53,38.0266900000,-78.5154700000,404,
TL-53,38.0266300000,-78.5154200000,405,
TL-53,38.0266200000,-78.5154100000,406,
TL-53,38.0265800000,-78.5153900000,407,
TL-53,38.0265400000,-78.5153600000,408,
TL-53,38.0264400000,-78.5153100000,409,
TL-53,38.0263600000,-78.5152800000,410,
TL-53,38.0260200000,-78.5151300000,411,
TL-53,38.0260200000,-78.5151300000,412,
TL-53,38.0259400000,-78.5151200000,413,
TL-53,38.0258700000,-78.5150900000,414,
TL-53,38.0258800000,-78.5150100000,415,
TL-53,38.0259100000,-78.5149000000,416,
TL-53,38.0259300000,-78.5147700000,417,
TL-53,38.0259500000,-78.5146800000,418,
TL-53,38.0259900000,-78.5145300000,419,
TL-53,38.0260200000,-78.5144400000,420,
TL-53,38.0260400000,-78.5143700000,421,
TL-53,38.0261200000,-78.5141200000,422,
TL-53,38.0261600000,-78.5140000000,423,
TL-53,38.0262430971,-78.5136900000,424,
TL-53,38.0263000000,-78.5135700000,425,
TL-53,38.0263400000,-78.5134800000,426,
TL-53,38.0263800000,-78.5133800000,427,
TL-53,38.0264100000,-78.5133200000,428,
TL-53,38.0264100000,-78.5133200000,429,
TL-53,38.0264200000,-78.5132900000,430,
TL-53,38.0265100000,-78.5131300000,431,
TL-53,38.0266300000,-78.5129300000,432,
TL-53,38.0267500000,-78.5127400000,433,
TL-53,38.0269400000,-78.5123900000,434,
TL-53,38.0270100000,-78.5122600000,435,
TL-53,38.0271200000,-78.5120800000,436,
TL-53,38.0272600000,-78.5118600000,437,
TL-53,38.0274100000,-78.5116100000,438,
TL-53,38.0276073231,-78.5112492711,439,
TL-53,38.0277600000,-78.5110500000,440,
TL-53,38.0277600000,-78.5110500000,441,
TL-53,38.0280200000,-78.5106300000,442,
TL-53,38.0283888720,-78.5100100000,443,
TL-53,38.0284700000,-78.5099100000,444,
TL-53,38.0285200000,-78.5098300000,445,
TL-53,38.0285700000,-78.5097800000,446,
TL-53,38.0286300000,-78.5097200000,447,
TL-53,38.0286600000,-78.5096900000,448,
TL-53,38.0286600000,-78.5096900000,449,
TL-53,38.0286900000,-78.5096600000,450,
TL-53,38.0288200000,-78.5095600000,451,
TL-53,38.0288900000,-78.5095100000,452,
TL-53,38.0289300000,-78.5094800000,453,
TL-53,38.0289500000,-78.5094700000,454,
TL-53,38.0289700000,-78.5094600000,455,
TL-53,38.0290200000,-78.5094300000,456,
TL-53,38.0292700000,-78.5092600000,457,
TL-53,38.0297100000,-78.5089700000,458,
TL-53,38.0302300000,-78.5086300000,459,
TL-53,38.0304000000,-78.5085300000,460,
TL-53,38.0305473236,-78.5084085423,461,
TL-53,38.0307200000,-78.5083300000,462,
TL-53,38.0308600000,-78.5082500000,463,
TL-53,38.0310300000,-78.5081400000,464,
TL-53,38.0310300000,-78.5081400000,465,
TL-53,38.0311800000,-78.5080500000,466,
TL-53,38.0313200000,-78.5079700000,467,
TL-53,38.0314600000,-78.5079000000,468,
TL-53,38.0315400000,-78.5078500000,469,
TL-53,38.0315900000,-78.5078100000,470,
TL-53,38.0316500000,-78.5078000000,471,
TL-53,38.0317000000,-78.5077800000,472,
TL-53,38.0317600000,-78.5077800000,473,
TL-53,38.0318400000,-78.5077800000,474,
TL-53,38.0319900000,-78.5078000000,475,
TL-53,38.0319900000,-78.5078000000,476,
TL-53,38.0320700000,-78.5074500000,477,
TL-53,38.0320900000,-78.5073200000,478,
TL-53,38.0321000000,-78.5070100000,479,
TL-53,38.0320900000,-78.5067200000,480,
TL-53,38.0320900000,-78.5064900000,481,
TL-53,38.0320800000,-78.5063700000,482,
TL-53,38.0320700000,-78.5059200000,483,
TL-53,38.0320600000,-78.5057500000,484,
TL-53,38.0320500000,-78.5056500000,485,
TL-53,38.0320400000,-78.5054700000,486,
TL-53,38.0320400000,-78.5053800000,487,
TL-53,38.0320495070,-78.5052173177,488,
TL-53,38.0320300000,-78.5050300000,489,
TL-53,38.0320300000,-78.5049900000,490,
TL-53,38.0320300000,-78.5047400000,491,
TL-53,38.0320300000,-78.5045400000,492,
TL-53,38.0320300000,-78.5044600000,493,
TL-53,38.0320300000,-78.5043900000,494,
TL-53,38.0320500000,-78.5040400000,495,
TL-53,38.0320600000,-78.5038100000,496,
TL-53,38.0320600000,-78.5036700000,497,
TL-53,38.0320600000,-78.5036500000,498,
TL-53,38.0320700000,-78.5034400000,499,
TL-53,38.0320800352,-78.5032931779,500,
TL-53,38.0320800000,-78.5032900000,501,
TL-53,38.0320800000,-78.5032100000,502,
TL-53,38.0320900000,-78.5027800000,503,
TL-53,38.0321000000,-78.5025800000,504,
TL-53,38.0321000000,-78.5025000000,505,
TL-53,38.0321000000,-78.5024600000,506,
TL-53,38.0321100000,-78.5023200000,507,
TL-53,38.0321100000,-78.5023100000,508,
TL-53,38.0321200000,-78.5020800000,509,
TL-53,38.0321300000,-78.5020000000,510,
TL-53,38.0321500000,-78.5018600000,511,
TL-53,38.0321700000,-78.5017200000,512,
TL-53,38.0321773943,-78.5016600000,513,
TL-53,38.0322800000,-78.5012200000,514,
TL-53,38.0323700000,-78.5008500000,515,
TL-53,38.0323700000,-78.5008500000,516,
TL-53,38.0324300000,-78.5006300000,517,
TL-53,38.0324800000,-78.5004400000,518,
TL-53,38.0325600000,-78.5001700000,519,
TL-53,38.0326400000,-78.4998700000,520,
TL-53,38.0328100000,-78.4992700000,521,
TL-53,38.0328200000,-78.4992500000,522,
TL-53,38.0328800000,-78.4990700000,523,
TL-53,38.0328900000,-78.4990500000,524,
TL-53,38.0330100000,-78.4986200000,525,
TL-53,38.0330900000,-78.4983400000,526,
TL-53,38.0331400000,-78.4981500000,527,
TL-53,38.0331700000,-78.4980900000,528,
TL-53,38.0331800000,-78.4980600000,529,
TL-53,38.0332100000,-78.4980200000,530,
TL-53,38.0332600000,-78.4979700000,531,
TL-53,38.0333000000,-78.4979300000,532,
TL-53,38.0333000000,-78.4979300000,533,
TL-53,38.0333400000,-78.4981100000,534,
TL-53,38.0333800000,-78.4983000000,535,
TL-53,38.0334000000,-78.4983700000,536,
TL-53,38.0334100000,-78.4984200000,537,
TL-53,38.0334400000,-78.4985100000,538,
TL-53,38.0334600000,-78.4985500000,539,
TL-53,38.0335200000,-78.4986600000,540,
TL-53,38.0336400000,-78.4988800000,541,
TL-53,38.0338600000,-78.4992800000,542,
TL-53,38.0339400000,-78.4994300000,543,
TL-53,38.0339600000,-78.4994600000,544,
TL-53,38.0340400000,-78.4995900000,545,
TL-53,38.0340400000,-78.4995900000,546,
TL-53,38.0342100000,-78.4995100000,547,
TL-53,38.0344178873,-78.4993946355,548,
TL-53,38.0345400000,-78.4993400000,549,
TL-53,38.0346200000,-78.4993000000,550,
TL-53,38.0346200000,-78.4993000000,551,
TL-53,38.0347400000,-78.4992300000,552,
TL-53,38.0349100000,-78.4991400000,553,
TL-53,38.0350200000,-78.4990800000,554,
TL-53,38.0351100000,-78.4990300000,555,
TL-53,38.0351900000,-78.4989800000,556,
TL-53,38.0352700000,-78.4989400000,557,
TL-53,38.0353500000,-78.4989000000,558,
TL-53,38.0355100000,-78.4988000000,559,
TL-53,38.0356000000,-78.4987600000,560,
TL-53,38.0356800000,-78.4987200000,561,
TL-53,38.0357000000,-78.4987100000,562,
TL-53,38.0357500000,-78.4986800000,563,
TL-53,38.0359100000,-78.4985900000,564,
TL-53,38.0360800000,-78.4985100000,565,
TL-53,38.0362900000,-78.4984000000,566,
TL-53,38.0365000000,-78.4982900000,567,
TL-53,38.0366700000,-78.4982100000,568,
TL-53,38.0368400000,-78.4981200000,569,
TL-53,38.0369200000,-78.4980800000,570,
TL-53,38.0370000000,-78.4980400000,571,
TL-53,38.0372300000,-78.4979200000,572,
TL-53,38.0372800000,-78.4978900000,573,
TL-53,38.0373800000,-78.4978400000,574,
TL-53,38.0373800000,-78.4978400000,575,
TL-53,38.0375200000,-78.4977700000,576,
TL-53,38.0378100000,-78.4976300000,577,
TL-53,38.0379300000,-78.4975700000,578,
TL-53,38.0381300000,-78.4974700000,579,
TL-53,38.0383300000,-78.4973500000,580,
TL-53,38.0384000000,-78.4973100000,581,
TL-53,38.0384100000,-78.4973100000,582,
TL-53,38.0387400000,-78.4971100000,583,
TL-53,38.0387900000,-78.4970900000,584,
TL-53,38.0388200000,-78.4970700000,585,
TL-53,38.0389000000,-78.4970100000,586,
TL-53,38.0392200000,-78.4968000000,587,
TL-53,38.0396700000,-78.4965200000,588,
TL-53,38.0398300000,-78.4964100000,589,
TL-53,38.0401500000,-78.4962100000,590,
TL-53,38.0404400000,-78.4960500000,591,
TL-53,38.0404400000,-78.4960500000,592,
TL-53,38.0404800000,-78.4960300000,593,
TL-53,38.0406000000,-78.4959600000,594,
TL-53,38.0407000000,-78.4959000000,595,
TL-53,38.0407700000,-78.4958500000,596,
TL-53,38.0407800000,-78.4958500000,597,
TL-53,38.0409200000,-78.4957200000,598,
TL-53,38.0409200000,-78.4957200000,599,
TL-53,38.0409900000,-78.4956500000,600,
TL-53,38.0410500000,-78.4955800000,601,
TL-53,38.0411000000,-78.4955000000,602,
TL-53,38.0411400000,-78.4954400000,603,
TL-53,38.0412000000,-78.4953200000,604,
TL-53,38.0413147869,-78.4951480466,605,
TL-53,38.0414000000,-78.4949700000,606,
TL-53,38.0414200000,-78.4949500000,607,
TL-53,38.0415000000,-78.4948100000,608,
TL-53,38.0415200000,-78.4947600000,609,
TL-53,38.0416100000,-78.4946200000,610,
TL-53,38.0417100000,-78.4944500000,611,
TL-53,38.0417300000,-78.4943900000,612,
TL-53,38.0418200000,-78.4940700000,613,
TL-53,38.0418400000,-78.4938200000,614,
TL-53,38.0418400000,-78.4937500000,615,
TL-53,38.0418300000,-78.4935200000,616,
TL-53,38.0418100000,-78.4931800000,617,
TL-55,38.0418100000,-78.4931800000,1,
TL-55,38.0418000000,-78.4929100000,2,
TL-55,38.0418000000,-78.4928400000,3,
TL-55,38.0418000000,-78.4928100000,4,
TL-55,38.0417900000,-78.4921800000,5,
TL-55,38.0417900000,-78.4921800000,6,
TL-55,38.0417600000,-78.4921800000,7,
TL-55,38.0415100000,-78.4921600000,8,
TL-55,38.0413919765,-78.4921700000,9,
TL-55,38.0412500000,-78.4921700000,10,
TL-55,38.0412300000,-78.4921700000,11,
TL-55,38.0409600000,-78.4921800000,12,
TL-55,38.0407800000,-78.4921800000,13,
TL-55,38.0406500000,-78.4921700000,14,
TL-55,38.0406200000,-78.4921600000,15,
TL-55,38.0405700000,-78.4921600000,16,
TL-55,38.0404900000,-78.4921400000,17,
TL-55,38.0404000000,-78.4921200000,18,
TL-55,38.0403300000,-78.4920900000,19,
TL-55,38.0402800000,-78.4920700000,20,
TL-55,38.0402600000,-78.4920600000,21,
TL-55,38.0401100000,-78.4919800000,22,
TL-55,38.0401000000,-78.4919800000,23,
TL-55,38.0400000000,-78.4919200000,24,
TL-55,38.0399300000,-78.4918800000,25,
TL-55,38.0397800000,-78.4917800000,26,
TL-55,38.0397000000,-78.4917000000,27,
TL-55,38.0396000000,-78.4916100000,28,
TL-55,38.0396000000,-78.4916100000,29,
TL-55,38.0395200000,-78.4915300000,30,
TL-55,38.0394600000,-78.4914700000,31,
TL-55,38.0393900000,-78.4914100000,32,
TL-55,38.0393300000,-78.4913700000,33,
TL-55,38.0392700000,-78.4913300000,34,
TL-55,38.0392600000,-78.4913300000,35,
TL-55,38.0391900000,-78.4912900000,36,
TL-55,38.0391000000,-78.4912500000,37,
TL-55,38.0391000000,-78.4912500000,38,
TL-55,38.0390300000,-78.4912800000,39,
TL-55,38.0389800000,-78.4913000000,40,
TL-55,38.0389200000,-78.4913500000,41,
TL-55,38.0388900000,-78.4913700000,42,
TL-55,38.0387150751,-78.4915229153,43,
TL-55,38.0386200000,-78.4916000000,44,
TL-55,38.0386200000,-78.4916000000,45,
TL-55,38.0386400000,-78.4917700000,46,
TL-55,38.0387100000,-78.4920900000,47,
TL-55,38.0386800000,-78.4922000000,48,
TL-55,38.0387600000,-78.4924400000,49,
TL-55,38.0387600000,-78.4924400000,50,
TL-55,38.0388100000,-78.4926100000,51,
TL-55,38.0389800000,-78.4930900000,52,
TL-55,38.0391395747,-78.4935158306,53,
TL-55,38.0392600000,-78.4938300000,54,
TL-55,38.0394400000,-78.4942900000,55,
TL-55,38.0398000000,-78.4952500000,56,
TL-55,38.0398900000,-78.4955100000,57,
TL-55,38.0399900000,-78.4957800000,58,
TL-55,38.0400000000,-78.4957900000,59,
TL-55,38.0401100000,-78.4961200000,60,
TL-55,38.0401100000,-78.4961200000,61,
TL-55,38.0401816867,-78.4963038773,62,
TL-55,38.0403000000,-78.4966200000,63,
TL-55,38.0403300000,-78.4967300000,64,
TL-55,38.0403700000,-78.4968300000,65,
TL-55,38.0404200000,-78.4969800000,66,
TL-55,38.0405000000,-78.4971900000,67,
TL-55,38.0405700000,-78.4974000000,68,
TL-55,38.0406400000,-78.4976100000,69,
TL-55,38.0406500000,-78.4976200000,70,
TL-55,38.0406800000,-78.4977000000,71,
TL-55,38.0407300000,-78.4978400000,72,
TL-55,38.0408184497,-78.4980185423,73,
TL-55,38.0408600000,-78.4981800000,74,
TL-55,38.0408800000,-78.4982500000,75,
TL-55,38.0409300000,-78.4983800000,76,
TL-55,38.0410300000,-78.4986500000,77,
TL-55,38.0410300000,-78.4986500000,78,
TL-55,38.0410600000,-78.4987300000,79,
TL-55,38.0411753490,-78.4990136441,80,
TL-55,38.0413000000,-78.4993800000,81,
TL-55,38.0413400000,-78.4994900000,82,
TL-55,38.0415100000,-78.4999800000,83,
TL-55,38.0416400000,-78.5002700000,84,
TL-55,38.0416400000,-78.5002900000,85,
TL-55,38.0416900000,-78.5003800000,86,
TL-55,38.0417500000,-78.5004500000,87,
TL-55,38.0417500000,-78.5004500000,88,
TL-55,38.0412600000,-78.5007400000,89,
TL-55,38.0410900000,-78.5008400000,90,
TL-55,38.0408000000,-78.5010100000,91,
TL-55,38.0407200000,-78.5010600000,92,
TL-55,38.0404100000,-78.5012500000,93,
TL-55,38.0402800000,-78.5013300000,94,
TL-55,38.0402800000,-78.5013300000,95,
TL-55,38.0402799317,-78.5013299272,96,
TL-55,38.0401050761,-78.5014558023,97,
TL-55,38.0400600000,-78.5014900000,98,
TL-55,38.0400600000,-78.5014900000,99,
TL-55,38.0399400000,-78.5015700000,100,
TL-55,38.0397200000,-78.5017100000,101,
TL-55,38.0396900000,-78.5017300000,102,
TL-55,38.0396600000,-78.5017500000,103,
TL-55,38.0395600000,-78.5018100000,104,
TL-55,38.0394400000,-78.5018800000,105,
TL-55,38.0391400000,-78.5020600000,106,
TL-55,38.0388000000,-78.5022400000,107,
TL-55,38.0386100000,-78.5023400000,108,
TL-55,38.0385400000,-78.5023800000,109,
TL-55,38.0384900000,-78.5024100000,110,
TL-55,38.0382200000,-78.5025700000,111,
TL-55,38.0381600000,-78.5026100000,112,
TL-55,38.0377300000,-78.5028700000,113,
TL-55,38.0375700000,-78.5029700000,114,
TL-55,38.0372200000,-78.5031800000,115,
TL-55,38.0371000000,-78.5032500000,116,
TL-55,38.0368700000,-78.5033900000,117,
TL-55,38.0367600000,-78.5034600000,118,
TL-55,38.0367600000,-78.5034600000,119,
TL-55,38.0368400000,-78.5036400000,120,
TL-55,38.0368800000,-78.5037500000,121,
TL-55,38.0369100000,-78.5038300000,122,
TL-55,38.0369600000,-78.5039800000,123,
TL-55,38.0370400000,-78.5042200000,124,
TL-55,38.0370600000,-78.5042600000,125,
TL-55,38.0371000000,-78.5043800000,126,
TL-55,38.0371300000,-78.5044700000,127,
TL-55,38.0371400000,-78.5044900000,128,
TL-55,38.0372100000,-78.5046500000,129,
TL-55,38.0372100000,-78.5046500000,130,
TL-55,38.0370600000,-78.5046200000,131,
TL-55,38.0370300000,-78.5046200000,132,
TL-55,38.0370000000,-78.5046100000,133,
TL-55,38.0369200000,-78.5045800000,134,
TL-55,38.0368800000,-78.5045800000,135,
TL-55,38.0367800000,-78.5045600000,136,
TL-55,38.0366400000,-78.5045600000,137,
TL-55,38.0366000000,-78.5045500000,138,
TL-55,38.0365700000,-78.5045500000,139,
TL-55,38.0365500000,-78.5045600000,140,
TL-55,38.0365300000,-78.5045600000,141,
TL-55,38.0364800000,-78.5045900000,142,
TL-55,38.0364000000,-78.5046400000,143,
TL-55,38.0362000000,-78.5047600000,144,
TL-55,38.0361200000,-78.5048100000,145,
TL-55,38.0360400000,-78.5048600000,146,
TL-55,38.0359000000,-78.5049500000,147,
TL-55,38.0357900000,-78.5050300000,148,
TL-55,38.0357000000,-78.5051000000,149,
TL-55,38.0356300000,-78.5051600000,150,
TL-55,38.0355800000,-78.5052000000,151,
TL-55,38.0355300000,-78.5052400000,152,
TL-55,38.0355300000,-78.5052400000,153,
TL-55,38.0352400000,-78.5054000000,154,
TL-55,38.0352000000,-78.5054200000,155,
TL-55,38.0351773244,-78.5054380466,156,
TL-55,38.0351400000,-78.5054600000,157,
TL-55,38.0350515496,-78.5055026822,158,
TL-55,38.0349500000,-78.5055600000,159,
TL-55,38.0348200000,-78.5056400000,160,
TL-55,38.0345100000,-78.5058200000,161,
TL-55,38.0344500000,-78.5058900000,162,
TL-55,38.0343700000,-78.5060100000,163,
TL-55,38.0343300000,-78.5061200000,164,
TL-55,38.0343200000,-78.5061200000,165,
TL-55,38.0343200000,-78.5061200000,166,
TL-55,38.0342800000,-78.5062200000,167,
TL-55,38.0342215495,-78.5063875509,168,
TL-55,38.0341600000,-78.5065200000,169,
TL-55,38.0340800000,-78.5067000000,170,
TL-55,38.0340000000,-78.5068700000,171,
TL-55,38.0339200000,-78.5070600000,172,
TL-55,38.0338300000,-78.5072700000,173,
TL-55,38.0337300000,-78.5074900000,174,
TL-55,38.0337100000,-78.5075700000,175,
TL-55,38.0336900000,-78.5076600000,176,
TL-55,38.0336800000,-78.5077700000,177,
TL-55,38.0336900000,-78.5082800000,178,
TL-55,38.0336900000,-78.5083000000,179,
TL-55,38.0336900000,-78.5085100000,180,
TL-55,38.0337000000,-78.5086900000,181,
TL-55,38.0337100000,-78.5087700000,182,
TL-55,38.0337100000,-78.5088500000,183,
TL-55,38.0337200000,-78.5090000000,184,
TL-55,38.0337200000,-78.5090100000,185,
TL-55,38.0337200000,-78.5091100000,186,
TL-55,38.0337300000,-78.5093400000,187,
TL-55,38.0337400000,-78.5094500000,188,
TL-55,38.0337400000,-78.5095500000,189,
TL-55,38.0337600000,-78.5099900000,190,
TL-55,38.0337700000,-78.5100500000,191,
TL-55,38.0337800000,-78.5101500000,192,
TL-55,38.0337900000,-78.5102200000,193,
TL-55,38.0339800000,-78.5108300000,194,
TL-55,38.0340800000,-78.5110400000,195,
TL-55,38.0342200000,-78.5114600000,196,
TL-55,38.0343000000,-78.5117100000,197,
TL-55,38.0343598057,-78.5118996791,198,
TL-55,38.0343600000,-78.5119000000,199,
TL-55,38.0344000000,-78.5120200000,200,
TL-55,38.0345215495,-78.5123570846,201,
TL-55,38.0346400000,-78.5127000000,202,
TL-55,38.0347200000,-78.5128500000,203,
TL-55,38.0348200000,-78.5130900000,204,
TL-55,38.0350400000,-78.5134700000,205,
TL-55,38.0351000000,-78.5135700000,206,
TL-55,38.0351300000,-78.5136500000,207,
TL-55,38.0351500000,-78.5137200000,208,
TL-55,38.0351700000,-78.5137800000,209,
TL-55,38.0351800000,-78.5138300000,210,
TL-55,38.0351900000,-78.5138700000,211,
TL-55,38.0352000000,-78.5139700000,212,
TL-55,38.0352000000,-78.5141000000,213,
TL-55,38.0352000000,-78.5141000000,214,
TL-55,38.0350500000,-78.5141200000,215,
TL-55,38.0347000000,-78.5141500000,216,
TL-55,38.0344800000,-78.5141600000,217,
TL-55,38.0340000000,-78.5141900000,218,
TL-55,38.0339400000,-78.5141900000,219,
TL-55,38.0339400000,-78.5141900000,220,
TL-55,38.0338500000,-78.5141900000,221,
TL-55,38.0337200000,-78.5142100000,222,
TL-55,38.0336400000,-78.5142200000,223,
TL-55,38.0335261977,-78.5142353644,224,
TL-55,38.0334300000,-78.5142600000,225,
TL-55,38.0333500000,-78.5142700000,226,
TL-55,38.0332600000,-78.5143000000,227,
TL-55,38.0332200000,-78.5143100000,228,
TL-55,38.0331200000,-78.5143400000,229,
TL-55,38.0329800000,-78.5143900000,230,
TL-55,38.0328600000,-78.5144500000,231,
TL-55,38.0327600000,-78.5144900000,232,
TL-55,38.0325700000,-78.5145900000,233,
TL-55,38.0325200000,-78.5146100000,234,
TL-55,38.0324100000,-78.5146700000,235,
TL-55,38.0323200000,-78.5147200000,236,
TL-55,38.0321900000,-78.5148000000,237,
TL-55,38.0321100000,-78.5148400000,238,
TL-55,38.0320100000,-78.5149000000,239,
TL-55,38.0318200000,-78.5150000000,240,
TL-55,38.0312400000,-78.5153000000,241,
TL-55,38.0308500000,-78.5155100000,242,
TL-55,38.0305200000,-78.5156900000,243,
TL-55,38.0303500000,-78.5157800000,244,
TL-55,38.0302900000,-78.5158100000,245,
TL-55,38.0301500000,-78.5159000000,246,
TL-55,38.0300700000,-78.5159400000,247,
TL-55,38.0299400000,-78.5160200000,248,
TL-55,38.0298400000,-78.5160700000,249,
TL-55,38.0297000000,-78.5161400000,250,
TL-55,38.0294500000,-78.5162600000,251,
TL-55,38.0293100000,-78.5163400000,252,
TL-55,38.0292900000,-78.5163500000,253,
TL-55,38.0292900000,-78.5163500000,254,
TL-55,38.0292500000,-78.5163700000,255,
TL-55,38.0291600000,-78.5164100000,256,
TL-55,38.0290509850,-78.5164426822,257,
TL-55,38.0289900000,-78.5164700000,258,
TL-55,38.0289600000,-78.5164700000,259,
TL-55,38.0288900000,-78.5164900000,260,
TL-55,38.0288400000,-78.5165000000,261,
TL-55,38.0288100000,-78.5165000000,262,
TL-55,38.0287500000,-78.5165000000,263,
TL-55,38.0286300000,-78.5165000000,264,
TL-55,38.0286300000,-78.5165000000,265,
TL-55,38.0284000000,-78.5165000000,266,
TL-55,38.0283200000,-78.5165000000,267,
TL-55,38.0279900000,-78.5164900000,268,
TL-55,38.0276900000,-78.5164900000,269,
TL-55,38.0276400000,-78.5164800000,270,
TL-55,38.0275600000,-78.5164700000,271,
TL-55,38.0274900000,-78.5164600000,272,
TL-55,38.0274200000,-78.5164300000,273,
TL-55,38.0273700000,-78.5164100000,274,
TL-55,38.0273100000,-78.5163700000,275,
TL-55,38.0272100000,-78.5162500000,276,
TL-55,38.0271700000,-78.5161900000,277,
TL-55,38.0271600000,-78.5161800000,278,
TL-55,38.0271400000,-78.5161400000,279,
TL-55,38.0270200000,-78.5159400000,280,
TL-55,38.0268100000,-78.5156200000,281,
TL-55,38.0267300000,-78.5155300000,282,
TL-55,38.0266900000,-78.5154700000,283,
TL-55,38.0266300000,-78.5154200000,284,
TL-55,38.0266200000,-78.5154100000,285,
TL-55,38.0265800000,-78.5153900000,286,
TL-55,38.0265400000,-78.5153600000,287,
TL-55,38.0264400000,-78.5153100000,288,
TL-55,38.0263600000,-78.5152800000,289,
TL-55,38.0260200000,-78.5151300000,290,
TL-55,38.0260200000,-78.5151300000,291,
TL-55,38.0259400000,-78.5151200000,292,
TL-55,38.0258700000,-78.5150900000,293,
TL-55,38.0258800000,-78.5150100000,294,
TL-55,38.0259100000,-78.5149000000,295,
TL-55,38.0259300000,-78.5147700000,296,
TL-55,38.0259500000,-78.5146800000,297,
TL-55,38.0259900000,-78.5145300000,298,
TL-55,38.0260200000,-78.5144400000,299,
TL-55,38.0260400000,-78.5143700000,300,
TL-55,38.0261200000,-78.5141200000,301,
TL-55,38.0261600000,-78.5140000000,302,
TL-55,38.0262600000,-78.5136900000,303,
TL-55,38.0263000000,-78.5135700000,304,
TL-55,38.0263400000,-78.5134800000,305,
TL-55,38.0263800000,-78.5133800000,306,
TL-55,38.0264100000,-78.5133200000,307,
TL-55,38.0264100000,-78.5133200000,308,
TL-55,38.0264200000,-78.5132900000,309,
TL-55,38.0265100000,-78.5131300000,310,
TL-55,38.0266300000,-78.5129300000,311,
TL-55,38.0267690155,-78.5126970846,312,
TL-55,38.0269400000,-78.5123900000,313,
TL-55,38.0270100000,-78.5122600000,314,
TL-55,38.0271200000,-78.5120800000,315,
TL-55,38.0272600000,-78.5118600000,316,
TL-55,38.0274100000,-78.5116100000,317,
TL-55,38.0276200000,-78.5112600000,318,
TL-55,38.0277600000,-78.5110500000,319,
TL-55,38.0277600000,-78.5110500000,320,
TL-55,38.0280200000,-78.5106300000,321,
TL-55,38.0283867593,-78.5100502331,322,
TL-55,38.0284700000,-78.5099100000,323,
TL-55,38.0285200000,-78.5098300000,324,
TL-55,38.0285700000,-78.5097800000,325,
TL-55,38.0286300000,-78.5097200000,326,
TL-55,38.0286600000,-78.5096900000,327,
TL-55,38.0286600000,-78.5096900000,328,
TL-55,38.0286900000,-78.5096600000,329,
TL-55,38.0288200000,-78.5095600000,330,
TL-55,38.0288900000,-78.5095100000,331,
TL-55,38.0289300000,-78.5094800000,332,
TL-55,38.0289500000,-78.5094700000,333,
TL-55,38.0289700000,-78.5094600000,334,
TL-55,38.0290200000,-78.5094300000,335,
TL-55,38.0292700000,-78.5092600000,336,
TL-55,38.0296719704,-78.5090021865,337,
TL-55,38.0302300000,-78.5086300000,338,
TL-55,38.0304000000,-78.5085300000,339,
TL-55,38.0305600000,-78.5084300000,340,
TL-55,38.0307200000,-78.5083300000,341,
TL-55,38.0308600000,-78.5082500000,342,
TL-55,38.0310300000,-78.5081400000,343,
TL-55,38.0310300000,-78.5081400000,344,
TL-55,38.0311800000,-78.5080500000,345,
TL-55,38.0313200000,-78.5079700000,346,
TL-55,38.0314600000,-78.5079000000,347,
TL-55,38.0315400000,-78.5078500000,348,
TL-55,38.0315900000,-78.5078100000,349,
TL-55,38.0316500000,-78.5078000000,350,
TL-55,38.0317000000,-78.5077800000,351,
TL-55,38.0317600000,-78.5077800000,352,
TL-55,38.0318400000,-78.5077800000,353,
TL-55,38.0319900000,-78.5078000000,354,
TL-55,38.0319900000,-78.5078000000,355,
TL-55,38.0320594365,-78.5074902331,356,
TL-55,38.0320900000,-78.5073200000,357,
TL-55,38.0321000000,-78.5070100000,358,
TL-55,38.0320900000,-78.5067200000,359,
TL-55,38.0320900000,-78.5064900000,360,
TL-55,38.0320800000,-78.5063700000,361,
TL-55,38.0320700000,-78.5059200000,362,
TL-55,38.0320600000,-78.5057500000,363,
TL-55,38.0320500000,-78.5056500000,364,
TL-55,38.0320400000,-78.5054700000,365,
TL-55,38.0320400000,-78.5053800000,366,
TL-55,38.0320400000,-78.5052200000,367,
TL-55,38.0320300000,-78.5050300000,368,
TL-55,38.0320300000,-78.5049900000,369,
TL-55,38.0320300000,-78.5047400000,370,
TL-55,38.0320300000,-78.5045400000,371,
TL-55,38.0320300000,-78.5044600000,372,
TL-55,38.0320300000,-78.5043900000,373,
TL-55,38.0320500000,-78.5040400000,374,
TL-55,38.0320600000,-78.5038100000,375,
TL-55,38.0320600000,-78.5036700000,376,
TL-55,38.0320600000,-78.5036500000,377,
TL-55,38.0320700000,-78.5034400000,378,
TL-55,38.0320800352,-78.5032901604,379,
TL-55,38.0320800000,-78.5032900000,380,
TL-55,38.0320800000,-78.5032100000,381,
TL-55,38.0320900000,-78.5027800000,382,
TL-55,38.0321000000,-78.5025800000,383,
TL-55,38.0321000000,-78.5025000000,384,
TL-55,38.0321000000,-78.5024600000,385,
TL-55,38.0321100000,-78.5023200000,386,
TL-55,38.0321100000,-78.5023100000,387,
TL-55,38.0321200000,-78.5021229153,388,
TL-55,38.0321300000,-78.5020000000,389,
TL-55,38.0321500000,-78.5018600000,390,
TL-55,38.0321700000,-78.5017200000,391,
TL-55,38.0321700000,-78.5016600000,392,
TL-55,38.0322800000,-78.5012200000,393,
TL-55,38.0323700000,-78.5008500000,394,
TL-55,38.0323700000,-78.5008500000,395,
TL-55,38.0324300000,-78.5006300000,396,
TL-55,38.0324800000,-78.5004400000,397,
TL-55,38.0325663380,-78.5001217202,398,
TL-55,38.0326400000,-78.4998700000,399,
TL-55,38.0328100000,-78.4992700000,400,
TL-55,38.0328200000,-78.4992500000,401,
TL-55,38.0328800000,-78.4990700000,402,
TL-55,38.0328900000,-78.4990500000,403,
TL-55,38.0330100000,-78.4986200000,404,
TL-55,38.0330900000,-78.4983400000,405,
TL-55,38.0331400000,-78.4981500000,406,
TL-55,38.0331700000,-78.4980900000,407,
TL-55,38.0331800000,-78.4980600000,408,
TL-55,38.0332100000,-78.4980200000,409,
TL-55,38.0332600000,-78.4979700000,410,
TL-55,38.0333000000,-78.4979300000,411,
TL-55,38.0333000000,-78.4979300000,412,
TL-55,38.0333400000,-78.4981100000,413,
TL-55,38.0333800000,-78.4983000000,414,
TL-55,38.0334000000,-78.4983700000,415,
TL-55,38.0334100000,-78.4984200000,416,
TL-55,38.0334400000,-78.4985100000,417,
TL-55,38.0334600000,-78.4985500000,418,
TL-55,38.0335200000,-78.4986600000,419,
TL-55,38.0336400000,-78.4988800000,420,
TL-55,38.0338600000,-78.4992800000,421,
TL-55,38.0339400000,-78.4994300000,422,
TL-55,38.0339600000,-78.4994600000,423,
TL-55,38.0340400000,-78.4995900000,424,
TL-55,38.0340400000,-78.4995900000,425,
TL-55,38.0342100000,-78.4995100000,426,
TL-55,38.0344200000,-78.4994000000,427,
TL-55,38.0345294369,-78.4993507288,428,
TL-55,38.0346200000,-78.4993000000,429,
TL-55,38.0346200000,-78.4993000000,430,
TL-55,38.0347400000,-78.4992300000,431,
TL-55,38.0349100000,-78.4991400000,432,
TL-55,38.0350200000,-78.4990800000,433,
TL-55,38.0351100000,-78.4990300000,434,
TL-55,38.0351900000,-78.4989800000,435,
TL-55,38.0352509866,-78.4989587754,436,
TL-55,38.0353500000,-78.4989000000,437,
TL-55,38.0355100000,-78.4988000000,438,
TL-55,38.0356000000,-78.4987600000,439,
TL-55,38.0356800000,-78.4987200000,440,
TL-55,38.0357000000,-78.4987100000,441,
TL-55,38.0357500000,-78.4986800000,442,
TL-55,38.0359100000,-78.4985900000,443,
TL-55,38.0360800000,-78.4985100000,444,
TL-55,38.0362900000,-78.4984000000,445,
TL-55,38.0365000000,-78.4982900000,446,
TL-55,38.0366700000,-78.4982100000,447,
TL-55,38.0368400000,-78.4981200000,448,
TL-55,38.0369200000,-78.4980800000,449,
TL-55,38.0370000000,-78.4980400000,450,
TL-55,38.0372300000,-78.4979200000,451,
TL-55,38.0372800000,-78.4978900000,452,
TL-55,38.0373800000,-78.4978400000,453,
TL-55,38.0373800000,-78.4978400000,454,
TL-55,38.0375200000,-78.4977700000,455,
TL-55,38.0378100000,-78.4976300000,456,
TL-55,38.0379300000,-78.4975700000,457,
TL-55,38.0380919748,-78.4974941398,458,
TL-55,38.0383300000,-78.4973500000,459,
TL-55,38.0384000000,-78.4973100000,460,
TL-55,38.0384100000,-78.4973100000,461,
TL-55,38.0387400000,-78.4971100000,462,
TL-55,38.0387900000,-78.4970900000,463,
TL-55,38.0388200000,-78.4970700000,464,
TL-55,38.0389000000,-78.4970100000,465,
TL-55,38.0392200000,-78.4968000000,466,
TL-55,38.0396700000,-78.4965200000,467,
TL-55,38.0398300000,-78.4964100000,468,
TL-55,38.0401500000,-78.4962100000,469,
TL-55,38.0404400000,-78.4960500000,470,
TL-55,38.0404400000,-78.4960500000,471,
TL-55,38.0404800000,-78.4960300000,472,
TL-55,38.0406000000,-78.4959600000,473,
TL-55,38.0407000000,-78.4959000000,474,
TL-55,38.0407700000,-78.4958500000,475,
TL-55,38.0407800000,-78.4958500000,476,
TL-55,38.0409200000,-78.4957200000,477,
TL-55,38.0409200000,-78.4957200000,478,
TL-55,38.0409900000,-78.4956500000,479,
TL-55,38.0410500000,-78.4955800000,480,
TL-55,38.0411000000,-78.4955000000,481,
TL-55,38.0411400000,-78.4954400000,482,
TL-55,38.0412000000,-78.4953200000,483,
TL-55,38.0413000000,-78.4951400000,484,
TL-55,38.0414000000,-78.4949700000,485,
TL-55,38.0414200000,-78.4949500000,486,
TL-55,38.0415000000,-78.4948100000,487,
TL-55,38.0415200000,-78.4947600000,488,
TL-55,38.0416311240,-78.4945931779,489,
TL-55,38.0417100000,-78.4944500000,490,
TL-55,38.0417300000,-78.4943900000,491,
TL-55,38.0418200000,-78.4940700000,492,
TL-55,38.0418400000,-78.4938200000,493,
TL-55,38.0418400000,-78.4937500000,494,
TL-55,38.0418300000,-78.4935200000,495,
TL-55,38.0418100000,-78.4931800000,496,
TL-57,38.0294300000,-78.5195700000,1,
TL-57,38.0294600000,-78.5196800000,2,
TL-57,38.0294821127,-78.5197814576,3,
TL-57,38.0294900000,-78.5198300000,4,
TL-57,38.0295000000,-78.5199200000,5,
TL-57,38.0295000000,-78.5199900000,6,
TL-57,38.0295100000,-78.5200700000,7,
TL-57,38.0295100000,-78.5202100000,8,
TL-57,38.0295100000,-78.5203200000,9,
TL-57,38.0295100000,-78.5203700000,10,
TL-57,38.0295200000,-78.5204400000,11,
TL-57,38.0295400000,-78.5205100000,12,
TL-57,38.0295500000,-78.5205600000,13,
TL-57,38.0295600000,-78.5205800000,14,
TL-57,38.0295800000,-78.5206200000,15,
TL-57,38.0295900000,-78.5206400000,16,
TL-57,38.0296100000,-78.5206700000,17,
TL-57,38.0296400000,-78.5207000000,18,
TL-57,38.0296800000,-78.5207400000,19,
TL-57,38.0297200000,-78.5207700000,20,
TL-57,38.0297300000,-78.5207700000,21,
TL-57,38.0297400000,-78.5207800000,22,
TL-57,38.0297700000,-78.5207900000,23,
TL-57,38.0298200000,-78.5208100000,24,
TL-57,38.0298600000,-78.5208200000,25,
TL-57,38.0299100000,-78.5208300000,26,
TL-57,38.0299200000,-78.5208300000,27,
TL-57,38.0299900000,-78.5208400000,28,
TL-57,38.0300500000,-78.5208500000,29,
TL-57,38.0300900000,-78.5208500000,30,
TL-57,38.0301000000,-78.5208500000,31,
TL-57,38.0301300000,-78.5208500000,32,
TL-57,38.0301400000,-78.5208500000,33,
TL-57,38.0301900000,-78.5208400000,34,
TL-57,38.0302400000,-78.5208400000,35,
TL-57,38.0302700000,-78.5208300000,36,
TL-57,38.0302900000,-78.5208200000,37,
TL-57,38.0303100000,-78.5208100000,38,
TL-57,38.0303300000,-78.5208000000,39,
TL-57,38.0303600000,-78.5207700000,40,
TL-57,38.0303900000,-78.5207400000,41,
TL-57,38.0304100000,-78.5207200000,42,
TL-57,38.0304200000,-78.5207100000,43,
TL-57,38.0304300000,-78.5206900000,44,
TL-57,38.0304500000,-78.5206700000,45,
TL-57,38.0304600000,-78.5206600000,46,
TL-57,38.0304800000,-78.5206200000,47,
TL-57,38.0305100000,-78.5205600000,48,
TL-57,38.0305200000,-78.5205300000,49,
TL-57,38.0305300000,-78.5205000000,50,
TL-57,38.0305300000,-78.5204700000,51,
TL-57,38.0305400000,-78.5204400000,52,
TL-57,38.0305500000,-78.5203700000,53,
TL-57,38.0305500000,-78.5203100000,54,
TL-57,38.0305500000,-78.5202500000,55,
TL-57,38.0305400000,-78.5200900000,56,
TL-57,38.0305200000,-78.5199100000,57,
TL-57,38.0305200000,-78.5198300000,58,
TL-57,38.0305200000,-78.5197800000,59,
TL-57,38.0305200000,-78.5197400000,60,
TL-57,38.0305200000,-78.5196800000,61,
TL-57,38.0305300000,-78.5195900000,62,
TL-57,38.0305300000,-78.5195900000,63,
TL-57,38.0305300000,-78.5195300000,64,
TL-57,38.0305400000,-78.5194400000,65,
TL-57,38.0305600000,-78.5193200000,66,
TL-57,38.0305800000,-78.5192500000,67,
TL-57,38.0305900000,-78.5192400000,68,
TL-57,38.0306100000,-78.5191500000,69,
TL-57,38.0306700000,-78.5190300000,70,
TL-57,38.0307316908,-78.5189251312,71,
TL-57,38.0307800000,-78.5188700000,72,
TL-57,38.0308300000,-78.5188000000,73,
TL-57,38.0309000000,-78.5187400000,74,
TL-57,38.0309700000,-78.5186600000,75,
TL-57,38.0310100000,-78.5186300000,76,
TL-57,38.0311200000,-78.5185300000,77,
TL-57,38.0312400000,-78.5184500000,78,
TL-57,38.0313300000,-78.5183900000,79,
TL-57,38.0313900000,-78.5183500000,80,
TL-57,38.0314300000,-78.5183100000,81,
TL-57,38.0315600000,-78.5182400000,82,
TL-57,38.0316400000,-78.5182000000,83,
TL-57,38.0316600000,-78.5181900000,84,
TL-57,38.0317400000,-78.5181500000,85,
TL-57,38.0318300000,-78.5181100000,86,
TL-57,38.0319000000,-78.5180800000,87,
TL-57,38.0319600000,-78.5180500000,88,
TL-57,38.0319600000,-78.5180500000,89,
TL-57,38.0320000000,-78.5180300000,90,
TL-57,38.0321700000,-78.5179400000,91,
TL-57,38.0322400000,-78.5179100000,92,
TL-57,38.0323400000,-78.5178600000,93,
TL-57,38.0324200000,-78.5178200000,94,
TL-57,38.0325000000,-78.5177900000,95,
TL-57,38.0325100000,-78.5177900000,96,
TL-57,38.0325500000,-78.5177800000,97,
TL-57,38.0325900000,-78.5177700000,98,
TL-57,38.0326300000,-78.5177700000,99,
TL-57,38.0326700000,-78.5177700000,100,
TL-57,38.0326900000,-78.5177700000,101,
TL-57,38.0327200000,-78.5177800000,102,
TL-57,38.0327600000,-78.5177900000,103,
TL-57,38.0328100000,-78.5178100000,104,
TL-57,38.0328600000,-78.5178300000,105,
TL-57,38.0328800000,-78.5178400000,106,
TL-57,38.0330200000,-78.5179200000,107,
TL-57,38.0330900000,-78.5179600000,108,
TL-57,38.0331000000,-78.5179600000,109,
TL-57,38.0331500000,-78.5179900000,110,
TL-57,38.0332000000,-78.5180000000,111,
TL-57,38.0332600000,-78.5180100000,112,
TL-57,38.0332700000,-78.5180100000,113,
TL-57,38.0333100000,-78.5180100000,114,
TL-57,38.0333600000,-78.5180000000,115,
TL-57,38.0334100000,-78.5180000000,116,
TL-57,38.0334600000,-78.5179800000,117,
TL-57,38.0335800000,-78.5179400000,118,
TL-57,38.0336200000,-78.5179300000,119,
TL-57,38.0337900000,-78.5178600000,120,
TL-57,38.0338500000,-78.5178300000,121,
TL-57,38.0338500000,-78.5178300000,122,
TL-57,38.0339400000,-78.5177700000,123,
TL-57,38.0339800000,-78.5177500000,124,
TL-57,38.0341253515,-78.5176692711,125,
TL-57,38.0342700000,-78.5175900000,126,
TL-57,38.0342900000,-78.5175700000,127,
TL-57,38.0346000000,-78.5173700000,128,
TL-57,38.0347400000,-78.5172500000,129,
TL-57,38.0348100000,-78.5171700000,130,
TL-57,38.0348800000,-78.5170800000,131,
TL-57,38.0349500000,-78.5169600000,132,
TL-57,38.0350200000,-78.5168400000,133,
TL-57,38.0350300000,-78.5167700000,134,
TL-57,38.0350300000,-78.5166900000,135,
TL-57,38.0350500000,-78.5164700000,136,
TL-57,38.0350600000,-78.5162900000,137,
TL-57,38.0350700000,-78.5161000000,138,
TL-57,38.0350702640,-78.5160998395,139,
TL-57,38.0350800000,-78.5159400000,140,
TL-57,38.0351100000,-78.5156500000,141,
TL-57,38.0351400000,-78.5152700000,142,
TL-57,38.0351800000,-78.5147000000,143,
TL-57,38.0351900000,-78.5145000000,144,
TL-57,38.0352000000,-78.5144400000,145,
TL-57,38.0352100000,-78.5142700000,146,
TL-57,38.0352100000,-78.5142500000,147,
TL-57,38.0352100000,-78.5141800000,148,
TL-57,38.0352000000,-78.5141000000,149,
TL-57,38.0352000000,-78.5139700000,150,
TL-57,38.0351900000,-78.5138700000,151,
TL-57,38.0351800000,-78.5138300000,152,
TL-57,38.0351700000,-78.5137800000,153,
TL-57,38.0351500000,-78.5137200000,154,
TL-57,38.0351300000,-78.5136500000,155,
TL-57,38.0351000000,-78.5135700000,156,
TL-57,38.0350400000,-78.5134700000,157,
TL-57,38.0348200000,-78.5130900000,158,
TL-57,38.0347200000,-78.5128500000,159,
TL-57,38.0346400000,-78.5127000000,160,
TL-57,38.0345109864,-78.5123490380,161,
TL-57,38.0344000000,-78.5120200000,162,
TL-57,38.0343621126,-78.5118979883,163,
TL-57,38.0343000000,-78.5117100000,164,
TL-57,38.0343000698,-78.5117097374,165,
TL-57,38.0342200000,-78.5114600000,166,
TL-57,38.0340800000,-78.5110400000,167,
TL-57,38.0339800000,-78.5108300000,168,
TL-57,38.0337900000,-78.5102200000,169,
TL-57,38.0337800000,-78.5101500000,170,
TL-57,38.0337700000,-78.5100500000,171,
TL-57,38.0337600000,-78.5099900000,172,
TL-57,38.0337400000,-78.5095500000,173,
TL-57,38.0337400000,-78.5094500000,174,
TL-57,38.0337300000,-78.5093400000,175,
TL-57,38.0337200000,-78.5091100000,176,
TL-57,38.0337200000,-78.5090100000,177,
TL-57,38.0337200000,-78.5090000000,178,
TL-57,38.0337100000,-78.5088500000,179,
TL-57,38.0337100000,-78.5087700000,180,
TL-57,38.0337000000,-78.5086900000,181,
TL-57,38.0336900000,-78.5085100000,182,
TL-57,38.0336900000,-78.5083000000,183,
TL-57,38.0336900000,-78.5082800000,184,
TL-57,38.0336800000,-78.5077700000,185,
TL-57,38.0336900000,-78.5076600000,186,
TL-57,38.0337100000,-78.5075700000,187,
TL-57,38.0337300000,-78.5074900000,188,
TL-57,38.0338300000,-78.5072700000,189,
TL-57,38.0339200000,-78.5070600000,190,
TL-57,38.0340000000,-78.5068700000,191,
TL-57,38.0340800000,-78.5067000000,192,
TL-57,38.0341600000,-78.5065200000,193,
TL-57,38.0342416194,-78.5063204957,194,
TL-57,38.0342800000,-78.5062200000,195,
TL-57,38.0343300000,-78.5061200000,196,
TL-57,38.0343400000,-78.5060800000,197,
TL-57,38.0343400000,-78.5060800000,198,
TL-57,38.0343700000,-78.5060100000,199,
TL-57,38.0344500000,-78.5058900000,200,
TL-57,38.0345100000,-78.5058200000,201,
TL-57,38.0347883109,-78.5056587754,202,
TL-57,38.0349500000,-78.5055600000,203,
TL-57,38.0350600000,-78.5055000000,204,
TL-57,38.0351400000,-78.5054600000,205,
TL-57,38.0351900000,-78.5054300000,206,
TL-57,38.0352000000,-78.5054200000,207,
TL-57,38.0352400000,-78.5054000000,208,
TL-57,38.0355300000,-78.5052400000,209,
TL-57,38.0355800000,-78.5052000000,210,
TL-57,38.0356300000,-78.5051600000,211,
TL-57,38.0357000000,-78.5051000000,212,
TL-57,38.0357900000,-78.5050300000,213,
TL-57,38.0359000000,-78.5049500000,214,
TL-57,38.0360421125,-78.5048841398,215,
TL-57,38.0361200000,-78.5048100000,216,
TL-57,38.0362000000,-78.5047600000,217,
TL-57,38.0362700000,-78.5047200000,218,
TL-57,38.0362700000,-78.5047200000,219,
TL-57,38.0364000000,-78.5046400000,220,
TL-57,38.0364800000,-78.5045900000,221,
TL-57,38.0365300000,-78.5045600000,222,
TL-57,38.0366281645,-78.5045322012,223,
TL-57,38.0366798527,-78.5044829447,224,
TL-57,38.0367468268,-78.5043457876,225,
TL-57,38.0367905626,-78.5041147532,226,
TL-57,38.0367807102,-78.5038987189,227,
TL-57,38.0367866328,-78.5037034133,228,
TL-57,38.0368462086,-78.5036409937,229,
TL-57,38.0370494372,-78.5042176686,230,
TL-57,38.0372100000,-78.5046500000,231,
TL-57,38.0372100000,-78.5046500000,232,
TL-57,38.0372900000,-78.5047700000,233,
TL-57,38.0372900000,-78.5047700000,234,
TL-57,38.0373200000,-78.5048200000,235,
TL-57,38.0374684501,-78.5049431779,236,
TL-57,38.0375100000,-78.5050100000,237,
TL-57,38.0375700000,-78.5050600000,238,
TL-57,38.0376200000,-78.5051000000,239,
TL-57,38.0376300000,-78.5051100000,240,
TL-57,38.0377000000,-78.5051600000,241,
TL-57,38.0377600000,-78.5051900000,242,
TL-57,38.0378900000,-78.5052600000,243,
TL-57,38.0382800000,-78.5054600000,244,
TL-57,38.0386100000,-78.5056300000,245,
TL-57,38.0389300000,-78.5057800000,246,
TL-57,38.0389900000,-78.5058000000,247,
TL-57,38.0391100000,-78.5058800000,248,
TL-57,38.0392900000,-78.5060000000,249,
TL-57,38.0393300000,-78.5060200000,250,
TL-57,38.0393600000,-78.5060400000,251,
TL-57,38.0394000000,-78.5060700000,252,
TL-57,38.0394200000,-78.5060900000,253,
TL-57,38.0394500000,-78.5061200000,254,
TL-57,38.0395200000,-78.5061900000,255,
TL-57,38.0395500000,-78.5062400000,256,
TL-57,38.0395900000,-78.5062800000,257,
TL-57,38.0396200000,-78.5063300000,258,
TL-57,38.0397000000,-78.5064400000,259,
TL-57,38.0398400000,-78.5066800000,260,
TL-57,38.0398400000,-78.5066800000,261,
TL-57,38.0400400000,-78.5066300000,262,
TL-57,38.0402200000,-78.5065800000,263,
TL-57,38.0403200000,-78.5065500000,264,
TL-57,38.0404100000,-78.5065100000,265,
TL-57,38.0404900000,-78.5064800000,266,
TL-57,38.0405200000,-78.5064600000,267,
TL-57,38.0407257751,-78.5063478134,268,
TL-57,38.0410300000,-78.5062600000,269,
TL-57,38.0411300000,-78.5062300000,270,
TL-57,38.0411300000,-78.5062300000,271,
TL-57,38.0413300000,-78.5061500000,272,
TL-57,38.0416700000,-78.5060200000,273,
TL-57,38.0418200000,-78.5059700000,274,
TL-57,38.0422100000,-78.5058200000,275,
TL-57,38.0423400000,-78.5057800000,276,
TL-57,38.0423900000,-78.5057600000,277,
TL-57,38.0426000000,-78.5056800000,278,
TL-57,38.0426600000,-78.5056600000,279,
TL-57,38.0430257752,-78.5055112245,280,
TL-57,38.0432300000,-78.5054700000,281,
TL-57,38.0432739943,-78.5054774343,282,
TL-57,38.0432532302,-78.5054433527,283,
TL-57,38.0433600000,-78.5054100000,284,
TL-57,38.0433900000,-78.5054000000,285,
TL-57,38.0434200000,-78.5053900000,286,
TL-57,38.0437200000,-78.5052900000,287,
TL-57,38.0437300000,-78.5052900000,288,
TL-57,38.0439100000,-78.5052200000,289,
TL-57,38.0443800000,-78.5050600000,290,
TL-57,38.0443800000,-78.5050600000,291,
TL-57,38.0444200000,-78.5051900000,292,
TL-57,38.0445300000,-78.5054800000,293,
TL-57,38.0446100000,-78.5056900000,294,
TL-57,38.0446900000,-78.5059000000,295,
TL-57,38.0447705615,-78.5060519533,296,
TL-57,38.0448700000,-78.5063100000,297,
TL-57,38.0450800000,-78.5067900000,298,
TL-57,38.0451500000,-78.5069400000,299,
TL-57,38.0452900000,-78.5072500000,300,
TL-57,38.0453800000,-78.5074500000,301,
TL-57,38.0455100000,-78.5077600000,302,
TL-57,38.0455505614,-78.5078502331,303,
TL-57,38.0455500000,-78.5078500000,304,
TL-57,38.0456000000,-78.5079600000,305,
TL-57,38.0457026737,-78.5081439067,306,
TL-57,38.0457800000,-78.5083600000,307,
TL-57,38.0458400000,-78.5084800000,308,
TL-57,38.0459500000,-78.5087400000,309,
TL-57,38.0460200000,-78.5089100000,310,
TL-57,38.0461000000,-78.5091100000,311,
TL-57,38.0462000000,-78.5093200000,312,
TL-57,38.0462600000,-78.5094500000,313,
TL-57,38.0462900000,-78.5095200000,314,
TL-57,38.0463800000,-78.5097100000,315,
TL-57,38.0465100000,-78.5100000000,316,
TL-57,38.0466800000,-78.5104000000,317,
TL-57,38.0468500000,-78.5107600000,318,
TL-57,38.0468500000,-78.5107800000,319,
TL-57,38.0470500000,-78.5111400000,320,
TL-57,38.0472000000,-78.5113700000,321,
TL-57,38.0472500000,-78.5114500000,322,
TL-57,38.0474100000,-78.5116600000,323,
TL-57,38.0474800000,-78.5117300000,324,
TL-57,38.0475300000,-78.5117800000,325,
TL-57,38.0475800000,-78.5118300000,326,
TL-57,38.0476300000,-78.5118700000,327,
TL-57,38.0476842244,-78.5118912245,328,
TL-57,38.0477400000,-78.5119400000,329,
TL-57,38.0478000000,-78.5119900000,330,
TL-57,38.0478500000,-78.5120100000,331,
TL-57,38.0479100000,-78.5120500000,332,
TL-57,38.0479800000,-78.5120800000,333,
TL-57,38.0480600000,-78.5121000000,334,
TL-57,38.0481200000,-78.5121200000,335,
TL-57,38.0481300000,-78.5121200000,336,
TL-57,38.0481300000,-78.5121200000,337,
TL-57,38.0482400000,-78.5121400000,338,
TL-57,38.0483100000,-78.5121300000,339,
TL-57,38.0486200000,-78.5121100000,340,
TL-57,38.0487600000,-78.5121000000,341,
TL-57,38.0488300000,-78.5121100000,342,
TL-57,38.0488900000,-78.5121100000,343,
TL-57,38.0489300000,-78.5121200000,344,
TL-57,38.0489800000,-78.5121300000,345,
TL-57,38.0490200000,-78.5121400000,346,
TL-57,38.0490300000,-78.5121500000,347,
TL-57,38.0490700000,-78.5121600000,348,
TL-57,38.0491500000,-78.5122100000,349,
TL-57,38.0492000000,-78.5122400000,350,
TL-57,38.0492100000,-78.5122400000,351,
TL-57,38.0492400000,-78.5122700000,352,
TL-57,38.0493000000,-78.5123200000,353,
TL-57,38.0494200000,-78.5124100000,354,
TL-57,38.0495000000,-78.5124800000,355,
TL-57,38.0496400000,-78.5126100000,356,
TL-57,38.0496900000,-78.5126500000,357,
TL-57,38.0497500000,-78.5127100000,358,
TL-57,38.0498100000,-78.5127900000,359,
TL-57,38.0498400000,-78.5128300000,360,
TL-57,38.0499300000,-78.5129300000,361,
TL-57,38.0499800000,-78.5130000000,362,
TL-57,38.0499800000,-78.5130000000,363,
TL-57,38.0500600000,-78.5129500000,364,
TL-57,38.0501200000,-78.5129100000,365,
TL-57,38.0503000000,-78.5128000000,366,
TL-57,38.0503300000,-78.5127900000,367,
TL-57,38.0504500000,-78.5127100000,368,
TL-57,38.0505542243,-78.5126560932,369,
TL-57,38.0506600000,-78.5125600000,370,
TL-57,38.0506600000,-78.5125600000,371,
TL-57,38.0507200000,-78.5125200000,372,
TL-57,38.0508400000,-78.5124300000,373,
TL-57,38.0509200000,-78.5123800000,374,
TL-57,38.0510800000,-78.5122800000,375,
TL-57,38.0511400000,-78.5122500000,376,
TL-57,38.0512500000,-78.5121900000,377,
TL-57,38.0512600000,-78.5121800000,378,
TL-57,38.0513400000,-78.5121300000,379,
TL-57,38.0513900000,-78.5120900000,380,
TL-57,38.0515600000,-78.5119700000,381,
TL-57,38.0516400000,-78.5118700000,382,
TL-57,38.0517000000,-78.5117500000,383,
TL-57,38.0517700000,-78.5115900000,384,
TL-57,38.0518100000,-78.5114700000,385,
TL-57,38.0518200000,-78.5114300000,386,
TL-57,38.0518600000,-78.5112700000,387,
TL-57,38.0518800000,-78.5111400000,388,
TL-57,38.0518900000,-78.5110000000,389,
TL-57,38.0519200000,-78.5106600000,390,
TL-57,38.0519300000,-78.5105500000,391,
TL-57,38.0519384484,-78.5104131779,392,
TL-57,38.0519300000,-78.5102100000,393,
TL-57,38.0519400000,-78.5098000000,394,
TL-57,38.0519400000,-78.5098001748,395,
TL-57,38.0519500000,-78.5094700000,396,
TL-57,38.0519500000,-78.5094200000,397,
TL-57,38.0519600000,-78.5093400000,398,
TL-57,38.0519600000,-78.5093400000,399,
TL-57,38.0518800000,-78.5093200000,400,
TL-57,38.0518000000,-78.5092900000,401,
TL-57,38.0517600000,-78.5092700000,402,
TL-57,38.0517500000,-78.5092500000,403,
TL-57,38.0517300000,-78.5092400000,404,
TL-57,38.0517100000,-78.5092200000,405,
TL-57,38.0517000000,-78.5092000000,406,
TL-57,38.0516700000,-78.5091600000,407,
TL-57,38.0515526727,-78.5088912245,408,
TL-57,38.0515000000,-78.5088200000,409,
TL-57,38.0514400000,-78.5087300000,410,
TL-57,38.0514000000,-78.5086700000,411,
TL-57,38.0513900000,-78.5086600000,412,
TL-57,38.0513600000,-78.5086200000,413,
TL-57,38.0513100000,-78.5085600000,414,
TL-57,38.0512600000,-78.5085200000,415,
TL-57,38.0512500000,-78.5085100000,416,
TL-57,38.0512000000,-78.5084700000,417,
TL-57,38.0510700000,-78.5083900000,418,
TL-57,38.0509900000,-78.5083300000,419,
TL-57,38.0509400000,-78.5083000000,420,
TL-57,38.0509100000,-78.5082700000,421,
TL-57,38.0508800000,-78.5082400000,422,
TL-57,38.0508400000,-78.5081800000,423,
TL-57,38.0508200000,-78.5081600000,424,
TL-57,38.0507700000,-78.5080900000,425,
TL-57,38.0506700000,-78.5079600000,426,
TL-57,38.0505600000,-78.5078100000,427,
TL-57,38.0504500000,-78.5076700000,428,
TL-57,38.0504300000,-78.5076500000,429,
TL-57,38.0501600000,-78.5072700000,430,
TL-57,38.0500700000,-78.5071700000,431,
TL-57,38.0499400000,-78.5069800000,432,
TL-57,38.0496984487,-78.5066412245,433,
TL-57,38.0495400000,-78.5064400000,434,
TL-57,38.0494200000,-78.5062800000,435,
TL-57,38.0494200000,-78.5062800000,436,
TL-57,38.0493000000,-78.5061000000,437,
TL-57,38.0492600000,-78.5060400000,438,
TL-57,38.0491300000,-78.5058700000,439,
TL-57,38.0490440926,-78.5057202625,440,
TL-57,38.0488600000,-78.5054800000,441,
TL-57,38.0488600000,-78.5054800000,442,
TL-57,38.0489200000,-78.5053800000,443,
TL-57,38.0489800000,-78.5053200000,444,
TL-57,38.0490300000,-78.5052800000,445,
TL-57,38.0490600000,-78.5052500000,446,
TL-57,38.0491700000,-78.5051500000,447,
TL-57,38.0492800000,-78.5050300000,448,
TL-57,38.0493900000,-78.5049200000,449,
TL-57,38.0494500000,-78.5048600000,450,
TL-57,38.0494700000,-78.5048500000,451,
TL-57,38.0494800000,-78.5048200000,452,
TL-57,38.0495000000,-78.5047600000,453,
TL-57,38.0494800000,-78.5046400000,454,
TL-57,38.0494800000,-78.5046400000,455,
TL-57,38.0494047852,-78.5045160932,456,
TL-57,38.0492900000,-78.5043600000,457,
TL-57,38.0492900000,-78.5043500000,458,
TL-57,38.0492100000,-78.5042400000,459,
TL-57,38.0491300000,-78.5041200000,460,
TL-57,38.0491300000,-78.5041200000,461,
TL-57,38.0490700000,-78.5041900000,462,
TL-57,38.0489600000,-78.5043000000,463,
TL-57,38.0489200000,-78.5043500000,464,
TL-57,38.0487400000,-78.5045300000,465,
TL-57,38.0487000000,-78.5045800000,466,
TL-57,38.0486500000,-78.5046200000,467,
TL-57,38.0486000000,-78.5046700000,468,
TL-57,38.0484500000,-78.5048100000,469,
TL-57,38.0484500000,-78.5048100000,470,
TL-57,38.0485700000,-78.5050000000,471,
TL-57,38.0485900000,-78.5050400000,472,
TL-57,38.0486000000,-78.5050600000,473,
TL-57,38.0487300659,-78.5052798395,474,
TL-57,38.0487300000,-78.5052800000,475,
TL-57,38.0488600000,-78.5054800000,476,
TL-57,38.0490377561,-78.5057256269,477,
TL-57,38.0491300000,-78.5058700000,478,
TL-57,38.0492600000,-78.5060400000,479,
TL-57,38.0493000000,-78.5061000000,480,
TL-57,38.0495400000,-78.5064400000,481,
TL-57,38.0497026730,-78.5066331779,482,
TL-57,38.0499400000,-78.5069800000,483,
TL-57,38.0500700000,-78.5071700000,484,
TL-57,38.0501600000,-78.5072700000,485,
TL-57,38.0504300000,-78.5076500000,486,
TL-57,38.0504500000,-78.5076700000,487,
TL-57,38.0505600000,-78.5078100000,488,
TL-57,38.0506700000,-78.5079600000,489,
TL-57,38.0507700000,-78.5080900000,490,
TL-57,38.0507800000,-78.5081100000,491,
TL-57,38.0507800000,-78.5081100000,492,
TL-57,38.0508200000,-78.5081600000,493,
TL-57,38.0508400000,-78.5081800000,494,
TL-57,38.0508800000,-78.5082400000,495,
TL-57,38.0509100000,-78.5082700000,496,
TL-57,38.0509400000,-78.5083000000,497,
TL-57,38.0509900000,-78.5083300000,498,
TL-57,38.0510700000,-78.5083900000,499,
TL-57,38.0512000000,-78.5084700000,500,
TL-57,38.0512500000,-78.5085100000,501,
TL-57,38.0512600000,-78.5085200000,502,
TL-57,38.0513100000,-78.5085600000,503,
TL-57,38.0513600000,-78.5086200000,504,
TL-57,38.0513900000,-78.5086600000,505,
TL-57,38.0514000000,-78.5086700000,506,
TL-57,38.0514400000,-78.5087300000,507,
TL-57,38.0515000000,-78.5088200000,508,
TL-57,38.0515484484,-78.5088965889,509,
TL-57,38.0516700000,-78.5091600000,510,
TL-57,38.0517000000,-78.5092000000,511,
TL-57,38.0517100000,-78.5092200000,512,
TL-57,38.0517300000,-78.5092400000,513,
TL-57,38.0517500000,-78.5092500000,514,
TL-57,38.0517600000,-78.5092700000,515,
TL-57,38.0518000000,-78.5092900000,516,
TL-57,38.0518800000,-78.5093200000,517,
TL-57,38.0519600000,-78.5093400000,518,
TL-57,38.0519600000,-78.5093400000,519,
TL-57,38.0519500000,-78.5094200000,520,
TL-57,38.0519500000,-78.5094700000,521,
TL-57,38.0519400000,-78.5097700000,522,
TL-57,38.0519540090,-78.5099550510,523,
TL-57,38.0519300000,-78.5102098395,524,
TL-57,38.0519300000,-78.5102100000,525,
TL-57,38.0519384484,-78.5104158601,526,
TL-57,38.0519300000,-78.5105500000,527,
TL-57,38.0519200000,-78.5106600000,528,
TL-57,38.0518900000,-78.5110000000,529,
TL-57,38.0518800000,-78.5111400000,530,
TL-57,38.0518600000,-78.5112700000,531,
TL-57,38.0518200000,-78.5114300000,532,
TL-57,38.0518100000,-78.5114700000,533,
TL-57,38.0517700000,-78.5115900000,534,
TL-57,38.0517000000,-78.5117500000,535,
TL-57,38.0516400000,-78.5118700000,536,
TL-57,38.0515600000,-78.5119700000,537,
TL-57,38.0513900000,-78.5120900000,538,
TL-57,38.0513400000,-78.5121300000,539,
TL-57,38.0512600000,-78.5121800000,540,
TL-57,38.0512500000,-78.5121900000,541,
TL-57,38.0511400000,-78.5122500000,542,
TL-57,38.0510800000,-78.5122800000,543,
TL-57,38.0509200000,-78.5123800000,544,
TL-57,38.0508400000,-78.5124300000,545,
TL-57,38.0507300000,-78.5125100000,546,
TL-57,38.0507300000,-78.5125100000,547,
TL-57,38.0507200000,-78.5125200000,548,
TL-57,38.0506600000,-78.5125600000,549,
TL-57,38.0505542243,-78.5126560932,550,
TL-57,38.0504500000,-78.5127100000,551,
TL-57,38.0503300000,-78.5127900000,552,
TL-57,38.0503000000,-78.5128000000,553,
TL-57,38.0501200000,-78.5129100000,554,
TL-57,38.0500600000,-78.5129500000,555,
TL-57,38.0499800000,-78.5130000000,556,
TL-57,38.0499800000,-78.5130000000,557,
TL-57,38.0499300000,-78.5129300000,558,
TL-57,38.0498400000,-78.5128300000,559,
TL-57,38.0498100000,-78.5127900000,560,
TL-57,38.0497500000,-78.5127100000,561,
TL-57,38.0496900000,-78.5126500000,562,
TL-57,38.0496400000,-78.5126100000,563,
TL-57,38.0495000000,-78.5124800000,564,
TL-57,38.0494200000,-78.5124100000,565,
TL-57,38.0493000000,-78.5123200000,566,
TL-57,38.0492400000,-78.5122700000,567,
TL-57,38.0492100000,-78.5122400000,568,
TL-57,38.0492000000,-78.5122400000,569,
TL-57,38.0491500000,-78.5122100000,570,
TL-57,38.0490700000,-78.5121600000,571,
TL-57,38.0490300000,-78.5121500000,572,
TL-57,38.0490200000,-78.5121400000,573,
TL-57,38.0489800000,-78.5121300000,574,
TL-57,38.0489300000,-78.5121200000,575,
TL-57,38.0488900000,-78.5121100000,576,
TL-57,38.0488300000,-78.5121100000,577,
TL-57,38.0487600000,-78.5121000000,578,
TL-57,38.0486200000,-78.5121100000,579,
TL-57,38.0483100000,-78.5121300000,580,
TL-57,38.0482400000,-78.5121400000,581,
TL-57,38.0481200000,-78.5121200000,582,
TL-57,38.0480600000,-78.5121000000,583,
TL-57,38.0480600000,-78.5121000000,584,
TL-57,38.0479800000,-78.5120800000,585,
TL-57,38.0479100000,-78.5120500000,586,
TL-57,38.0478500000,-78.5120100000,587,
TL-57,38.0478000000,-78.5119900000,588,
TL-57,38.0477400000,-78.5119400000,589,
TL-57,38.0476863367,-78.5118912245,590,
TL-57,38.0476300000,-78.5118700000,591,
TL-57,38.0475800000,-78.5118300000,592,
TL-57,38.0475300000,-78.5117800000,593,
TL-57,38.0474800000,-78.5117300000,594,
TL-57,38.0474100000,-78.5116600000,595,
TL-57,38.0472500000,-78.5114500000,596,
TL-57,38.0472000000,-78.5113700000,597,
TL-57,38.0470500000,-78.5111400000,598,
TL-57,38.0468500000,-78.5107800000,599,
TL-57,38.0468500000,-78.5107600000,600,
TL-57,38.0466800000,-78.5104000000,601,
TL-57,38.0465100000,-78.5100000000,602,
TL-57,38.0463800000,-78.5097100000,603,
TL-57,38.0462900000,-78.5095200000,604,
TL-57,38.0462600000,-78.5094500000,605,
TL-57,38.0462000000,-78.5093200000,606,
TL-57,38.0461000000,-78.5091100000,607,
TL-57,38.0460200000,-78.5089100000,608,
TL-57,38.0459500000,-78.5087400000,609,
TL-57,38.0458900000,-78.5086100000,610,
TL-57,38.0458900000,-78.5086100000,611,
TL-57,38.0458400000,-78.5084800000,612,
TL-57,38.0457800000,-78.5083600000,613,
TL-57,38.0457005614,-78.5081465889,614,
TL-57,38.0456000000,-78.5079600000,615,
TL-57,38.0455500000,-78.5078500000,616,
TL-57,38.0455100000,-78.5077600000,617,
TL-57,38.0453800000,-78.5074500000,618,
TL-57,38.0452900000,-78.5072500000,619,
TL-57,38.0451500000,-78.5069400000,620,
TL-57,38.0450800000,-78.5067900000,621,
TL-57,38.0448700000,-78.5063100000,622,
TL-57,38.0447705615,-78.5060492711,623,
TL-57,38.0446900000,-78.5059000000,624,
TL-57,38.0446100000,-78.5056900000,625,
TL-57,38.0445300000,-78.5054800000,626,
TL-57,38.0444200000,-78.5051900000,627,
TL-57,38.0444200000,-78.5051900000,628,
TL-57,38.0443100000,-78.5052300000,629,
TL-57,38.0441100000,-78.5053000000,630,
TL-57,38.0439800000,-78.5053400000,631,
TL-57,38.0438900000,-78.5053700000,632,
TL-57,38.0436300000,-78.5054300000,633,
TL-57,38.0434500000,-78.5054600000,634,
TL-57,38.0434100000,-78.5054700000,635,
TL-57,38.0433900000,-78.5054700000,636,
TL-57,38.0433700000,-78.5054700000,637,
TL-57,38.0433500000,-78.5054600000,638,
TL-57,38.0432740898,-78.5054775509,639,
TL-57,38.0432600000,-78.5054600000,640,
TL-57,38.0432300000,-78.5054700000,641,
TL-57,38.0430278876,-78.5055139067,642,
TL-57,38.0426600000,-78.5056600000,643,
TL-57,38.0426000000,-78.5056800000,644,
TL-57,38.0423900000,-78.5057600000,645,
TL-57,38.0423400000,-78.5057800000,646,
TL-57,38.0422100000,-78.5058200000,647,
TL-57,38.0418200000,-78.5059700000,648,
TL-57,38.0416700000,-78.5060200000,649,
TL-57,38.0413300000,-78.5061500000,650,
TL-57,38.0411100000,-78.5062400000,651,
TL-57,38.0411100000,-78.5062400000,652,
TL-57,38.0410300000,-78.5062600000,653,
TL-57,38.0407236626,-78.5063478134,654,
TL-57,38.0405200000,-78.5064600000,655,
TL-57,38.0404900000,-78.5064800000,656,
TL-57,38.0404100000,-78.5065100000,657,
TL-57,38.0403200000,-78.5065500000,658,
TL-57,38.0402200000,-78.5065800000,659,
TL-57,38.0400400000,-78.5066300000,660,
TL-57,38.0398400000,-78.5066800000,661,
TL-57,38.0398400000,-78.5066800000,662,
TL-57,38.0397000000,-78.5064400000,663,
TL-57,38.0396200000,-78.5063300000,664,
TL-57,38.0395900000,-78.5062800000,665,
TL-57,38.0395500000,-78.5062400000,666,
TL-57,38.0395200000,-78.5061900000,667,
TL-57,38.0394500000,-78.5061200000,668,
TL-57,38.0394200000,-78.5060900000,669,
TL-57,38.0394000000,-78.5060700000,670,
TL-57,38.0393600000,-78.5060400000,671,
TL-57,38.0393300000,-78.5060200000,672,
TL-57,38.0392900000,-78.5060000000,673,
TL-57,38.0391100000,-78.5058800000,674,
TL-57,38.0389900000,-78.5058000000,675,
TL-57,38.0389300000,-78.5057800000,676,
TL-57,38.0386100000,-78.5056300000,677,
TL-57,38.0382800000,-78.5054600000,678,
TL-57,38.0378900000,-78.5052600000,679,
TL-57,38.0377600000,-78.5051900000,680,
TL-57,38.0377000000,-78.5051600000,681,
TL-57,38.0376300000,-78.5051100000,682,
TL-57,38.0376200000,-78.5051000000,683,
TL-57,38.0375700000,-78.5050600000,684,
TL-57,38.0375100000,-78.5050100000,685,
TL-57,38.0375100000,-78.5050100000,686,
TL-57,38.0374684501,-78.5049404957,687,
TL-57,38.0373200000,-78.5048200000,688,
TL-57,38.0372100000,-78.5046500000,689,
TL-57,38.0372100000,-78.5046500000,690,
TL-57,38.0370600000,-78.5046200000,691,
TL-57,38.0370300000,-78.5046200000,692,
TL-57,38.0370000000,-78.5046100000,693,
TL-57,38.0369200000,-78.5045800000,694,
TL-57,38.0368800000,-78.5045800000,695,
TL-57,38.0367800000,-78.5045600000,696,
TL-57,38.0366400000,-78.5045600000,697,
TL-57,38.0366000000,-78.5045500000,698,
TL-57,38.0365700000,-78.5045500000,699,
TL-57,38.0365500000,-78.5045600000,700,
TL-57,38.0365300000,-78.5045600000,701,
TL-57,38.0364800000,-78.5045900000,702,
TL-57,38.0364000000,-78.5046400000,703,
TL-57,38.0362000000,-78.5047600000,704,
TL-57,38.0361200000,-78.5048100000,705,
TL-57,38.0360442251,-78.5048868220,706,
TL-57,38.0359000000,-78.5049500000,707,
TL-57,38.0357900000,-78.5050300000,708,
TL-57,38.0357000000,-78.5051000000,709,
TL-57,38.0356300000,-78.5051600000,710,
TL-57,38.0355800000,-78.5052000000,711,
TL-57,38.0355300000,-78.5052400000,712,
TL-57,38.0355300000,-78.5052400000,713,
TL-57,38.0352400000,-78.5054000000,714,
TL-57,38.0352000000,-78.5054200000,715,
TL-57,38.0351900000,-78.5054300000,716,
TL-57,38.0351400000,-78.5054600000,717,
TL-57,38.0350600000,-78.5055000000,718,
TL-57,38.0349500000,-78.5055600000,719,
TL-57,38.0347883109,-78.5056534110,720,
TL-57,38.0345100000,-78.5058200000,721,
TL-57,38.0344500000,-78.5058900000,722,
TL-57,38.0343700000,-78.5060100000,723,
TL-57,38.0343300000,-78.5061200000,724,
TL-57,38.0343200000,-78.5061200000,725,
TL-57,38.0343200000,-78.5061200000,726,
TL-57,38.0342800000,-78.5062200000,727,
TL-57,38.0342437320,-78.5063231779,728,
TL-57,38.0341600000,-78.5065200000,729,
TL-57,38.0340800000,-78.5067000000,730,
TL-57,38.0340000000,-78.5068700000,731,
TL-57,38.0339200000,-78.5070600000,732,
TL-57,38.0338300000,-78.5072700000,733,
TL-57,38.0337300000,-78.5074900000,734,
TL-57,38.0337100000,-78.5075700000,735,
TL-57,38.0336900000,-78.5076600000,736,
TL-57,38.0336800000,-78.5077700000,737,
TL-57,38.0336900000,-78.5082800000,738,
TL-57,38.0336900000,-78.5083000000,739,
TL-57,38.0336900000,-78.5085100000,740,
TL-57,38.0337000000,-78.5086900000,741,
TL-57,38.0337100000,-78.5087700000,742,
TL-57,38.0337100000,-78.5088500000,743,
TL-57,38.0337200000,-78.5090000000,744,
TL-57,38.0337200000,-78.5090100000,745,
TL-57,38.0337200000,-78.5091100000,746,
TL-57,38.0337300000,-78.5093400000,747,
TL-57,38.0337400000,-78.5094500000,748,
TL-57,38.0337400000,-78.5095500000,749,
TL-57,38.0337600000,-78.5099900000,750,
TL-57,38.0337700000,-78.5100500000,751,
TL-57,38.0337800000,-78.5101500000,752,
TL-57,38.0337900000,-78.5102200000,753,
TL-57,38.0339800000,-78.5108300000,754,
TL-57,38.0340800000,-78.5110400000,755,
TL-57,38.0342200000,-78.5114600000,756,
TL-57,38.0343000000,-78.5117100000,757,
TL-57,38.0343600698,-78.5119000144,758,
TL-57,38.0343600000,-78.5119000000,759,
TL-57,38.0344000000,-78.5120200000,760,
TL-57,38.0345152117,-78.5123517202,761,
TL-57,38.0346400000,-78.5127000000,762,
TL-57,38.0347200000,-78.5128500000,763,
TL-57,38.0348200000,-78.5130900000,764,
TL-57,38.0350400000,-78.5134700000,765,
TL-57,38.0351000000,-78.5135700000,766,
TL-57,38.0351300000,-78.5136500000,767,
TL-57,38.0351500000,-78.5137200000,768,
TL-57,38.0351700000,-78.5137800000,769,
TL-57,38.0351800000,-78.5138300000,770,
TL-57,38.0351900000,-78.5138700000,771,
TL-57,38.0352000000,-78.5139700000,772,
TL-57,38.0352000000,-78.5141000000,773,
TL-57,38.0352000000,-78.5141000000,774,
TL-57,38.0350500000,-78.5141200000,775,
TL-57,38.0347000000,-78.5141500000,776,
TL-57,38.0344800000,-78.5141600000,777,
TL-57,38.0340000000,-78.5141900000,778,
TL-57,38.0339400000,-78.5141900000,779,
TL-57,38.0339400000,-78.5141900000,780,
TL-57,38.0338500000,-78.5141900000,781,
TL-57,38.0337200000,-78.5142100000,782,
TL-57,38.0336400000,-78.5142200000,783,
TL-57,38.0335283103,-78.5142353644,784,
TL-57,38.0334300000,-78.5142600000,785,
TL-57,38.0333500000,-78.5142700000,786,
TL-57,38.0332600000,-78.5143000000,787,
TL-57,38.0332200000,-78.5143100000,788,
TL-57,38.0331200000,-78.5143400000,789,
TL-57,38.0329800000,-78.5143900000,790,
TL-57,38.0328600000,-78.5144500000,791,
TL-57,38.0327600000,-78.5144900000,792,
TL-57,38.0325700000,-78.5145900000,793,
TL-57,38.0325200000,-78.5146100000,794,
TL-57,38.0324100000,-78.5146700000,795,
TL-57,38.0323200000,-78.5147200000,796,
TL-57,38.0321900000,-78.5148000000,797,
TL-57,38.0321100000,-78.5148400000,798,
TL-57,38.0320100000,-78.5149000000,799,
TL-57,38.0318200000,-78.5150000000,800,
TL-57,38.0312400000,-78.5153000000,801,
TL-57,38.0308500000,-78.5155100000,802,
TL-57,38.0305200000,-78.5156900000,803,
TL-57,38.0303500000,-78.5157800000,804,
TL-57,38.0302900000,-78.5158100000,805,
TL-57,38.0301500000,-78.5159000000,806,
TL-57,38.0300700000,-78.5159400000,807,
TL-57,38.0299400000,-78.5160200000,808,
TL-57,38.0298400000,-78.5160700000,809,
TL-57,38.0297000000,-78.5161400000,810,
TL-57,38.0294500000,-78.5162600000,811,
TL-57,38.0293100000,-78.5163400000,812,
TL-57,38.0292900000,-78.5163500000,813,
TL-57,38.0292900000,-78.5163500000,814,
TL-57,38.0292500000,-78.5163700000,815,
TL-57,38.0291600000,-78.5164100000,816,
TL-57,38.0290700000,-78.5164400000,817,
TL-57,38.0289900000,-78.5164700000,818,
TL-57,38.0289600000,-78.5164700000,819,
TL-57,38.0288900000,-78.5164900000,820,
TL-57,38.0288400000,-78.5165000000,821,
TL-57,38.0288100000,-78.5165000000,822,
TL-57,38.0287500000,-78.5165000000,823,
TL-57,38.0286300000,-78.5165000000,824,
TL-57,38.0286300000,-78.5165000000,825,
TL-57,38.0286178872,-78.5166675509,826,
TL-57,38.0286000000,-78.5167100000,827,
TL-57,38.0286000000,-78.5167300000,828,
TL-57,38.0285900000,-78.5168000000,829,
TL-57,38.0285800000,-78.5169100000,830,
TL-57,38.0285800000,-78.5169600000,831,
TL-57,38.0285700000,-78.5170400000,832,
TL-57,38.0285700000,-78.5172800000,833,
TL-57,38.0285800000,-78.5175900000,834,
TL-57,38.0285700000,-78.5181900000,835,
TL-57,38.0285600000,-78.5182700000,836,
TL-57,38.0285600000,-78.5182700000,837,
TL-57,38.0285136616,-78.5186929153,838,
TL-57,38.0284900000,-78.5188800000,839,
TL-57,38.0284800000,-78.5189900000,840,
TL-57,38.0284700000,-78.5190500000,841,
TL-57,38.0284600000,-78.5191700000,842,
TL-57,38.0284600000,-78.5193200000,843,
TL-57,38.0284500000,-78.5193900000,844,
TL-57,38.0284500000,-78.5197300000,845,
TL-57,38.0284600000,-78.5199800000,846,
TL-57,38.0284600000,-78.5202600000,847,
TL-57,38.0284600000,-78.5202600000,848,
TL-57,38.0285600000,-78.5202600000,849,
TL-57,38.0286000000,-78.5202500000,850,
TL-57,38.0286200000,-78.5202400000,851,
TL-57,38.0286500000,-78.5202400000,852,
TL-57,38.0286800000,-78.5202200000,853,
TL-57,38.0287000000,-78.5202000000,854,
TL-57,38.0287700000,-78.5201300000,855,
TL-57,38.0288200000,-78.5200700000,856,
TL-57,38.0288500000,-78.5200200000,857,
TL-57,38.0288800000,-78.5199200000,858,
TL-57,38.0289100000,-78.5198100000,859,
TL-57,38.0289300000,-78.5197000000,860,
TL-57,38.0289600000,-78.5194900000,861,
TL-57,38.0289800000,-78.5194600000,862,
TL-57,38.0290200000,-78.5193900000,863,
TL-57,38.0290700000,-78.5193300000,864,
TL-57,38.0290800000,-78.5193200000,865,
TL-57,38.0291300000,-78.5192800000,866,
TL-57,38.0291800000,-78.5192600000,867,
TL-57,38.0292000000,-78.5192600000,868,
TL-57,38.0292200000,-78.5192600000,869,
TL-57,38.0292400000,-78.5192600000,870,
TL-57,38.0292800000,-78.5192800000,871,
TL-57,38.0293000000,-78.5193000000,872,
TL-57,38.0293200000,-78.5193300000,873,
TL-57,38.0293600000,-78.5194000000,874,
TL-57,38.0293800000,-78.5194500000,875,
TL-57,38.0294300712,-78.5195702331,876,
TL-58,38.0458900000,-78.5086100000,1,
TL-58,38.0458400000,-78.5084800000,2,
TL-58,38.0457800000,-78.5083600000,3,
TL-58,38.0456900000,-78.5081600000,4,
TL-58,38.0456000000,-78.5079600000,5,
TL-58,38.0455500000,-78.5078500000,6,
TL-58,38.0455100000,-78.5077600000,7,
TL-58,38.0454137968,-78.5075143730,8,
TL-58,38.0452900000,-78.5072500000,9,
TL-58,38.0451500000,-78.5069400000,10,
TL-58,38.0450800000,-78.5067900000,11,
TL-58,38.0448700000,-78.5063100000,12,
TL-58,38.0447600000,-78.5060600000,13,
TL-58,38.0446900000,-78.5059000000,14,
TL-58,38.0446100000,-78.5056900000,15,
TL-58,38.0445300000,-78.5054800000,16,
TL-58,38.0444200000,-78.5051900000,17,
TL-58,38.0444200000,-78.5051900000,18,
TL-58,38.0443100000,-78.5052300000,19,
TL-58,38.0441100000,-78.5053000000,20,
TL-58,38.0439800000,-78.5053400000,21,
TL-58,38.0438900000,-78.5053700000,22,
TL-58,38.0436300000,-78.5054300000,23,
TL-58,38.0434500000,-78.5054600000,24,
TL-58,38.0434100000,-78.5054700000,25,
TL-58,38.0433900000,-78.5054700000,26,
TL-58,38.0433700000,-78.5054700000,27,
TL-58,38.0433500000,-78.5054600000,28,
TL-58,38.0432814831,-78.5054534110,29,
TL-58,38.0432811236,-78.5054532944,30,
TL-58,38.0432300000,-78.5054700000,31,
TL-58,38.0430300000,-78.5055300000,32,
TL-58,38.0426937980,-78.5056278134,33,
TL-58,38.0426000000,-78.5056800000,34,
TL-58,38.0423900000,-78.5057600000,35,
TL-58,38.0423400000,-78.5057800000,36,
TL-58,38.0422100000,-78.5058200000,37,
TL-58,38.0418200000,-78.5059700000,38,
TL-58,38.0416700000,-78.5060200000,39,
TL-58,38.0413300000,-78.5061500000,40,
TL-58,38.0411100000,-78.5062400000,41,
TL-58,38.0411100000,-78.5062400000,42,
TL-58,38.0410300000,-78.5062600000,43,
TL-58,38.0407300000,-78.5063800000,44,
TL-58,38.0405706985,-78.5064439067,45,
TL-58,38.0404900000,-78.5064800000,46,
TL-58,38.0404100000,-78.5065100000,47,
TL-58,38.0403200000,-78.5065500000,48,
TL-58,38.0402200000,-78.5065800000,49,
TL-58,38.0400400000,-78.5066300000,50,
TL-58,38.0398400000,-78.5066800000,51,
TL-58,38.0397700000,-78.5066900000,52,
TL-58,38.0394200000,-78.5067800000,53,
TL-58,38.0392800000,-78.5068200000,54,
TL-58,38.0388100000,-78.5070000000,55,
TL-58,38.0385100000,-78.5071100000,56,
TL-58,38.0383017796,-78.5071850874,57,
TL-58,38.0383021469,-78.5071853061,58,
TL-58,38.0381500000,-78.5072400000,59,
TL-58,38.0380400000,-78.5072800000,60,
TL-58,38.0377800000,-78.5073600000,61,
TL-58,38.0375800000,-78.5074300000,62,
TL-58,38.0374800000,-78.5074600000,63,
TL-58,38.0372400000,-78.5075500000,64,
TL-58,38.0371800000,-78.5075700000,65,
TL-58,38.0369800000,-78.5076500000,66,
TL-58,38.0367900000,-78.5077200000,67,
TL-58,38.0364623981,-78.5078368220,68,
TL-58,38.0362000000,-78.5079400000,69,
TL-58,38.0360200000,-78.5080100000,70,
TL-58,38.0357900000,-78.5080900000,71,
TL-58,38.0356800000,-78.5081300000,72,
TL-58,38.0354600000,-78.5082200000,73,
TL-58,38.0354600000,-78.5082200000,74,
TL-58,38.0352900000,-78.5082900000,75,
TL-58,38.0352200000,-78.5083200000,76,
TL-58,38.0351000000,-78.5083700000,77,
TL-58,38.0349900000,-78.5084100000,78,
TL-58,38.0349700000,-78.5084200000,79,
TL-58,38.0349200000,-78.5084300000,80,
TL-58,38.0348200000,-78.5084700000,81,
TL-58,38.0347150721,-78.5085221865,82,
TL-58,38.0344700000,-78.5085900000,83,
TL-58,38.0341500000,-78.5087000000,84,
TL-58,38.0340000000,-78.5087600000,85,
TL-58,38.0338200000,-78.5088200000,86,
TL-58,38.0336200000,-78.5088900000,87,
TL-58,38.0335100000,-78.5089300000,88,
TL-58,38.0334000000,-78.5089700000,89,
TL-58,38.0333500000,-78.5089900000,90,
TL-58,38.0332800000,-78.5090100000,91,
TL-58,38.0332700000,-78.5090100000,92,
TL-58,38.0330000000,-78.5090900000,93,
TL-58,38.0329400000,-78.5091000000,94,
TL-58,38.0328700000,-78.5091000000,95,
TL-58,38.0327600000,-78.5090900000,96,
TL-58,38.0326600000,-78.5090600000,97,
TL-58,38.0325900000,-78.5090300000,98,
TL-58,38.0325800000,-78.5090300000,99,
TL-58,38.0325000000,-78.5089900000,100,
TL-58,38.0324500000,-78.5089600000,101,
TL-58,38.0323900000,-78.5089200000,102,
TL-58,38.0323300000,-78.5088700000,103,
TL-58,38.0322700000,-78.5088200000,104,
TL-58,38.0321800000,-78.5087300000,105,
TL-58,38.0321400000,-78.5086800000,106,
TL-58,38.0321200000,-78.5086400000,107,
TL-58,38.0320700000,-78.5085700000,108,
TL-58,38.0320600000,-78.5085500000,109,
TL-58,38.0320400000,-78.5084800000,110,
TL-58,38.0320200000,-78.5084300000,111,
TL-58,38.0319900000,-78.5082900000,112,
TL-58,38.0319800000,-78.5081700000,113,
TL-58,38.0319800000,-78.5080600000,114,
TL-58,38.0319800000,-78.5079700000,115,
TL-58,38.0319800000,-78.5079000000,116,
TL-58,38.0319800000,-78.5079000000,117,
TL-58,38.0319900000,-78.5078000000,118,
TL-58,38.0320700000,-78.5074500000,119,
TL-58,38.0320900000,-78.5073200000,120,
TL-58,38.0321000000,-78.5070100000,121,
TL-58,38.0320900000,-78.5067200000,122,
TL-58,38.0320900000,-78.5064900000,123,
TL-58,38.0320800000,-78.5063700000,124,
TL-58,38.0320700000,-78.5059200000,125,
TL-58,38.0320600000,-78.5057500000,126,
TL-58,38.0320500000,-78.5056500000,127,
TL-58,38.0320400000,-78.5054700000,128,
TL-58,38.0320400000,-78.5053800000,129,
TL-58,38.0320400000,-78.5052200000,130,
TL-58,38.0320300000,-78.5050300000,131,
TL-58,38.0320300000,-78.5049900000,132,
TL-58,38.0320300000,-78.5047400000,133,
TL-58,38.0320300000,-78.5045400000,134,
TL-58,38.0320300000,-78.5044600000,135,
TL-58,38.0320300000,-78.5043900000,136,
TL-58,38.0320500000,-78.5040400000,137,
TL-58,38.0320600000,-78.5038100000,138,
TL-58,38.0320600000,-78.5036700000,139,
TL-58,38.0320600000,-78.5036500000,140,
TL-58,38.0320700000,-78.5034400000,141,
TL-58,38.0320702640,-78.5033102769,142,
TL-58,38.0320704929,-78.5033101165,143,
TL-58,38.0320800000,-78.5032100000,144,
TL-58,38.0320900000,-78.5027800000,145,
TL-58,38.0321000000,-78.5025800000,146,
TL-58,38.0321000000,-78.5025000000,147,
TL-58,38.0321000000,-78.5024600000,148,
TL-58,38.0321100000,-78.5023200000,149,
TL-58,38.0321184507,-78.5022509914,150,
TL-58,38.0321200000,-78.5020800000,151,
TL-58,38.0321300000,-78.5020000000,152,
TL-58,38.0321500000,-78.5018600000,153,
TL-58,38.0321700000,-78.5017200000,154,
TL-58,38.0321700000,-78.5016600000,155,
TL-58,38.0322800000,-78.5012200000,156,
TL-58,38.0323700000,-78.5008500000,157,
TL-58,38.0323700000,-78.5008500000,158,
TL-58,38.0324300000,-78.5006300000,159,
TL-58,38.0324800000,-78.5004400000,160,
TL-58,38.0325473239,-78.5002343730,161,
TL-58,38.0326400000,-78.4998700000,162,
TL-58,38.0328100000,-78.4992700000,163,
TL-58,38.0328200000,-78.4992500000,164,
TL-58,38.0328800000,-78.4990700000,165,
TL-58,38.0328900000,-78.4990500000,166,
TL-58,38.0330100000,-78.4986200000,167,
TL-58,38.0330900000,-78.4983400000,168,
TL-58,38.0331400000,-78.4981500000,169,
TL-58,38.0331700000,-78.4980900000,170,
TL-58,38.0331800000,-78.4980600000,171,
TL-58,38.0332100000,-78.4980200000,172,
TL-58,38.0332600000,-78.4979700000,173,
TL-58,38.0333000000,-78.4979300000,174,
TL-58,38.0333000000,-78.4979300000,175,
TL-58,38.0333400000,-78.4981100000,176,
TL-58,38.0333800000,-78.4983000000,177,
TL-58,38.0334000000,-78.4983700000,178,
TL-58,38.0334100000,-78.4984200000,179,
TL-58,38.0334400000,-78.4985100000,180,
TL-58,38.0334600000,-78.4985500000,181,
TL-58,38.0335200000,-78.4986600000,182,
TL-58,38.0336400000,-78.4988800000,183,
TL-58,38.0338600000,-78.4992800000,184,
TL-58,38.0339400000,-78.4994300000,185,
TL-58,38.0339600000,-78.4994600000,186,
TL-58,38.0340400000,-78.4995900000,187,
TL-58,38.0340400000,-78.4995900000,188,
TL-58,38.0341000000,-78.4997000000,189,
TL-58,38.0341500000,-78.4997800000,190,
TL-58,38.0341600000,-78.4998100000,191,
TL-58,38.0342200000,-78.4999100000,192,
TL-58,38.0343400000,-78.5001200000,193,
TL-58,38.0343700000,-78.5001600000,194,
TL-58,38.0344300000,-78.5002300000,195,
TL-58,38.0345800000,-78.5003400000,196,
TL-58,38.0348800000,-78.5005800000,197,
TL-58,38.0349500000,-78.5006300000,198,
TL-58,38.0352400000,-78.5008700000,199,
TL-58,38.0353100000,-78.5009200000,200,
TL-58,38.0354000000,-78.5010000000,201,
TL-58,38.0357100000,-78.5012400000,202,
TL-58,38.0359900000,-78.5014700000,203,
TL-58,38.0360400000,-78.5015200000,204,
TL-58,38.0360800000,-78.5015600000,205,
TL-58,38.0361000000,-78.5015900000,206,
TL-58,38.0361200000,-78.5016300000,207,
TL-58,38.0361500000,-78.5016800000,208,
TL-58,38.0361900000,-78.5017800000,209,
TL-58,38.0362700000,-78.5020300000,210,
TL-58,38.0363800000,-78.5023400000,211,
TL-58,38.0364000000,-78.5024000000,212,
TL-58,38.0364600000,-78.5025800000,213,
TL-58,38.0365500000,-78.5028400000,214,
TL-58,38.0365500000,-78.5028400000,215,
TL-58,38.0365800000,-78.5029300000,216,
TL-58,38.0366438008,-78.5031051018,217,
TL-58,38.0367300000,-78.5033800000,218,
TL-58,38.0367600000,-78.5034600000,219,
TL-58,38.0368400000,-78.5036400000,220,
TL-58,38.0368800000,-78.5037500000,221,
TL-58,38.0369100000,-78.5038300000,222,
TL-58,38.0369600000,-78.5039800000,223,
TL-58,38.0370400000,-78.5042200000,224,
TL-58,38.0370600000,-78.5042600000,225,
TL-58,38.0371000000,-78.5043800000,226,
TL-58,38.0371300000,-78.5044700000,227,
TL-58,38.0371400000,-78.5044900000,228,
TL-58,38.0372100000,-78.5046500000,229,
TL-58,38.0372900000,-78.5047700000,230,
TL-58,38.0372900000,-78.5047700000,231,
TL-58,38.0373200000,-78.5048200000,232,
TL-58,38.0374600000,-78.5049700000,233,
TL-58,38.0375100000,-78.5050100000,234,
TL-58,38.0375700000,-78.5050600000,235,
TL-58,38.0376200000,-78.5051000000,236,
TL-58,38.0376300000,-78.5051100000,237,
TL-58,38.0377000000,-78.5051600000,238,
TL-58,38.0377600000,-78.5051900000,239,
TL-58,38.0379660505,-78.5052814576,240,
TL-58,38.0382800000,-78.5054600000,241,
TL-58,38.0386100000,-78.5056300000,242,
TL-58,38.0389300000,-78.5057800000,243,
TL-58,38.0389900000,-78.5058000000,244,
TL-58,38.0391100000,-78.5058800000,245,
TL-58,38.0392900000,-78.5060000000,246,
TL-58,38.0393300000,-78.5060200000,247,
TL-58,38.0393600000,-78.5060400000,248,
TL-58,38.0394000000,-78.5060700000,249,
TL-58,38.0394200000,-78.5060900000,250,
TL-58,38.0394500000,-78.5061200000,251,
TL-58,38.0395200000,-78.5061900000,252,
TL-58,38.0395500000,-78.5062400000,253,
TL-58,38.0395900000,-78.5062800000,254,
TL-58,38.0396200000,-78.5063300000,255,
TL-58,38.0397000000,-78.5064400000,256,
TL-58,38.0398400000,-78.5066800000,257,
TL-58,38.0398400000,-78.5066800000,258,
TL-58,38.0402900000,-78.5074600000,259,
TL-58,38.0404800000,-78.5077900000,260,
TL-58,38.0406800000,-78.5081400000,261,
TL-58,38.0409700000,-78.5086200000,262,
TL-58,38.0411400000,-78.5089200000,263,
TL-58,38.0411500000,-78.5089500000,264,
TL-58,38.0413300000,-78.5092800000,265,
TL-58,38.0413300000,-78.5092800000,266,
TL-58,38.0414500000,-78.5094900000,267,
TL-58,38.0415500000,-78.5096700000,268,
TL-58,38.0416500000,-78.5098800000,269,
TL-58,38.0417100000,-78.5099700000,270,
TL-58,38.0417800000,-78.5100900000,271,
TL-58,38.0419300000,-78.5103500000,272,
TL-58,38.0420100000,-78.5105000000,273,
TL-58,38.0421400000,-78.5107600000,274,
TL-58,38.0422500000,-78.5109500000,275,
TL-58,38.0424600000,-78.5113200000,276,
TL-58,38.0425500000,-78.5114800000,277,
TL-58,38.0425500000,-78.5114800000,278,
TL-58,38.0425800000,-78.5113900000,279,
TL-58,38.0426100000,-78.5113300000,280,
TL-58,38.0426800000,-78.5112400000,281,
TL-58,38.0427000000,-78.5112100000,282,
TL-58,38.0427300000,-78.5111900000,283,
TL-58,38.0427600000,-78.5111500000,284,
TL-58,38.0428400000,-78.5110600000,285,
TL-58,38.0429400000,-78.5109800000,286,
TL-58,38.0430400000,-78.5109300000,287,
TL-58,38.0431700000,-78.5109000000,288,
TL-58,38.0433800000,-78.5108900000,289,
TL-58,38.0435400000,-78.5108900000,290,
TL-58,38.0435700000,-78.5108900000,291,
TL-58,38.0437200000,-78.5109000000,292,
TL-58,38.0440800000,-78.5109000000,293,
TL-58,38.0444300000,-78.5109100000,294,
TL-58,38.0445400000,-78.5109000000,295,
TL-58,38.0446600000,-78.5108800000,296,
TL-58,38.0447300000,-78.5108500000,297,
TL-58,38.0447800000,-78.5108300000,298,
TL-58,38.0448300000,-78.5108000000,299,
TL-58,38.0449500000,-78.5107200000,300,
TL-58,38.0453600000,-78.5104200000,301,
TL-58,38.0455700000,-78.5102800000,302,
TL-58,38.0458900000,-78.5100500000,303,
TL-58,38.0460600000,-78.5099400000,304,
TL-58,38.0463800000,-78.5097100000,305,
TL-58,38.0463800000,-78.5097100000,306,
TL-58,38.0462900000,-78.5095200000,307,
TL-58,38.0462600000,-78.5094500000,308,
TL-58,38.0461746526,-78.5092663558,309,
TL-58,38.0461000000,-78.5091100000,310,
TL-58,38.0460200000,-78.5089100000,311,
TL-58,38.0459500000,-78.5087400000,312,
TL-58,38.0458900000,-78.5086100000,313,
TL-59,38.0355300000,-78.5052400000,1,
TL-59,38.0352400000,-78.5054000000,2,
TL-59,38.0352000000,-78.5054200000,3,
TL-59,38.0351900000,-78.5054300000,4,
TL-59,38.0351400000,-78.5054600000,5,
TL-59,38.0350600000,-78.5055000000,6,
TL-59,38.0349500000,-78.5055600000,7,
TL-59,38.0347819730,-78.5056560932,8,
TL-59,38.0345100000,-78.5058200000,9,
TL-59,38.0344500000,-78.5058900000,10,
TL-59,38.0343700000,-78.5060100000,11,
TL-59,38.0343300000,-78.5061200000,12,
TL-59,38.0343200000,-78.5061200000,13,
TL-59,38.0343200000,-78.5061200000,14,
TL-59,38.0342800000,-78.5062200000,15,
TL-59,38.0342088737,-78.5063929153,16,
TL-59,38.0341600000,-78.5065200000,17,
TL-59,38.0340800000,-78.5067000000,18,
TL-59,38.0340000000,-78.5068700000,19,
TL-59,38.0339200000,-78.5070600000,20,
TL-59,38.0338300000,-78.5072700000,21,
TL-59,38.0337300000,-78.5074900000,22,
TL-59,38.0337100000,-78.5075700000,23,
TL-59,38.0336900000,-78.5076600000,24,
TL-59,38.0336800000,-78.5077700000,25,
TL-59,38.0336900000,-78.5082800000,26,
TL-59,38.0336900000,-78.5083000000,27,
TL-59,38.0336900000,-78.5085100000,28,
TL-59,38.0337000000,-78.5086900000,29,
TL-59,38.0337100000,-78.5087700000,30,
TL-59,38.0337100000,-78.5088500000,31,
TL-59,38.0337200000,-78.5090000000,32,
TL-59,38.0337200000,-78.5090100000,33,
TL-59,38.0337200000,-78.5091100000,34,
TL-59,38.0337300000,-78.5093400000,35,
TL-59,38.0337400000,-78.5094500000,36,
TL-59,38.0337400000,-78.5095500000,37,
TL-59,38.0337600000,-78.5099900000,38,
TL-59,38.0337700000,-78.5100500000,39,
TL-59,38.0337800000,-78.5101500000,40,
TL-59,38.0337900000,-78.5102200000,41,
TL-59,38.0339800000,-78.5108300000,42,
TL-59,38.0340800000,-78.5110400000,43,
TL-59,38.0342200000,-78.5114600000,44,
TL-59,38.0343000000,-78.5117100000,45,
TL-59,38.0343489786,-78.5118715159,46,
TL-59,38.0343489087,-78.5118718368,47,
TL-59,38.0344126757,-78.5120602331,48,
TL-59,38.0345300000,-78.5124000000,49,
TL-59,38.0346400000,-78.5127000000,50,
TL-59,38.0347200000,-78.5128500000,51,
TL-59,38.0348200000,-78.5130900000,52,
TL-59,38.0350400000,-78.5134700000,53,
TL-59,38.0351000000,-78.5135700000,54,
TL-59,38.0351300000,-78.5136500000,55,
TL-59,38.0351500000,-78.5137200000,56,
TL-59,38.0351700000,-78.5137800000,57,
TL-59,38.0351800000,-78.5138300000,58,
TL-59,38.0351900000,-78.5138700000,59,
TL-59,38.0352000000,-78.5139700000,60,
TL-59,38.0352000000,-78.5141000000,61,
TL-59,38.0352100000,-78.5141800000,62,
TL-59,38.0352100000,-78.5142500000,63,
TL-59,38.0352100000,-78.5142700000,64,
TL-59,38.0352000000,-78.5144400000,65,
TL-59,38.0351900000,-78.5145000000,66,
TL-59,38.0351800000,-78.5147000000,67,
TL-59,38.0351400000,-78.5152700000,68,
TL-59,38.0351100000,-78.5156500000,69,
TL-59,38.0351100000,-78.5156500000,70,
TL-59,38.0351097561,-78.5156498251,71,
TL-59,38.0350250526,-78.5167912470,72,
TL-59,38.0348727264,-78.5171147010,73,
TL-59,38.0346527963,-78.5173550066,74,
TL-59,38.0338853419,-78.5178083293,75,
TL-59,38.0335171779,-78.5179878042,76,
TL-59,38.0332081667,-78.5180163465,77,
TL-59,38.0329952102,-78.5179261428,78,
TL-59,38.0327853519,-78.5178373968,79,
TL-59,38.0325700000,-78.5177871931,80,
TL-59,38.0323847888,-78.5178286508,81,
TL-59,38.0322069014,-78.5179328201,82,
TL-59,38.0319240835,-78.5180586508,83,
TL-59,38.0315367566,-78.5182259391,84,
TL-59,38.0311101320,-78.5185190582,85,
TL-59,38.0307065390,-78.5189478042,86,
TL-59,38.0305620359,-78.5193045143,87,
TL-59,38.0305200000,-78.5196800000,88,
TL-59,38.0305200000,-78.5196800000,89,
TL-59,38.0305447821,-78.5201598799,90,
TL-59,38.0305378270,-78.5204652149,91,
TL-59,38.0304947980,-78.5206025033,92,
TL-59,38.0304095143,-78.5207290628,93,
TL-59,38.0303094414,-78.5208239315,94,
TL-59,38.0301333098,-78.5208490628,95,
TL-59,38.0298544274,-78.5208113082,96,
TL-59,38.0296627310,-78.5207364689,97,
TL-59,38.0295782208,-78.5206114259,98,
TL-59,38.0295275146,-78.5204434675,99,
TL-59,38.0295037103,-78.5201516613,100,
TL-59,38.0294910337,-78.5200132367,101,
TL-59,38.0294910337,-78.5198576686,102,
TL-59,38.0294629744,-78.5197055092,103,
TL-59,38.0294100000,-78.5195300000,104,
TL-59,38.0294100000,-78.5195300000,105,
TL-59,38.0293800000,-78.5194500000,106,
TL-59,38.0293600000,-78.5194000000,107,
TL-59,38.0293200000,-78.5193300000,108,
TL-59,38.0293000000,-78.5193000000,109,
TL-59,38.0292800000,-78.5192800000,110,
TL-59,38.0292400000,-78.5192600000,111,
TL-59,38.0292200000,-78.5192600000,112,
TL-59,38.0292000000,-78.5192600000,113,
TL-59,38.0291800000,-78.5192600000,114,
TL-59,38.0291300000,-78.5192800000,115,
TL-59,38.0290800000,-78.5193200000,116,
TL-59,38.0290700000,-78.5193300000,117,
TL-59,38.0290200000,-78.5193900000,118,
TL-59,38.0289800000,-78.5194600000,119,
TL-59,38.0289600000,-78.5194900000,120,
TL-59,38.0289342255,-78.5196758601,121,
TL-59,38.0289100000,-78.5198100000,122,
TL-59,38.0288800000,-78.5199200000,123,
TL-59,38.0288500000,-78.5200200000,124,
TL-59,38.0288200000,-78.5200700000,125,
TL-59,38.0287700000,-78.5201300000,126,
TL-59,38.0287000000,-78.5202000000,127,
TL-59,38.0286800000,-78.5202200000,128,
TL-59,38.0286500000,-78.5202400000,129,
TL-59,38.0286200000,-78.5202400000,130,
TL-59,38.0286000000,-78.5202500000,131,
TL-59,38.0285600000,-78.5202600000,132,
TL-59,38.0284600000,-78.5202600000,133,
TL-59,38.0284600000,-78.5202600000,134,
TL-59,38.0284600000,-78.5199800000,135,
TL-59,38.0284500000,-78.5197300000,136,
TL-59,38.0284500000,-78.5193900000,137,
TL-59,38.0284600000,-78.5193200000,138,
TL-59,38.0284600000,-78.5191700000,139,
TL-59,38.0284700000,-78.5190500000,140,
TL-59,38.0284800000,-78.5189900000,141,
TL-59,38.0284900000,-78.5188800000,142,
TL-59,38.0285200000,-78.5186500000,143,
TL-59,38.0285700000,-78.5181900000,144,
TL-59,38.0285800000,-78.5175900000,145,
TL-59,38.0285700000,-78.5172800000,146,
TL-59,38.0285700000,-78.5170400000,147,
TL-59,38.0285800000,-78.5169600000,148,
TL-59,38.0285800000,-78.5169100000,149,
TL-59,38.0285900000,-78.5168000000,150,
TL-59,38.0286000000,-78.5167300000,151,
TL-59,38.0286000000,-78.5167100000,152,
TL-59,38.0286200000,-78.5166300000,153,
TL-59,38.0286300000,-78.5165000000,154,
TL-59,38.0286300000,-78.5165000000,155,
TL-59,38.0284000000,-78.5165000000,156,
TL-59,38.0283200000,-78.5165000000,157,
TL-59,38.0281200000,-78.5165000000,158,
TL-59,38.0281200000,-78.5165000000,159,
TL-59,38.0279900000,-78.5164900000,160,
TL-59,38.0277449330,-78.5164980466,161,
TL-59,38.0276400000,-78.5164800000,162,
TL-59,38.0275600000,-78.5164700000,163,
TL-59,38.0274900000,-78.5164600000,164,
TL-59,38.0274200000,-78.5164300000,165,
TL-59,38.0273700000,-78.5164100000,166,
TL-59,38.0273100000,-78.5163700000,167,
TL-59,38.0272100000,-78.5162500000,168,
TL-59,38.0271700000,-78.5161900000,169,
TL-59,38.0271600000,-78.5161800000,170,
TL-59,38.0271400000,-78.5161400000,171,
TL-59,38.0270200000,-78.5159400000,172,
TL-59,38.0268100000,-78.5156200000,173,
TL-59,38.0267300000,-78.5155300000,174,
TL-59,38.0266900000,-78.5154700000,175,
TL-59,38.0266300000,-78.5154200000,176,
TL-59,38.0266200000,-78.5154100000,177,
TL-59,38.0265800000,-78.5153900000,178,
TL-59,38.0265400000,-78.5153600000,179,
TL-59,38.0264400000,-78.5153100000,180,
TL-59,38.0263600000,-78.5152800000,181,
TL-59,38.0260200000,-78.5151300000,182,
TL-59,38.0260200000,-78.5151300000,183,
TL-59,38.0259400000,-78.5151200000,184,
TL-59,38.0258700000,-78.5150900000,185,
TL-59,38.0258800000,-78.5150100000,186,
TL-59,38.0259100000,-78.5149000000,187,
TL-59,38.0259300000,-78.5147700000,188,
TL-59,38.0259500000,-78.5146800000,189,
TL-59,38.0259900000,-78.5145300000,190,
TL-59,38.0260200000,-78.5144400000,191,
TL-59,38.0260400000,-78.5143700000,192,
TL-59,38.0261200000,-78.5141200000,193,
TL-59,38.0261600000,-78.5140000000,194,
TL-59,38.0262600000,-78.5136900000,195,
TL-59,38.0263000000,-78.5135700000,196,
TL-59,38.0263400000,-78.5134800000,197,
TL-59,38.0263800000,-78.5133800000,198,
TL-59,38.0264100000,-78.5133200000,199,
TL-59,38.0264100000,-78.5133200000,200,
TL-59,38.0264200000,-78.5132900000,201,
TL-59,38.0265100000,-78.5131300000,202,
TL-59,38.0266300000,-78.5129300000,203,
TL-59,38.0267774668,-78.5126890380,204,
TL-59,38.0269400000,-78.5123900000,205,
TL-59,38.0270100000,-78.5122600000,206,
TL-59,38.0271200000,-78.5120800000,207,
TL-59,38.0272600000,-78.5118600000,208,
TL-59,38.0274100000,-78.5116100000,209,
TL-59,38.0276200000,-78.5112600000,210,
TL-59,38.0277600000,-78.5110500000,211,
TL-59,38.0277600000,-78.5110500000,212,
TL-59,38.0280453536,-78.5105683091,213,
TL-59,38.0284100000,-78.5100100000,214,
TL-59,38.0284700000,-78.5099100000,215,
TL-59,38.0285200000,-78.5098300000,216,
TL-59,38.0285700000,-78.5097800000,217,
TL-59,38.0286300000,-78.5097200000,218,
TL-59,38.0286600000,-78.5096900000,219,
TL-59,38.0286600000,-78.5096900000,220,
TL-59,38.0286900000,-78.5096600000,221,
TL-59,38.0288200000,-78.5095600000,222,
TL-59,38.0288900000,-78.5095100000,223,
TL-59,38.0289300000,-78.5094800000,224,
TL-59,38.0289500000,-78.5094700000,225,
TL-59,38.0289700000,-78.5094600000,226,
TL-59,38.0290200000,-78.5094300000,227,
TL-59,38.0292361957,-78.5092814576,228,
TL-59,38.0297100000,-78.5089700000,229,
TL-59,38.0302300000,-78.5086300000,230,
TL-59,38.0304000000,-78.5085300000,231,
TL-59,38.0305600000,-78.5084300000,232,
TL-59,38.0307200000,-78.5083300000,233,
TL-59,38.0308600000,-78.5082500000,234,
TL-59,38.0310300000,-78.5081400000,235,
TL-59,38.0310300000,-78.5081400000,236,
TL-59,38.0311800000,-78.5080500000,237,
TL-59,38.0312861966,-78.5079887754,238,
TL-59,38.0314600000,-78.5079000000,239,
TL-59,38.0315400000,-78.5078500000,240,
TL-59,38.0315900000,-78.5078100000,241,
TL-59,38.0316500000,-78.5078000000,242,
TL-59,38.0317000000,-78.5077800000,243,
TL-59,38.0317600000,-78.5077800000,244,
TL-59,38.0318400000,-78.5077800000,245,
TL-59,38.0319900000,-78.5078000000,246,
TL-59,38.0319900000,-78.5078000000,247,
TL-59,38.0320700000,-78.5074500000,248,
TL-59,38.0320900000,-78.5073200000,249,
TL-59,38.0321000000,-78.5070100000,250,
TL-59,38.0320900000,-78.5067200000,251,
TL-59,38.0320900000,-78.5064900000,252,
TL-59,38.0320800000,-78.5063700000,253,
TL-59,38.0320700000,-78.5059200000,254,
TL-59,38.0320600000,-78.5057500000,255,
TL-59,38.0320500000,-78.5056500000,256,
TL-59,38.0320400000,-78.5054700000,257,
TL-59,38.0320400000,-78.5053800000,258,
TL-59,38.0320400000,-78.5052200000,259,
TL-59,38.0320300000,-78.5050300000,260,
TL-59,38.0320300000,-78.5049900000,261,
TL-59,38.0320300000,-78.5047400000,262,
TL-59,38.0320300000,-78.5045400000,263,
TL-59,38.0320300000,-78.5044600000,264,
TL-59,38.0320300000,-78.5043900000,265,
TL-59,38.0320500000,-78.5040400000,266,
TL-59,38.0320600000,-78.5038100000,267,
TL-59,38.0320600000,-78.5036700000,268,
TL-59,38.0320600000,-78.5036500000,269,
TL-59,38.0320700000,-78.5034400000,270,
TL-59,38.0320700000,-78.5033200000,271,
TL-59,38.0320699647,-78.5033201748,272,
TL-59,38.0320800000,-78.5032100000,273,
TL-59,38.0320900000,-78.5027800000,274,
TL-59,38.0321000000,-78.5025800000,275,
TL-59,38.0321000000,-78.5025000000,276,
TL-59,38.0321000000,-78.5024600000,277,
TL-59,38.0321100000,-78.5023200000,278,
TL-59,38.0321100000,-78.5023100000,279,
TL-59,38.0321178873,-78.5021282797,280,
TL-59,38.0321300000,-78.5020000000,281,
TL-59,38.0321500000,-78.5018600000,282,
TL-59,38.0321700000,-78.5017200000,283,
TL-59,38.0321700000,-78.5016600000,284,
TL-59,38.0322800000,-78.5012200000,285,
TL-59,38.0323700000,-78.5008500000,286,
TL-59,38.0323700000,-78.5008500000,287,
TL-59,38.0324300000,-78.5006300000,288,
TL-59,38.0324800000,-78.5004400000,289,
TL-59,38.0325600000,-78.5001700000,290,
TL-59,38.0326611266,-78.4998109914,291,
TL-59,38.0328100000,-78.4992700000,292,
TL-59,38.0328200000,-78.4992500000,293,
TL-59,38.0328800000,-78.4990700000,294,
TL-59,38.0328900000,-78.4990500000,295,
TL-59,38.0330100000,-78.4986200000,296,
TL-59,38.0330900000,-78.4983400000,297,
TL-59,38.0331400000,-78.4981500000,298,
TL-59,38.0331700000,-78.4980900000,299,
TL-59,38.0331800000,-78.4980600000,300,
TL-59,38.0332100000,-78.4980200000,301,
TL-59,38.0332600000,-78.4979700000,302,
TL-59,38.0333000000,-78.4979300000,303,
TL-59,38.0333000000,-78.4979300000,304,
TL-59,38.0333400000,-78.4981100000,305,
TL-59,38.0333800000,-78.4983000000,306,
TL-59,38.0334000000,-78.4983700000,307,
TL-59,38.0334100000,-78.4984200000,308,
TL-59,38.0334400000,-78.4985100000,309,
TL-59,38.0334600000,-78.4985500000,310,
TL-59,38.0335200000,-78.4986600000,311,
TL-59,38.0336400000,-78.4988800000,312,
TL-59,38.0338600000,-78.4992800000,313,
TL-59,38.0339400000,-78.4994300000,314,
TL-59,38.0339600000,-78.4994600000,315,
TL-59,38.0340400000,-78.4995900000,316,
TL-59,38.0340400000,-78.4995900000,317,
TL-59,38.0341000000,-78.4997000000,318,
TL-59,38.0341500000,-78.4997800000,319,
TL-59,38.0341600000,-78.4998100000,320,
TL-59,38.0342200000,-78.4999100000,321,
TL-59,38.0343400000,-78.5001200000,322,
TL-59,38.0343700000,-78.5001600000,323,
TL-59,38.0344300000,-78.5002300000,324,
TL-59,38.0345800000,-78.5003400000,325,
TL-59,38.0348800000,-78.5005800000,326,
TL-59,38.0349500000,-78.5006300000,327,
TL-59,38.0352400000,-78.5008700000,328,
TL-59,38.0353100000,-78.5009200000,329,
TL-59,38.0354000000,-78.5010000000,330,
TL-59,38.0357100000,-78.5012400000,331,
TL-59,38.0359900000,-78.5014700000,332,
TL-59,38.0360400000,-78.5015200000,333,
TL-59,38.0360800000,-78.5015600000,334,
TL-59,38.0361000000,-78.5015900000,335,
TL-59,38.0361200000,-78.5016300000,336,
TL-59,38.0361500000,-78.5016800000,337,
TL-59,38.0361900000,-78.5017800000,338,
TL-59,38.0362700000,-78.5020300000,339,
TL-59,38.0363800000,-78.5023400000,340,
TL-59,38.0364000000,-78.5024000000,341,
TL-59,38.0364600000,-78.5025800000,342,
TL-59,38.0365500000,-78.5028400000,343,
TL-59,38.0365500000,-78.5028400000,344,
TL-59,38.0365800000,-78.5029300000,345,
TL-59,38.0366100000,-78.5030300000,346,
TL-59,38.0367215497,-78.5033397668,347,
TL-59,38.0367600000,-78.5034600000,348,
TL-59,38.0368400000,-78.5036400000,349,
TL-59,38.0368800000,-78.5037500000,350,
TL-59,38.0369100000,-78.5038300000,351,
TL-59,38.0369600000,-78.5039800000,352,
TL-59,38.0370400000,-78.5042200000,353,
TL-59,38.0370600000,-78.5042600000,354,
TL-59,38.0371000000,-78.5043800000,355,
TL-59,38.0371300000,-78.5044700000,356,
TL-59,38.0371400000,-78.5044900000,357,
TL-59,38.0372100000,-78.5046500000,358,
TL-59,38.0372100000,-78.5046500000,359,
TL-59,38.0370600000,-78.5046200000,360,
TL-59,38.0370300000,-78.5046200000,361,
TL-59,38.0370000000,-78.5046100000,362,
TL-59,38.0369200000,-78.5045800000,363,
TL-59,38.0368800000,-78.5045800000,364,
TL-59,38.0367800000,-78.5045600000,365,
TL-59,38.0366400000,-78.5045600000,366,
TL-59,38.0366000000,-78.5045500000,367,
TL-59,38.0365700000,-78.5045500000,368,
TL-59,38.0365500000,-78.5045600000,369,
TL-59,38.0365300000,-78.5045600000,370,
TL-59,38.0364800000,-78.5045900000,371,
TL-59,38.0364000000,-78.5046400000,372,
TL-59,38.0362000000,-78.5047600000,373,
TL-59,38.0361200000,-78.5048100000,374,
TL-59,38.0360400000,-78.5048600000,375,
TL-59,38.0359000000,-78.5049500000,376,
TL-59,38.0357900000,-78.5050300000,377,
TL-59,38.0357000000,-78.5051000000,378,
TL-59,38.0356300000,-78.5051600000,379,
TL-59,38.0355800000,-78.5052000000,380,
TL-59,38.0355300000,-78.5052400000,381,
TL-60,38.0458900000,-78.5086100000,1,
TL-60,38.0458400000,-78.5084800000,2,
TL-60,38.0457800000,-78.5083600000,3,
TL-60,38.0456900000,-78.5081600000,4,
TL-60,38.0456000000,-78.5079600000,5,
TL-60,38.0455500000,-78.5078500000,6,
TL-60,38.0455100000,-78.5077600000,7,
TL-60,38.0453800000,-78.5074500000,8,
TL-60,38.0452900000,-78.5072500000,9,
TL-60,38.0451500000,-78.5069400000,10,
TL-60,38.0450800000,-78.5067900000,11,
TL-60,38.0448700000,-78.5063100000,12,
TL-60,38.0447600000,-78.5060600000,13,
TL-60,38.0446900000,-78.5059000000,14,
TL-60,38.0446100000,-78.5056900000,15,
TL-60,38.0445300000,-78.5054800000,16,
TL-60,38.0444200000,-78.5051900000,17,
TL-60,38.0444200000,-78.5051900000,18,
TL-60,38.0443100000,-78.5052300000,19,
TL-60,38.0441100000,-78.5053000000,20,
TL-60,38.0439800000,-78.5053400000,21,
TL-60,38.0438900000,-78.5053700000,22,
TL-60,38.0436300000,-78.5054300000,23,
TL-60,38.0434500000,-78.5054600000,24,
TL-60,38.0434100000,-78.5054700000,25,
TL-60,38.0433900000,-78.5054700000,26,
TL-60,38.0433700000,-78.5054700000,27,
TL-60,38.0433500000,-78.5054600000,28,
TL-60,38.0433100000,-78.5054400000,29,
TL-60,38.0432600000,-78.5054600000,30,
TL-60,38.0432300000,-78.5054700000,31,
TL-60,38.0430300000,-78.5055300000,32,
TL-60,38.0426600000,-78.5056600000,33,
TL-60,38.0426000000,-78.5056800000,34,
TL-60,38.0423900000,-78.5057600000,35,
TL-60,38.0423400000,-78.5057800000,36,
TL-60,38.0422100000,-78.5058200000,37,
TL-60,38.0418200000,-78.5059700000,38,
TL-60,38.0416700000,-78.5060200000,39,
TL-60,38.0413300000,-78.5061500000,40,
TL-60,38.0410300000,-78.5062600000,41,
TL-60,38.0407300000,-78.5063800000,42,
TL-60,38.0405200000,-78.5064600000,43,
TL-60,38.0404900000,-78.5064800000,44,
TL-60,38.0404100000,-78.5065100000,45,
TL-60,38.0403200000,-78.5065500000,46,
TL-60,38.0402200000,-78.5065800000,47,
TL-60,38.0400400000,-78.5066300000,48,
TL-60,38.0398400000,-78.5066800000,49,
TL-60,38.0398400000,-78.5066800000,50,
TL-60,38.0402900000,-78.5074600000,51,
TL-60,38.0404800000,-78.5077900000,52,
TL-60,38.0406800000,-78.5081400000,53,
TL-60,38.0409700000,-78.5086200000,54,
TL-60,38.0411400000,-78.5089200000,55,
TL-60,38.0411500000,-78.5089500000,56,
TL-60,38.0414500000,-78.5094900000,57,
TL-60,38.0415500000,-78.5096700000,58,
TL-60,38.0416500000,-78.5098800000,59,
TL-60,38.0417100000,-78.5099700000,60,
TL-60,38.0417800000,-78.5100900000,61,
TL-60,38.0419300000,-78.5103500000,62,
TL-60,38.0420100000,-78.5105000000,63,
TL-60,38.0421400000,-78.5107600000,64,
TL-60,38.0422500000,-78.5109500000,65,
TL-60,38.0424600000,-78.5113200000,66,
TL-60,38.0425500000,-78.5114800000,67,
TL-60,38.0425500000,-78.5114800000,68,
TL-60,38.0424300000,-78.5116100000,69,
TL-60,38.0424100000,-78.5116200000,70,
TL-60,38.0423200000,-78.5117200000,71,
TL-60,38.0422300000,-78.5118100000,72,
TL-60,38.0420900000,-78.5119600000,73,
TL-60,38.0419500000,-78.5121000000,74,
TL-60,38.0418900000,-78.5121700000,75,
TL-60,38.0417800000,-78.5122800000,76,
TL-60,38.0417500000,-78.5123100000,77,
TL-60,38.0417100000,-78.5123600000,78,
TL-60,38.0416300000,-78.5124400000,79,
TL-60,38.0415800000,-78.5124900000,80,
TL-60,38.0415500000,-78.5125300000,81,
TL-60,38.0415400000,-78.5125500000,82,
TL-60,38.0415300000,-78.5125700000,83,
TL-60,38.0415200000,-78.5125800000,84,
TL-60,38.0414900000,-78.5126300000,85,
TL-60,38.0414100000,-78.5127700000,86,
TL-60,38.0413700000,-78.5128400000,87,
TL-60,38.0413300000,-78.5129000000,88,
TL-60,38.0412900000,-78.5129400000,89,
TL-60,38.0412500000,-78.5129900000,90,
TL-60,38.0412300000,-78.5130200000,91,
TL-60,38.0412000000,-78.5130400000,92,
TL-60,38.0411500000,-78.5130900000,93,
TL-60,38.0411000000,-78.5131500000,94,
TL-60,38.0409200000,-78.5133200000,95,
TL-60,38.0407800000,-78.5134600000,96,
TL-60,38.0406300000,-78.5135900000,97,
TL-60,38.0404900000,-78.5137300000,98,
TL-60,38.0404800000,-78.5137400000,99,
TL-60,38.0404400000,-78.5137700000,100,
TL-60,38.0403400000,-78.5138600000,101,
TL-60,38.0402400000,-78.5139600000,102,
TL-60,38.0402300000,-78.5139700000,103,
TL-60,38.0402000000,-78.5140000000,104,
TL-60,38.0400800000,-78.5141100000,105,
TL-60,38.0396500000,-78.5145200000,106,
TL-60,38.0393600000,-78.5147900000,107,
TL-60,38.0392200000,-78.5149200000,108,
TL-60,38.0390700000,-78.5150600000,109,
TL-60,38.0389300000,-78.5152000000,110,
TL-60,38.0389200000,-78.5152000000,111,
TL-60,38.0387100000,-78.5153600000,112,
TL-60,38.0386200000,-78.5153600000,113,
TL-60,38.0383300000,-78.5152400000,114,
TL-60,38.0381100000,-78.5151600000,115,
TL-60,38.0376200000,-78.5149500000,116,
TL-60,38.0371200000,-78.5146900000,117,
TL-60,38.0369900000,-78.5146200000,118,
TL-60,38.0367800000,-78.5145100000,119,
TL-60,38.0365500000,-78.5143900000,120,
TL-60,38.0363800000,-78.5143000000,121,
TL-60,38.0363000000,-78.5142600000,122,
TL-60,38.0362400000,-78.5142300000,123,
TL-60,38.0361200000,-78.5141800000,124,
TL-60,38.0359800000,-78.5141100000,125,
TL-60,38.0359400000,-78.5141000000,126,
TL-60,38.0359100000,-78.5140900000,127,
TL-60,38.0358800000,-78.5140900000,128,
TL-60,38.0358200000,-78.5140800000,129,
TL-60,38.0357400000,-78.5140800000,130,
TL-60,38.0354600000,-78.5140800000,131,
TL-60,38.0353700000,-78.5140800000,132,
TL-60,38.0352000000,-78.5141000000,133,
TL-60,38.0350500000,-78.5141200000,134,
TL-60,38.0347000000,-78.5141500000,135,
TL-60,38.0344800000,-78.5141600000,136,
TL-60,38.0340000000,-78.5141900000,137,
TL-60,38.0338500000,-78.5141900000,138,
TL-60,38.0337200000,-78.5142100000,139,
TL-60,38.0336400000,-78.5142200000,140,
TL-60,38.0335600000,-78.5142300000,141,
TL-60,38.0334300000,-78.5142600000,142,
TL-60,38.0333500000,-78.5142700000,143,
TL-60,38.0332600000,-78.5143000000,144,
TL-60,38.0332200000,-78.5143100000,145,
TL-60,38.0331200000,-78.5143400000,146,
TL-60,38.0329800000,-78.5143900000,147,
TL-60,38.0328600000,-78.5144500000,148,
TL-60,38.0327600000,-78.5144900000,149,
TL-60,38.0325700000,-78.5145900000,150,
TL-60,38.0325200000,-78.5146100000,151,
TL-60,38.0325200000,-78.5146100000,152,
TL-60,38.0323800000,-78.5142200000,153,
TL-60,38.0323600000,-78.5141500000,154,
TL-60,38.0323100000,-78.5139800000,155,
TL-60,38.0322800000,-78.5138400000,156,
TL-60,38.0322600000,-78.5137600000,157,
TL-60,38.0322400000,-78.5136200000,158,
TL-60,38.0322300000,-78.5135400000,159,
TL-60,38.0322200000,-78.5134300000,160,
TL-60,38.0322100000,-78.5130800000,161,
TL-60,38.0322100000,-78.5128800000,162,
TL-60,38.0322100000,-78.5128800000,163,
TL-60,38.0322100000,-78.5127700000,164,
TL-60,38.0322000000,-78.5126300000,165,
TL-60,38.0321900000,-78.5125400000,166,
TL-60,38.0321800000,-78.5124800000,167,
TL-60,38.0321500000,-78.5123400000,168,
TL-60,38.0321300000,-78.5122200000,169,
TL-60,38.0320700000,-78.5120900000,170,
TL-60,38.0318900000,-78.5117600000,171,
TL-60,38.0315800000,-78.5112600000,172,
TL-60,38.0315500000,-78.5112100000,173,
TL-60,38.0314400000,-78.5109700000,174,
TL-60,38.0313500000,-78.5107700000,175,
TL-60,38.0312500000,-78.5105700000,176,
TL-60,38.0312500000,-78.5105700000,177,
TL-60,38.0311500000,-78.5106500000,178,
TL-60,38.0311300000,-78.5106800000,179,
TL-60,38.0310500000,-78.5107500000,180,
TL-60,38.0309700000,-78.5108400000,181,
TL-60,38.0308700000,-78.5109600000,182,
TL-60,38.0308400000,-78.5110000000,183,
TL-60,38.0308100000,-78.5110500000,184,
TL-60,38.0306800000,-78.5112400000,185,
TL-60,38.0304600000,-78.5115400000,186,
TL-60,38.0302400000,-78.5118500000,187,
TL-60,38.0302000000,-78.5119100000,188,
TL-60,38.0301000000,-78.5120500000,189,
TL-60,38.0300500000,-78.5121200000,190,
TL-60,38.0300100000,-78.5122000000,191,
TL-60,38.0299100000,-78.5123900000,192,
TL-60,38.0298700000,-78.5124500000,193,
TL-60,38.0297400000,-78.5127100000,194,
TL-60,38.0296200000,-78.5129400000,195,
TL-60,38.0295200000,-78.5131100000,196,
TL-60,38.0294700000,-78.5131800000,197,
TL-60,38.0293500000,-78.5133600000,198,
TL-60,38.0292200000,-78.5135600000,199,
TL-60,38.0291600000,-78.5136400000,200,
TL-60,38.0290400000,-78.5138000000,201,
TL-60,38.0289700000,-78.5139200000,202,
TL-60,38.0288800000,-78.5140600000,203,
TL-60,38.0288800000,-78.5140700000,204,
TL-60,38.0288300000,-78.5141700000,205,
TL-60,38.0287800000,-78.5142600000,206,
TL-60,38.0287600000,-78.5143100000,207,
TL-60,38.0287000000,-78.5144700000,208,
TL-60,38.0286700000,-78.5145700000,209,
TL-60,38.0286400000,-78.5146900000,210,
TL-60,38.0286200000,-78.5147500000,211,
TL-60,38.0286000000,-78.5148700000,212,
TL-60,38.0285900000,-78.5150100000,213,
TL-60,38.0285800000,-78.5151200000,214,
TL-60,38.0285800000,-78.5151600000,215,
TL-60,38.0285800000,-78.5153200000,216,
TL-60,38.0285800000,-78.5153500000,217,
TL-60,38.0285800000,-78.5154400000,218,
TL-60,38.0285900000,-78.5155400000,219,
TL-60,38.0286000000,-78.5155800000,220,
TL-60,38.0286000000,-78.5156400000,221,
TL-60,38.0286200000,-78.5158100000,222,
TL-60,38.0286300000,-78.5158300000,223,
TL-60,38.0286500000,-78.5159700000,224,
TL-60,38.0286600000,-78.5160500000,225,
TL-60,38.0286700000,-78.5161600000,226,
TL-60,38.0286600000,-78.5162500000,227,
TL-60,38.0286600000,-78.5162600000,228,
TL-60,38.0286600000,-78.5162800000,229,
TL-60,38.0286600000,-78.5163800000,230,
TL-60,38.0286300000,-78.5165000000,231,
TL-60,38.0286300000,-78.5165000000,232,
TL-60,38.0287500000,-78.5165000000,233,
TL-60,38.0288100000,-78.5165000000,234,
TL-60,38.0288400000,-78.5165000000,235,
TL-60,38.0288900000,-78.5164900000,236,
TL-60,38.0289600000,-78.5164700000,237,
TL-60,38.0289900000,-78.5164700000,238,
TL-60,38.0290700000,-78.5164400000,239,
TL-60,38.0291600000,-78.5164100000,240,
TL-60,38.0292500000,-78.5163700000,241,
TL-60,38.0293100000,-78.5163400000,242,
TL-60,38.0294500000,-78.5162600000,243,
TL-60,38.0297000000,-78.5161400000,244,
TL-60,38.0298400000,-78.5160700000,245,
TL-60,38.0299400000,-78.5160200000,246,
TL-60,38.0300700000,-78.5159400000,247,
TL-60,38.0301500000,-78.5159000000,248,
TL-60,38.0302900000,-78.5158100000,249,
TL-60,38.0303500000,-78.5157800000,250,
TL-60,38.0305200000,-78.5156900000,251,
TL-60,38.0308500000,-78.5155100000,252,
TL-60,38.0311200000,-78.5153700000,253,
TL-60,38.0311200000,-78.5153700000,254,
TL-60,38.0312400000,-78.5153000000,255,
TL-60,38.0318200000,-78.5150000000,256,
TL-60,38.0320100000,-78.5149000000,257,
TL-60,38.0321100000,-78.5148400000,258,
TL-60,38.0321900000,-78.5148000000,259,
TL-60,38.0323200000,-78.5147200000,260,
TL-60,38.0324100000,-78.5146700000,261,
TL-60,38.0325200000,-78.5146100000,262,
TL-60,38.0325700000,-78.5145900000,263,
TL-60,38.0327600000,-78.5144900000,264,
TL-60,38.0328600000,-78.5144500000,265,
TL-60,38.0329800000,-78.5143900000,266,
TL-60,38.0331200000,-78.5143400000,267,
TL-60,38.0332200000,-78.5143100000,268,
TL-60,38.0332600000,-78.5143000000,269,
TL-60,38.0333500000,-78.5142700000,270,
TL-60,38.0334300000,-78.5142600000,271,
TL-60,38.0335600000,-78.5142300000,272,
TL-60,38.0336400000,-78.5142200000,273,
TL-60,38.0337200000,-78.5142100000,274,
TL-60,38.0338500000,-78.5141900000,275,
TL-60,38.0340000000,-78.5141900000,276,
TL-60,38.0344800000,-78.5141600000,277,
TL-60,38.0347000000,-78.5141500000,278,
TL-60,38.0350500000,-78.5141200000,279,
TL-60,38.0352000000,-78.5141000000,280,
TL-60,38.0353700000,-78.5140800000,281,
TL-60,38.0354600000,-78.5140800000,282,
TL-60,38.0357400000,-78.5140800000,283,
TL-60,38.0358200000,-78.5140800000,284,
TL-60,38.0358800000,-78.5140900000,285,
TL-60,38.0359100000,-78.5140900000,286,
TL-60,38.0359400000,-78.5141000000,287,
TL-60,38.0359800000,-78.5141100000,288,
TL-60,38.0361200000,-78.5141800000,289,
TL-60,38.0362400000,-78.5142300000,290,
TL-60,38.0363000000,-78.5142600000,291,
TL-60,38.0363800000,-78.5143000000,292,
TL-60,38.0365500000,-78.5143900000,293,
TL-60,38.0367800000,-78.5145100000,294,
TL-60,38.0369900000,-78.5146200000,295,
TL-60,38.0371200000,-78.5146900000,296,
TL-60,38.0376200000,-78.5149500000,297,
TL-60,38.0381100000,-78.5151600000,298,
TL-60,38.0383300000,-78.5152400000,299,
TL-60,38.0386200000,-78.5153600000,300,
TL-60,38.0387100000,-78.5153600000,301,
TL-60,38.0389200000,-78.5152000000,302,
TL-60,38.0389300000,-78.5152000000,303,
TL-60,38.0390700000,-78.5150600000,304,
TL-60,38.0392200000,-78.5149200000,305,
TL-60,38.0393600000,-78.5147900000,306,
TL-60,38.0396500000,-78.5145200000,307,
TL-60,38.0400800000,-78.5141100000,308,
TL-60,38.0402000000,-78.5140000000,309,
TL-60,38.0402300000,-78.5139700000,310,
TL-60,38.0402400000,-78.5139600000,311,
TL-60,38.0403400000,-78.5138600000,312,
TL-60,38.0404400000,-78.5137700000,313,
TL-60,38.0404800000,-78.5137400000,314,
TL-60,38.0404900000,-78.5137300000,315,
TL-60,38.0406300000,-78.5135900000,316,
TL-60,38.0407800000,-78.5134600000,317,
TL-60,38.0409200000,-78.5133200000,318,
TL-60,38.0411000000,-78.5131500000,319,
TL-60,38.0411500000,-78.5130900000,320,
TL-60,38.0412000000,-78.5130400000,321,
TL-60,38.0412300000,-78.5130200000,322,
TL-60,38.0412500000,-78.5129900000,323,
TL-60,38.0412900000,-78.5129400000,324,
TL-60,38.0413300000,-78.5129000000,325,
TL-60,38.0413700000,-78.5128400000,326,
TL-60,38.0414100000,-78.5127700000,327,
TL-60,38.0414900000,-78.5126300000,328,
TL-60,38.0415200000,-78.5125800000,329,
TL-60,38.0415300000,-78.5125700000,330,
TL-60,38.0415400000,-78.5125500000,331,
TL-60,38.0415500000,-78.5125300000,332,
TL-60,38.0415800000,-78.5124900000,333,
TL-60,38.0416300000,-78.5124400000,334,
TL-60,38.0417100000,-78.5123600000,335,
TL-60,38.0417500000,-78.5123100000,336,
TL-60,38.0417800000,-78.5122800000,337,
TL-60,38.0418900000,-78.5121700000,338,
TL-60,38.0419500000,-78.5121000000,339,
TL-60,38.0420900000,-78.5119600000,340,
TL-60,38.0422300000,-78.5118100000,341,
TL-60,38.0423200000,-78.5117200000,342,
TL-60,38.0424100000,-78.5116200000,343,
TL-60,38.0424300000,-78.5116100000,344,
TL-60,38.0425500000,-78.5114800000,345,
TL-60,38.0425500000,-78.5114800000,346,
TL-60,38.0425800000,-78.5113900000,347,
TL-60,38.0426100000,-78.5113300000,348,
TL-60,38.0426800000,-78.5112400000,349,
TL-60,38.0427000000,-78.5112100000,350,
TL-60,38.0427300000,-78.5111900000,351,
TL-60,38.0427600000,-78.5111500000,352,
TL-60,38.0428400000,-78.5110600000,353,
TL-60,38.0429400000,-78.5109800000,354,
TL-60,38.0430400000,-78.5109300000,355,
TL-60,38.0431700000,-78.5109000000,356,
TL-60,38.0433800000,-78.5108900000,357,
TL-60,38.0435400000,-78.5108900000,358,
TL-60,38.0435700000,-78.5108900000,359,
TL-60,38.0437200000,-78.5109000000,360,
TL-60,38.0440800000,-78.5109000000,361,
TL-60,38.0444300000,-78.5109100000,362,
TL-60,38.0445400000,-78.5109000000,363,
TL-60,38.0446600000,-78.5108800000,364,
TL-60,38.0447300000,-78.5108500000,365,
TL-60,38.0447800000,-78.5108300000,366,
TL-60,38.0448300000,-78.5108000000,367,
TL-60,38.0449500000,-78.5107200000,368,
TL-60,38.0453600000,-78.5104200000,369,
TL-60,38.0455700000,-78.5102800000,370,
TL-60,38.0458900000,-78.5100500000,371,
TL-60,38.0460600000,-78.5099400000,372,
TL-60,38.0463800000,-78.5097100000,373,
TL-60,38.0463800000,-78.5097100000,374,
TL-60,38.0462900000,-78.5095200000,375,
TL-60,38.0462600000,-78.5094500000,376,
TL-60,38.0462000000,-78.5093200000,377,
TL-60,38.0461000000,-78.5091100000,378,
TL-60,38.0460200000,-78.5089100000,379,
TL-60,38.0459500000,-78.5087400000,380,
TL-60,38.0458900000,-78.5086100000,381,
TL-61,38.0528400000,-78.5074400000,1,
TL-61,38.0528300000,-78.5076100000,2,
TL-61,38.0528300000,-78.5077600000,3,
TL-61,38.0528200000,-78.5077900000,4,
TL-61,38.0528100000,-78.5078100000,5,
TL-61,38.0528000000,-78.5078100000,6,
TL-61,38.0527900000,-78.5078100000,7,
TL-61,38.0526200000,-78.5078000000,8,
TL-61,38.0526200000,-78.5078000000,9,
TL-61,38.0526200000,-78.5081400000,10,
TL-61,38.0526200000,-78.5081400000,11,
TL-61,38.0524700000,-78.5081400000,12,
TL-61,38.0522700000,-78.5081300000,13,
TL-61,38.0522700000,-78.5081300000,14,
TL-61,38.0522600000,-78.5081600000,15,
TL-61,38.0522600000,-78.5082000000,16,
TL-61,38.0522500000,-78.5082400000,17,
TL-61,38.0522200000,-78.5083500000,18,
TL-61,38.0521600000,-78.5085600000,19,
TL-61,38.0521200000,-78.5087000000,20,
TL-61,38.0521100000,-78.5087500000,21,
TL-61,38.0520200000,-78.5090800000,22,
TL-61,38.0519900000,-78.5092000000,23,
TL-61,38.0519900000,-78.5092100000,24,
TL-61,38.0519600000,-78.5093400000,25,
TL-61,38.0519500000,-78.5094200000,26,
TL-61,38.0519500000,-78.5094700000,27,
TL-61,38.0519400000,-78.5097700000,28,
TL-61,38.0519300000,-78.5102100000,29,
TL-61,38.0519300000,-78.5104400000,30,
TL-61,38.0519300000,-78.5105500000,31,
TL-61,38.0519200000,-78.5106600000,32,
TL-61,38.0518900000,-78.5110000000,33,
TL-61,38.0518800000,-78.5111400000,34,
TL-61,38.0518600000,-78.5112700000,35,
TL-61,38.0518200000,-78.5114300000,36,
TL-61,38.0518100000,-78.5114700000,37,
TL-61,38.0517700000,-78.5115900000,38,
TL-61,38.0517000000,-78.5117500000,39,
TL-61,38.0516400000,-78.5118700000,40,
TL-61,38.0515600000,-78.5119700000,41,
TL-61,38.0513900000,-78.5120900000,42,
TL-61,38.0513400000,-78.5121300000,43,
TL-61,38.0512600000,-78.5121800000,44,
TL-61,38.0512500000,-78.5121900000,45,
TL-61,38.0511400000,-78.5122500000,46,
TL-61,38.0510800000,-78.5122800000,47,
TL-61,38.0509200000,-78.5123800000,48,
TL-61,38.0508400000,-78.5124300000,49,
TL-61,38.0507200000,-78.5125200000,50,
TL-61,38.0506600000,-78.5125600000,51,
TL-61,38.0505500000,-78.5126400000,52,
TL-61,38.0504500000,-78.5127100000,53,
TL-61,38.0503300000,-78.5127900000,54,
TL-61,38.0503000000,-78.5128000000,55,
TL-61,38.0501200000,-78.5129100000,56,
TL-61,38.0500600000,-78.5129500000,57,
TL-61,38.0499800000,-78.5130000000,58,
TL-61,38.0499800000,-78.5130000000,59,
TL-61,38.0499300000,-78.5129300000,60,
TL-61,38.0498400000,-78.5128300000,61,
TL-61,38.0498100000,-78.5127900000,62,
TL-61,38.0497500000,-78.5127100000,63,
TL-61,38.0496900000,-78.5126500000,64,
TL-61,38.0496400000,-78.5126100000,65,
TL-61,38.0495000000,-78.5124800000,66,
TL-61,38.0494200000,-78.5124100000,67,
TL-61,38.0493000000,-78.5123200000,68,
TL-61,38.0492400000,-78.5122700000,69,
TL-61,38.0492100000,-78.5122400000,70,
TL-61,38.0492000000,-78.5122400000,71,
TL-61,38.0491500000,-78.5122100000,72,
TL-61,38.0490700000,-78.5121600000,73,
TL-61,38.0490300000,-78.5121500000,74,
TL-61,38.0490200000,-78.5121400000,75,
TL-61,38.0489800000,-78.5121300000,76,
TL-61,38.0489300000,-78.5121200000,77,
TL-61,38.0488900000,-78.5121100000,78,
TL-61,38.0488300000,-78.5121100000,79,
TL-61,38.0487600000,-78.5121000000,80,
TL-61,38.0486200000,-78.5121100000,81,
TL-61,38.0483100000,-78.5121300000,82,
TL-61,38.0482400000,-78.5121400000,83,
TL-61,38.0481200000,-78.5121200000,84,
TL-61,38.0480600000,-78.5121000000,85,
TL-61,38.0479800000,-78.5120800000,86,
TL-61,38.0479100000,-78.5120500000,87,
TL-61,38.0478500000,-78.5120100000,88,
TL-61,38.0478000000,-78.5119900000,89,
TL-61,38.0477400000,-78.5119400000,90,
TL-61,38.0476800000,-78.5119100000,91,
TL-61,38.0476300000,-78.5118700000,92,
TL-61,38.0475800000,-78.5118300000,93,
TL-61,38.0475300000,-78.5117800000,94,
TL-61,38.0474800000,-78.5117300000,95,
TL-61,38.0474100000,-78.5116600000,96,
TL-61,38.0472500000,-78.5114500000,97,
TL-61,38.0472000000,-78.5113700000,98,
TL-61,38.0470500000,-78.5111400000,99,
TL-61,38.0468500000,-78.5107800000,100,
TL-61,38.0468500000,-78.5107600000,101,
TL-61,38.0466800000,-78.5104000000,102,
TL-61,38.0465100000,-78.5100000000,103,
TL-61,38.0463800000,-78.5097100000,104,
TL-61,38.0463800000,-78.5097100000,105,
TL-61,38.0460600000,-78.5099400000,106,
TL-61,38.0458900000,-78.5100500000,107,
TL-61,38.0455700000,-78.5102800000,108,
TL-61,38.0453600000,-78.5104200000,109,
TL-61,38.0449500000,-78.5107200000,110,
TL-61,38.0448300000,-78.5108000000,111,
TL-61,38.0447800000,-78.5108300000,112,
TL-61,38.0447300000,-78.5108500000,113,
TL-61,38.0446600000,-78.5108800000,114,
TL-61,38.0445400000,-78.5109000000,115,
TL-61,38.0444300000,-78.5109100000,116,
TL-61,38.0440800000,-78.5109000000,117,
TL-61,38.0437200000,-78.5109000000,118,
TL-61,38.0435700000,-78.5108900000,119,
TL-61,38.0435400000,-78.5108900000,120,
TL-61,38.0433800000,-78.5108900000,121,
TL-61,38.0431700000,-78.5109000000,122,
TL-61,38.0430400000,-78.5109300000,123,
TL-61,38.0429400000,-78.5109800000,124,
TL-61,38.0428400000,-78.5110600000,125,
TL-61,38.0427600000,-78.5111500000,126,
TL-61,38.0427300000,-78.5111900000,127,
TL-61,38.0427000000,-78.5112100000,128,
TL-61,38.0426800000,-78.5112400000,129,
TL-61,38.0426100000,-78.5113300000,130,
TL-61,38.0425800000,-78.5113900000,131,
TL-61,38.0425500000,-78.5114800000,132,
TL-61,38.0425500000,-78.5114800000,133,
TL-61,38.0424300000,-78.5116100000,134,
TL-61,38.0424100000,-78.5116200000,135,
TL-61,38.0423200000,-78.5117200000,136,
TL-61,38.0422300000,-78.5118100000,137,
TL-61,38.0420900000,-78.5119600000,138,
TL-61,38.0419500000,-78.5121000000,139,
TL-61,38.0418900000,-78.5121700000,140,
TL-61,38.0417800000,-78.5122800000,141,
TL-61,38.0417500000,-78.5123100000,142,
TL-61,38.0417100000,-78.5123600000,143,
TL-61,38.0416300000,-78.5124400000,144,
TL-61,38.0415800000,-78.5124900000,145,
TL-61,38.0415500000,-78.5125300000,146,
TL-61,38.0415400000,-78.5125500000,147,
TL-61,38.0415300000,-78.5125700000,148,
TL-61,38.0415200000,-78.5125800000,149,
TL-61,38.0414900000,-78.5126300000,150,
TL-61,38.0414100000,-78.5127700000,151,
TL-61,38.0413700000,-78.5128400000,152,
TL-61,38.0413300000,-78.5129000000,153,
TL-61,38.0412900000,-78.5129400000,154,
TL-61,38.0412500000,-78.5129900000,155,
TL-61,38.0412300000,-78.5130200000,156,
TL-61,38.0412000000,-78.5130400000,157,
TL-61,38.0411500000,-78.5130900000,158,
TL-61,38.0411000000,-78.5131500000,159,
TL-61,38.0409200000,-78.5133200000,160,
TL-61,38.0407800000,-78.5134600000,161,
TL-61,38.0406300000,-78.5135900000,162,
TL-61,38.0404900000,-78.5137300000,163,
TL-61,38.0404800000,-78.5137400000,164,
TL-61,38.0404400000,-78.5137700000,165,
TL-61,38.0403400000,-78.5138600000,166,
TL-61,38.0402400000,-78.5139600000,167,
TL-61,38.0402300000,-78.5139700000,168,
TL-61,38.0402000000,-78.5140000000,169,
TL-61,38.0400800000,-78.5141100000,170,
TL-61,38.0396500000,-78.5145200000,171,
TL-61,38.0393600000,-78.5147900000,172,
TL-61,38.0392200000,-78.5149200000,173,
TL-61,38.0390700000,-78.5150600000,174,
TL-61,38.0389300000,-78.5152000000,175,
TL-61,38.0389200000,-78.5152000000,176,
TL-61,38.0387100000,-78.5153600000,177,
TL-61,38.0386200000,-78.5153600000,178,
TL-61,38.0383300000,-78.5152400000,179,
TL-61,38.0381100000,-78.5151600000,180,
TL-61,38.0376200000,-78.5149500000,181,
TL-61,38.0371200000,-78.5146900000,182,
TL-61,38.0369900000,-78.5146200000,183,
TL-61,38.0367800000,-78.5145100000,184,
TL-61,38.0365500000,-78.5143900000,185,
TL-61,38.0363800000,-78.5143000000,186,
TL-61,38.0363000000,-78.5142600000,187,
TL-61,38.0362400000,-78.5142300000,188,
TL-61,38.0361200000,-78.5141800000,189,
TL-61,38.0359800000,-78.5141100000,190,
TL-61,38.0359400000,-78.5141000000,191,
TL-61,38.0359100000,-78.5140900000,192,
TL-61,38.0358800000,-78.5140900000,193,
TL-61,38.0358200000,-78.5140800000,194,
TL-61,38.0357400000,-78.5140800000,195,
TL-61,38.0354600000,-78.5140800000,196,
TL-61,38.0353700000,-78.5140800000,197,
TL-61,38.0352000000,-78.5141000000,198,
TL-61,38.0350500000,-78.5141200000,199,
TL-61,38.0347000000,-78.5141500000,200,
TL-61,38.0344800000,-78.5141600000,201,
TL-61,38.0340000000,-78.5141900000,202,
TL-61,38.0338500000,-78.5141900000,203,
TL-61,38.0337200000,-78.5142100000,204,
TL-61,38.0336400000,-78.5142200000,205,
TL-61,38.0335600000,-78.5142300000,206,
TL-61,38.0334300000,-78.5142600000,207,
TL-61,38.0333500000,-78.5142700000,208,
TL-61,38.0332600000,-78.5143000000,209,
TL-61,38.0332200000,-78.5143100000,210,
TL-61,38.0331200000,-78.5143400000,211,
TL-61,38.0329800000,-78.5143900000,212,
TL-61,38.0328600000,-78.5144500000,213,
TL-61,38.0327600000,-78.5144900000,214,
TL-61,38.0325700000,-78.5145900000,215,
TL-61,38.0325200000,-78.5146100000,216,
TL-61,38.0325200000,-78.5146100000,217,
TL-61,38.0323800000,-78.5142200000,218,
TL-61,38.0323600000,-78.5141500000,219,
TL-61,38.0323100000,-78.5139800000,220,
TL-61,38.0322800000,-78.5138400000,221,
TL-61,38.0322600000,-78.5137600000,222,
TL-61,38.0322400000,-78.5136200000,223,
TL-61,38.0322300000,-78.5135400000,224,
TL-61,38.0322200000,-78.5134300000,225,
TL-61,38.0322100000,-78.5130800000,226,
TL-61,38.0322100000,-78.5128800000,227,
TL-61,38.0322100000,-78.5128800000,228,
TL-61,38.0322100000,-78.5127700000,229,
TL-61,38.0322000000,-78.5126300000,230,
TL-61,38.0321900000,-78.5125400000,231,
TL-61,38.0321800000,-78.5124800000,232,
TL-61,38.0321500000,-78.5123400000,233,
TL-61,38.0321300000,-78.5122200000,234,
TL-61,38.0320700000,-78.5120900000,235,
TL-61,38.0318900000,-78.5117600000,236,
TL-61,38.0315800000,-78.5112600000,237,
TL-61,38.0315500000,-78.5112100000,238,
TL-61,38.0314400000,-78.5109700000,239,
TL-61,38.0313500000,-78.5107700000,240,
TL-61,38.0312500000,-78.5105700000,241,
TL-61,38.0312500000,-78.5105700000,242,
TL-61,38.0311500000,-78.5106500000,243,
TL-61,38.0311300000,-78.5106800000,244,
TL-61,38.0310500000,-78.5107500000,245,
TL-61,38.0309700000,-78.5108400000,246,
TL-61,38.0308700000,-78.5109600000,247,
TL-61,38.0308400000,-78.5110000000,248,
TL-61,38.0308100000,-78.5110500000,249,
TL-61,38.0306800000,-78.5112400000,250,
TL-61,38.0304600000,-78.5115400000,251,
TL-61,38.0302400000,-78.5118500000,252,
TL-61,38.0302000000,-78.5119100000,253,
TL-61,38.0301000000,-78.5120500000,254,
TL-61,38.0300500000,-78.5121200000,255,
TL-61,38.0300100000,-78.5122000000,256,
TL-61,38.0299100000,-78.5123900000,257,
TL-61,38.0298700000,-78.5124500000,258,
TL-61,38.0297400000,-78.5127100000,259,
TL-61,38.0296200000,-78.5129400000,260,
TL-61,38.0295200000,-78.5131100000,261,
TL-61,38.0294700000,-78.5131800000,262,
TL-61,38.0293500000,-78.5133600000,263,
TL-61,38.0292200000,-78.5135600000,264,
TL-61,38.0291600000,-78.5136400000,265,
TL-61,38.0290400000,-78.5138000000,266,
TL-61,38.0289700000,-78.5139200000,267,
TL-61,38.0288800000,-78.5140600000,268,
TL-61,38.0288800000,-78.5140700000,269,
TL-61,38.0288300000,-78.5141700000,270,
TL-61,38.0287800000,-78.5142600000,271,
TL-61,38.0287600000,-78.5143100000,272,
TL-61,38.0287000000,-78.5144700000,273,
TL-61,38.0286700000,-78.5145700000,274,
TL-61,38.0286400000,-78.5146900000,275,
TL-61,38.0286200000,-78.5147500000,276,
TL-61,38.0286000000,-78.5148700000,277,
TL-61,38.0285900000,-78.5150100000,278,
TL-61,38.0285800000,-78.5151200000,279,
TL-61,38.0285800000,-78.5151600000,280,
TL-61,38.0285800000,-78.5153200000,281,
TL-61,38.0285800000,-78.5153500000,282,
TL-61,38.0285800000,-78.5154400000,283,
TL-61,38.0285900000,-78.5155400000,284,
TL-61,38.0286000000,-78.5155800000,285,
TL-61,38.0286000000,-78.5156400000,286,
TL-61,38.0286200000,-78.5158100000,287,
TL-61,38.0286300000,-78.5158300000,288,
TL-61,38.0286500000,-78.5159700000,289,
TL-61,38.0286600000,-78.5160500000,290,
TL-61,38.0286700000,-78.5161600000,291,
TL-61,38.0286600000,-78.5162500000,292,
TL-61,38.0286600000,-78.5162600000,293,
TL-61,38.0286600000,-78.5162800000,294,
TL-61,38.0286600000,-78.5163800000,295,
TL-61,38.0286300000,-78.5165000000,296,
TL-61,38.0286300000,-78.5165000000,297,
TL-61,38.0287500000,-78.5165000000,298,
TL-61,38.0288100000,-78.5165000000,299,
TL-61,38.0288400000,-78.5165000000,300,
TL-61,38.0288900000,-78.5164900000,301,
TL-61,38.0289600000,-78.5164700000,302,
TL-61,38.0289900000,-78.5164700000,303,
TL-61,38.0290700000,-78.5164400000,304,
TL-61,38.0291600000,-78.5164100000,305,
TL-61,38.0292500000,-78.5163700000,306,
TL-61,38.0293100000,-78.5163400000,307,
TL-61,38.0294500000,-78.5162600000,308,
TL-61,38.0297000000,-78.5161400000,309,
TL-61,38.0298400000,-78.5160700000,310,
TL-61,38.0299400000,-78.5160200000,311,
TL-61,38.0300700000,-78.5159400000,312,
TL-61,38.0301500000,-78.5159000000,313,
TL-61,38.0302900000,-78.5158100000,314,
TL-61,38.0303500000,-78.5157800000,315,
TL-61,38.0305200000,-78.5156900000,316,
TL-61,38.0308500000,-78.5155100000,317,
TL-61,38.0311200000,-78.5153700000,318,
TL-61,38.0311200000,-78.5153700000,319,
TL-61,38.0312400000,-78.5153000000,320,
TL-61,38.0318200000,-78.5150000000,321,
TL-61,38.0320100000,-78.5149000000,322,
TL-61,38.0321100000,-78.5148400000,323,
TL-61,38.0321900000,-78.5148000000,324,
TL-61,38.0323200000,-78.5147200000,325,
TL-61,38.0324100000,-78.5146700000,326,
TL-61,38.0325200000,-78.5146100000,327,
TL-61,38.0325700000,-78.5145900000,328,
TL-61,38.0327600000,-78.5144900000,329,
TL-61,38.0328600000,-78.5144500000,330,
TL-61,38.0329800000,-78.5143900000,331,
TL-61,38.0331200000,-78.5143400000,332,
TL-61,38.0332200000,-78.5143100000,333,
TL-61,38.0332600000,-78.5143000000,334,
TL-61,38.0333500000,-78.5142700000,335,
TL-61,38.0334300000,-78.5142600000,336,
TL-61,38.0335600000,-78.5142300000,337,
TL-61,38.0336400000,-78.5142200000,338,
TL-61,38.0337200000,-78.5142100000,339,
TL-61,38.0338500000,-78.5141900000,340,
TL-61,38.0340000000,-78.5141900000,341,
TL-61,38.0344800000,-78.5141600000,342,
TL-61,38.0347000000,-78.5141500000,343,
TL-61,38.0350500000,-78.5141200000,344,
TL-61,38.0352000000,-78.5141000000,345,
TL-61,38.0353700000,-78.5140800000,346,
TL-61,38.0354600000,-78.5140800000,347,
TL-61,38.0357400000,-78.5140800000,348,
TL-61,38.0358200000,-78.5140800000,349,
TL-61,38.0358800000,-78.5140900000,350,
TL-61,38.0359100000,-78.5140900000,351,
TL-61,38.0359400000,-78.5141000000,352,
TL-61,38.0359800000,-78.5141100000,353,
TL-61,38.0361200000,-78.5141800000,354,
TL-61,38.0362400000,-78.5142300000,355,
TL-61,38.0363000000,-78.5142600000,356,
TL-61,38.0363800000,-78.5143000000,357,
TL-61,38.0365500000,-78.5143900000,358,
TL-61,38.0367800000,-78.5145100000,359,
TL-61,38.0369900000,-78.5146200000,360,
TL-61,38.0371200000,-78.5146900000,361,
TL-61,38.0376200000,-78.5149500000,362,
TL-61,38.0381100000,-78.5151600000,363,
TL-61,38.0383300000,-78.5152400000,364,
TL-61,38.0386200000,-78.5153600000,365,
TL-61,38.0387100000,-78.5153600000,366,
TL-61,38.0389200000,-78.5152000000,367,
TL-61,38.0389300000,-78.5152000000,368,
TL-61,38.0390700000,-78.5150600000,369,
TL-61,38.0392200000,-78.5149200000,370,
TL-61,38.0393600000,-78.5147900000,371,
TL-61,38.0396500000,-78.5145200000,372,
TL-61,38.0400800000,-78.5141100000,373,
TL-61,38.0402000000,-78.5140000000,374,
TL-61,38.0402300000,-78.5139700000,375,
TL-61,38.0402400000,-78.5139600000,376,
TL-61,38.0403400000,-78.5138600000,377,
TL-61,38.0404400000,-78.5137700000,378,
TL-61,38.0404800000,-78.5137400000,379,
TL-61,38.0404900000,-78.5137300000,380,
TL-61,38.0406300000,-78.5135900000,381,
TL-61,38.0407800000,-78.5134600000,382,
TL-61,38.0409200000,-78.5133200000,383,
TL-61,38.0411000000,-78.5131500000,384,
TL-61,38.0411500000,-78.5130900000,385,
TL-61,38.0412000000,-78.5130400000,386,
TL-61,38.0412300000,-78.5130200000,387,
TL-61,38.0412500000,-78.5129900000,388,
TL-61,38.0412900000,-78.5129400000,389,
TL-61,38.0413300000,-78.5129000000,390,
TL-61,38.0413700000,-78.5128400000,391,
TL-61,38.0414100000,-78.5127700000,392,
TL-61,38.0414900000,-78.5126300000,393,
TL-61,38.0415200000,-78.5125800000,394,
TL-61,38.0415300000,-78.5125700000,395,
TL-61,38.0415400000,-78.5125500000,396,
TL-61,38.0415500000,-78.5125300000,397,
TL-61,38.0415800000,-78.5124900000,398,
TL-61,38.0416300000,-78.5124400000,399,
TL-61,38.0417100000,-78.5123600000,400,
TL-61,38.0417500000,-78.5123100000,401,
TL-61,38.0417800000,-78.5122800000,402,
TL-61,38.0418900000,-78.5121700000,403,
TL-61,38.0419500000,-78.5121000000,404,
TL-61,38.0420900000,-78.5119600000,405,
TL-61,38.0422300000,-78.5118100000,406,
TL-61,38.0423200000,-78.5117200000,407,
TL-61,38.0424100000,-78.5116200000,408,
TL-61,38.0424300000,-78.5116100000,409,
TL-61,38.0425500000,-78.5114800000,410,
TL-61,38.0425500000,-78.5114800000,411,
TL-61,38.0425800000,-78.5113900000,412,
TL-61,38.0426100000,-78.5113300000,413,
TL-61,38.0426800000,-78.5112400000,414,
TL-61,38.0427000000,-78.5112100000,415,
TL-61,38.0427300000,-78.5111900000,416,
TL-61,38.0427600000,-78.5111500000,417,
TL-61,38.0428400000,-78.5110600000,418,
TL-61,38.0429400000,-78.5109800000,419,
TL-61,38.0430400000,-78.5109300000,420,
TL-61,38.0431700000,-78.5109000000,421,
TL-61,38.0433800000,-78.5108900000,422,
TL-61,38.0435400000,-78.5108900000,423,
TL-61,38.0435700000,-78.5108900000,424,
TL-61,38.0437200000,-78.5109000000,425,
TL-61,38.0440800000,-78.5109000000,426,
TL-61,38.0444300000,-78.5109100000,427,
TL-61,38.0445400000,-78.5109000000,428,
TL-61,38.0446600000,-78.5108800000,429,
TL-61,38.0447300000,-78.5108500000,430,
TL-61,38.0447800000,-78.5108300000,431,
TL-61,38.0448300000,-78.5108000000,432,
TL-61,38.0449500000,-78.5107200000,433,
TL-61,38.0453600000,-78.5104200000,434,
TL-61,38.0455700000,-78.5102800000,435,
TL-61,38.0458900000,-78.5100500000,436,
TL-61,38.0460600000,-78.5099400000,437,
TL-61,38.0463800000,-78.5097100000,438,
TL-61,38.0463800000,-78.5097100000,439,
TL-61,38.0465100000,-78.5100000000,440,
TL-61,38.0466800000,-78.5104000000,441,
TL-61,38.0468500000,-78.5107600000,442,
TL-61,38.0468500000,-78.5107800000,443,
TL-61,38.0470500000,-78.5111400000,444,
TL-61,38.0472000000,-78.5113700000,445,
TL-61,38.0472500000,-78.5114500000,446,
TL-61,38.0474100000,-78.5116600000,447,
TL-61,38.0474800000,-78.5117300000,448,
TL-61,38.0475300000,-78.5117800000,449,
TL-61,38.0475800000,-78.5118300000,450,
TL-61,38.0476300000,-78.5118700000,451,
TL-61,38.0476800000,-78.5119100000,452,
TL-61,38.0477400000,-78.5119400000,453,
TL-61,38.0478000000,-78.5119900000,454,
TL-61,38.0478500000,-78.5120100000,455,
TL-61,38.0479100000,-78.5120500000,456,
TL-61,38.0479800000,-78.5120800000,457,
TL-61,38.0480600000,-78.5121000000,458,
TL-61,38.0481200000,-78.5121200000,459,
TL-61,38.0482400000,-78.5121400000,460,
TL-61,38.0483100000,-78.5121300000,461,
TL-61,38.0486200000,-78.5121100000,462,
TL-61,38.0487600000,-78.5121000000,463,
TL-61,38.0488300000,-78.5121100000,464,
TL-61,38.0488900000,-78.5121100000,465,
TL-61,38.0489300000,-78.5121200000,466,
TL-61,38.0489800000,-78.5121300000,467,
TL-61,38.0490200000,-78.5121400000,468,
TL-61,38.0490300000,-78.5121500000,469,
TL-61,38.0490700000,-78.5121600000,470,
TL-61,38.0491500000,-78.5122100000,471,
TL-61,38.0492000000,-78.5122400000,472,
TL-61,38.0492100000,-78.5122400000,473,
TL-61,38.0492400000,-78.5122700000,474,
TL-61,38.0493000000,-78.5123200000,475,
TL-61,38.0494200000,-78.5124100000,476,
TL-61,38.0495000000,-78.5124800000,477,
TL-61,38.0496400000,-78.5126100000,478,
TL-61,38.0496900000,-78.5126500000,479,
TL-61,38.0497500000,-78.5127100000,480,
TL-61,38.0498100000,-78.5127900000,481,
TL-61,38.0498400000,-78.5128300000,482,
TL-61,38.0499300000,-78.5129300000,483,
TL-61,38.0499800000,-78.5130000000,484,
TL-61,38.0499800000,-78.5130000000,485,
TL-61,38.0500600000,-78.5129500000,486,
TL-61,38.0501200000,-78.5129100000,487,
TL-61,38.0503000000,-78.5128000000,488,
TL-61,38.0503300000,-78.5127900000,489,
TL-61,38.0504500000,-78.5127100000,490,
TL-61,38.0505500000,-78.5126400000,491,
TL-61,38.0506600000,-78.5125600000,492,
TL-61,38.0507200000,-78.5125200000,493,
TL-61,38.0508400000,-78.5124300000,494,
TL-61,38.0509200000,-78.5123800000,495,
TL-61,38.0510800000,-78.5122800000,496,
TL-61,38.0511400000,-78.5122500000,497,
TL-61,38.0512500000,-78.5121900000,498,
TL-61,38.0512600000,-78.5121800000,499,
TL-61,38.0513400000,-78.5121300000,500,
TL-61,38.0513900000,-78.5120900000,501,
TL-61,38.0515600000,-78.5119700000,502,
TL-61,38.0516400000,-78.5118700000,503,
TL-61,38.0517000000,-78.5117500000,504,
TL-61,38.0517700000,-78.5115900000,505,
TL-61,38.0518100000,-78.5114700000,506,
TL-61,38.0518200000,-78.5114300000,507,
TL-61,38.0518600000,-78.5112700000,508,
TL-61,38.0518800000,-78.5111400000,509,
TL-61,38.0518900000,-78.5110000000,510,
TL-61,38.0519200000,-78.5106600000,511,
TL-61,38.0519300000,-78.5105500000,512,
TL-61,38.0519300000,-78.5104400000,513,
TL-61,38.0519300000,-78.5102100000,514,
TL-61,38.0519400000,-78.5097700000,515,
TL-61,38.0519500000,-78.5094700000,516,
TL-61,38.0519500000,-78.5094200000,517,
TL-61,38.0519600000,-78.5093400000,518,
TL-61,38.0519900000,-78.5092100000,519,
TL-61,38.0519900000,-78.5092000000,520,
TL-61,38.0520200000,-78.5090800000,521,
TL-61,38.0521100000,-78.5087500000,522,
TL-61,38.0521200000,-78.5087000000,523,
TL-61,38.0521600000,-78.5085600000,524,
TL-61,38.0522200000,-78.5083500000,525,
TL-61,38.0522500000,-78.5082400000,526,
TL-61,38.0522600000,-78.5082000000,527,
TL-61,38.0522600000,-78.5081600000,528,
TL-61,38.0522700000,-78.5081300000,529,
TL-61,38.0522700000,-78.5081300000,530,
TL-61,38.0524700000,-78.5081400000,531,
TL-61,38.0526200000,-78.5081400000,532,
TL-61,38.0526200000,-78.5081400000,533,
TL-61,38.0526200000,-78.5078000000,534,
TL-61,38.0526500000,-78.5068700000,535,
TL-61,38.0526500000,-78.5068700000,536,
TL-61,38.0526900000,-78.5068700000,537,
TL-61,38.0528300000,-78.5068800000,538,
TL-61,38.0528400000,-78.5068900000,539,
TL-61,38.0528500000,-78.5069000000,540,
TL-61,38.0528500000,-78.5069200000,541,
TL-61,38.0528400000,-78.5074400000,542,
TL-62,38.0311200000,-78.5153700000,1,
TL-62,38.0312400000,-78.5153000000,2,
TL-62,38.0318200000,-78.5150000000,3,
TL-62,38.0320100000,-78.5149000000,4,
TL-62,38.0321100000,-78.5148400000,5,
TL-62,38.0321900000,-78.5148000000,6,
TL-62,38.0323200000,-78.5147200000,7,
TL-62,38.0324100000,-78.5146700000,8,
TL-62,38.0325200000,-78.5146100000,9,
TL-62,38.0325200000,-78.5146100000,10,
TL-62,38.0323800000,-78.5142200000,11,
TL-62,38.0323600000,-78.5141500000,12,
TL-62,38.0323100000,-78.5139800000,13,
TL-62,38.0322800000,-78.5138400000,14,
TL-62,38.0322600000,-78.5137600000,15,
TL-62,38.0322400000,-78.5136200000,16,
TL-62,38.0322300000,-78.5135400000,17,
TL-62,38.0322200000,-78.5134300000,18,
TL-62,38.0322100000,-78.5130800000,19,
TL-62,38.0322100000,-78.5128800000,20,
TL-62,38.0322100000,-78.5128800000,21,
TL-62,38.0322100000,-78.5127700000,22,
TL-62,38.0322000000,-78.5126300000,23,
TL-62,38.0321900000,-78.5125400000,24,
TL-62,38.0321800000,-78.5124800000,25,
TL-62,38.0321500000,-78.5123400000,26,
TL-62,38.0321300000,-78.5122200000,27,
TL-62,38.0320700000,-78.5120900000,28,
TL-62,38.0318900000,-78.5117600000,29,
TL-62,38.0315800000,-78.5112600000,30,
TL-62,38.0315500000,-78.5112100000,31,
TL-62,38.0314400000,-78.5109700000,32,
TL-62,38.0313500000,-78.5107700000,33,
TL-62,38.0312500000,-78.5105700000,34,
TL-62,38.0312500000,-78.5105700000,35,
TL-62,38.0311500000,-78.5106500000,36,
TL-62,38.0311300000,-78.5106800000,37,
TL-62,38.0310500000,-78.5107500000,38,
TL-62,38.0309700000,-78.5108400000,39,
TL-62,38.0308700000,-78.5109600000,40,
TL-62,38.0308400000,-78.5110000000,41,
TL-62,38.0308100000,-78.5110500000,42,
TL-62,38.0306800000,-78.5112400000,43,
TL-62,38.0304600000,-78.5115400000,44,
TL-62,38.0302400000,-78.5118500000,45,
TL-62,38.0302000000,-78.5119100000,46,
TL-62,38.0301000000,-78.5120500000,47,
TL-62,38.0300500000,-78.5121200000,48,
TL-62,38.0300100000,-78.5122000000,49,
TL-62,38.0299100000,-78.5123900000,50,
TL-62,38.0298700000,-78.5124500000,51,
TL-62,38.0297400000,-78.5127100000,52,
TL-62,38.0296200000,-78.5129400000,53,
TL-62,38.0295200000,-78.5131100000,54,
TL-62,38.0294700000,-78.5131800000,55,
TL-62,38.0293500000,-78.5133600000,56,
TL-62,38.0292200000,-78.5135600000,57,
TL-62,38.0291600000,-78.5136400000,58,
TL-62,38.0290400000,-78.5138000000,59,
TL-62,38.0289700000,-78.5139200000,60,
TL-62,38.0288800000,-78.5140600000,61,
TL-62,38.0288800000,-78.5140700000,62,
TL-62,38.0288300000,-78.5141700000,63,
TL-62,38.0287800000,-78.5142600000,64,
TL-62,38.0287600000,-78.5143100000,65,
TL-62,38.0287000000,-78.5144700000,66,
TL-62,38.0286700000,-78.5145700000,67,
TL-62,38.0286400000,-78.5146900000,68,
TL-62,38.0286200000,-78.5147500000,69,
TL-62,38.0286000000,-78.5148700000,70,
TL-62,38.0285900000,-78.5150100000,71,
TL-62,38.0285800000,-78.5151200000,72,
TL-62,38.0285800000,-78.5151600000,73,
TL-62,38.0285800000,-78.5153200000,74,
TL-62,38.0285800000,-78.5153500000,75,
TL-62,38.0285800000,-78.5154400000,76,
TL-62,38.0285900000,-78.5155400000,77,
TL-62,38.0286000000,-78.5155800000,78,
TL-62,38.0286000000,-78.5156400000,79,
TL-62,38.0286200000,-78.5158100000,80,
TL-62,38.0286300000,-78.5158300000,81,
TL-62,38.0286500000,-78.5159700000,82,
TL-62,38.0286600000,-78.5160500000,83,
TL-62,38.0286700000,-78.5161600000,84,
TL-62,38.0286600000,-78.5162500000,85,
TL-62,38.0286600000,-78.5162600000,86,
TL-62,38.0286600000,-78.5162800000,87,
TL-62,38.0286600000,-78.5163800000,88,
TL-62,38.0286300000,-78.5165000000,89,
TL-62,38.0286300000,-78.5165000000,90,
TL-62,38.0284000000,-78.5165000000,91,
TL-62,38.0283200000,-78.5165000000,92,
TL-62,38.0279900000,-78.5164900000,93,
TL-62,38.0276900000,-78.5164900000,94,
TL-62,38.0276400000,-78.5164800000,95,
TL-62,38.0275600000,-78.5164700000,96,
TL-62,38.0274900000,-78.5164600000,97,
TL-62,38.0274200000,-78.5164300000,98,
TL-62,38.0273700000,-78.5164100000,99,
TL-62,38.0273100000,-78.5163700000,100,
TL-62,38.0272100000,-78.5162500000,101,
TL-62,38.0271700000,-78.5161900000,102,
TL-62,38.0271600000,-78.5161800000,103,
TL-62,38.0271400000,-78.5161400000,104,
TL-62,38.0270200000,-78.5159400000,105,
TL-62,38.0268100000,-78.5156200000,106,
TL-62,38.0267300000,-78.5155300000,107,
TL-62,38.0266900000,-78.5154700000,108,
TL-62,38.0266300000,-78.5154200000,109,
TL-62,38.0266200000,-78.5154100000,110,
TL-62,38.0265800000,-78.5153900000,111,
TL-62,38.0265400000,-78.5153600000,112,
TL-62,38.0264400000,-78.5153100000,113,
TL-62,38.0263600000,-78.5152800000,114,
TL-62,38.0260200000,-78.5151300000,115,
TL-62,38.0260200000,-78.5151300000,116,
TL-62,38.0259400000,-78.5151200000,117,
TL-62,38.0259100000,-78.5152500000,118,
TL-62,38.0259100000,-78.5155300000,119,
TL-62,38.0259200000,-78.5157100000,120,
TL-62,38.0259200000,-78.5158800000,121,
TL-62,38.0259200000,-78.5162100000,122,
TL-62,38.0259200000,-78.5162800000,123,
TL-62,38.0259200000,-78.5164600000,124,
TL-62,38.0259200000,-78.5169000000,125,
TL-62,38.0259200000,-78.5173500000,126,
TL-62,38.0259200000,-78.5174800000,127,
TL-62,38.0259200000,-78.5175800000,128,
TL-62,38.0259200000,-78.5180400000,129,
TL-62,38.0259200000,-78.5182800000,130,
TL-62,38.0259100000,-78.5183500000,131,
TL-62,38.0259200000,-78.5185100000,132,
TL-62,38.0259200000,-78.5186400000,133,
TL-62,38.0259200000,-78.5187400000,134,
TL-62,38.0259500000,-78.5191200000,135,
TL-62,38.0259900000,-78.5195700000,136,
TL-62,38.0260400000,-78.5201000000,137,
TL-62,38.0260800000,-78.5204300000,138,
TL-62,38.0261100000,-78.5207700000,139,
TL-62,38.0261400000,-78.5209700000,140,
TL-62,38.0261700000,-78.5212300000,141,
TL-62,38.0262000000,-78.5215400000,142,
TL-62,38.0262300000,-78.5218500000,143,
TL-62,38.0262500000,-78.5221200000,144,
TL-62,38.0262700000,-78.5223100000,145,
TL-62,38.0263000000,-78.5225100000,146,
TL-62,38.0263400000,-78.5229400000,147,
TL-62,38.0263500000,-78.5230500000,148,
TL-62,38.0263600000,-78.5231100000,149,
TL-62,38.0263600000,-78.5231700000,150,
TL-62,38.0264000000,-78.5233000000,151,
TL-62,38.0264100000,-78.5233200000,152,
TL-62,38.0264100000,-78.5233300000,153,
TL-62,38.0264100000,-78.5233400000,154,
TL-62,38.0264100000,-78.5233500000,155,
TL-62,38.0264200000,-78.5233800000,156,
TL-62,38.0264700000,-78.5238300000,157,
TL-62,38.0265500000,-78.5245800000,158,
TL-62,38.0265500000,-78.5245800000,159,
TL-62,38.0265700000,-78.5247500000,160,
TL-62,38.0264400000,-78.5247700000,161,
TL-62,38.0263500000,-78.5247800000,162,
TL-62,38.0263100000,-78.5247900000,163,
TL-62,38.0261800000,-78.5248100000,164,
TL-62,38.0259600000,-78.5248300000,165,
TL-62,38.0259400000,-78.5248300000,166,
TL-62,38.0258800000,-78.5248400000,167,
TL-62,38.0258500000,-78.5248500000,168,
TL-62,38.0258200000,-78.5248600000,169,
TL-62,38.0258100000,-78.5248600000,170,
TL-62,38.0258000000,-78.5248600000,171,
TL-62,38.0257900000,-78.5248700000,172,
TL-62,38.0257600000,-78.5248900000,173,
TL-62,38.0257300000,-78.5249200000,174,
TL-62,38.0256600000,-78.5250000000,175,
TL-62,38.0256300000,-78.5250400000,176,
TL-62,38.0255300000,-78.5251600000,177,
TL-62,38.0255300000,-78.5251600000,178,
TL-62,38.0255400000,-78.5252100000,179,
TL-62,38.0255500000,-78.5252600000,180,
TL-62,38.0255600000,-78.5253700000,181,
TL-62,38.0255700000,-78.5254000000,182,
TL-62,38.0256200000,-78.5259700000,183,
TL-62,38.0256700000,-78.5265800000,184,
TL-62,38.0256700000,-78.5265800000,185,
TL-62,38.0256900000,-78.5268100000,186,
TL-62,38.0257000000,-78.5268900000,187,
TL-62,38.0257000000,-78.5268900000,188,
TL-62,38.0257000000,-78.5269600000,189,
TL-62,38.0257200000,-78.5270700000,190,
TL-62,38.0257100000,-78.5271800000,191,
TL-62,38.0257000000,-78.5272600000,192,
TL-62,38.0256800000,-78.5273300000,193,
TL-62,38.0256100000,-78.5274500000,194,
TL-62,38.0256000000,-78.5274700000,195,
TL-62,38.0254800000,-78.5276200000,196,
TL-62,38.0253800000,-78.5277400000,197,
TL-62,38.0253800000,-78.5277400000,198,
TL-62,38.0252400000,-78.5275200000,199,
TL-62,38.0251100000,-78.5273600000,200,
TL-62,38.0250000000,-78.5272000000,201,
TL-62,38.0249000000,-78.5270300000,202,
TL-62,38.0247700000,-78.5268800000,203,
TL-62,38.0247700000,-78.5268800000,204,
TL-62,38.0245100000,-78.5265100000,205,
TL-62,38.0244400000,-78.5264200000,206,
TL-62,38.0244100000,-78.5263700000,207,
TL-62,38.0243600000,-78.5263100000,208,
TL-62,38.0242500000,-78.5261600000,209,
TL-62,38.0242000000,-78.5260800000,210,
TL-62,38.0239500000,-78.5257500000,211,
TL-62,38.0239500000,-78.5257500000,212,
TL-62,38.0240900000,-78.5256000000,213,
TL-62,38.0242000000,-78.5254700000,214,
TL-62,38.0242400000,-78.5254200000,215,
TL-62,38.0242400000,-78.5254200000,216,
TL-62,38.0243800000,-78.5252600000,217,
TL-62,38.0245200000,-78.5251000000,218,
TL-62,38.0246500000,-78.5249500000,219,
TL-62,38.0247800000,-78.5247900000,220,
TL-62,38.0247900000,-78.5247800000,221,
TL-62,38.0247900000,-78.5247700000,222,
TL-62,38.0250500000,-78.5244600000,223,
TL-62,38.0250500000,-78.5244600000,224,
TL-62,38.0253600000,-78.5248600000,225,
TL-62,38.0254500000,-78.5250000000,226,
TL-62,38.0254500000,-78.5250000000,227,
TL-62,38.0255400000,-78.5249200000,228,
TL-62,38.0256000000,-78.5248600000,229,
TL-62,38.0256800000,-78.5247600000,230,
TL-62,38.0257200000,-78.5247200000,231,
TL-62,38.0257500000,-78.5247000000,232,
TL-62,38.0257900000,-78.5246800000,233,
TL-62,38.0258300000,-78.5246500000,234,
TL-62,38.0261900000,-78.5246200000,235,
TL-62,38.0264300000,-78.5246000000,236,
TL-62,38.0264300000,-78.5246000000,237,
TL-62,38.0264000000,-78.5240300000,238,
TL-62,38.0263600000,-78.5236300000,239,
TL-62,38.0263500000,-78.5233700000,240,
TL-62,38.0263500000,-78.5233500000,241,
TL-62,38.0263400000,-78.5233300000,242,
TL-62,38.0263500000,-78.5233100000,243,
TL-62,38.0263500000,-78.5232900000,244,
TL-62,38.0263600000,-78.5231700000,245,
TL-62,38.0263600000,-78.5231100000,246,
TL-62,38.0263500000,-78.5230500000,247,
TL-62,38.0263400000,-78.5229400000,248,
TL-62,38.0263000000,-78.5225100000,249,
TL-62,38.0262700000,-78.5223100000,250,
TL-62,38.0262500000,-78.5221200000,251,
TL-62,38.0262300000,-78.5218500000,252,
TL-62,38.0262000000,-78.5215400000,253,
TL-62,38.0261700000,-78.5212300000,254,
TL-62,38.0261400000,-78.5209700000,255,
TL-62,38.0261100000,-78.5207700000,256,
TL-62,38.0260800000,-78.5204300000,257,
TL-62,38.0260400000,-78.5201000000,258,
TL-62,38.0259900000,-78.5195700000,259,
TL-62,38.0259500000,-78.5191200000,260,
TL-62,38.0259200000,-78.5187400000,261,
TL-62,38.0259200000,-78.5186400000,262,
TL-62,38.0259200000,-78.5185100000,263,
TL-62,38.0259100000,-78.5183500000,264,
TL-62,38.0259200000,-78.5182800000,265,
TL-62,38.0259200000,-78.5180400000,266,
TL-62,38.0259200000,-78.5175800000,267,
TL-62,38.0259200000,-78.5174800000,268,
TL-62,38.0259200000,-78.5173500000,269,
TL-62,38.0259200000,-78.5169000000,270,
TL-62,38.0259200000,-78.5164600000,271,
TL-62,38.0259200000,-78.5162800000,272,
TL-62,38.0259200000,-78.5162100000,273,
TL-62,38.0259200000,-78.5158800000,274,
TL-62,38.0259200000,-78.5157100000,275,
TL-62,38.0259100000,-78.5155300000,276,
TL-62,38.0259100000,-78.5152500000,277,
TL-62,38.0259100000,-78.5152500000,278,
TL-62,38.0258700000,-78.5150900000,279,
TL-62,38.0258800000,-78.5150100000,280,
TL-62,38.0259500000,-78.5150500000,281,
TL-62,38.0260200000,-78.5151300000,282,
TL-62,38.0263600000,-78.5152800000,283,
TL-62,38.0264400000,-78.5153100000,284,
TL-62,38.0265400000,-78.5153600000,285,
TL-62,38.0265800000,-78.5153900000,286,
TL-62,38.0266200000,-78.5154100000,287,
TL-62,38.0266300000,-78.5154200000,288,
TL-62,38.0266900000,-78.5154700000,289,
TL-62,38.0267300000,-78.5155300000,290,
TL-62,38.0268100000,-78.5156200000,291,
TL-62,38.0270200000,-78.5159400000,292,
TL-62,38.0271400000,-78.5161400000,293,
TL-62,38.0271600000,-78.5161800000,294,
TL-62,38.0271700000,-78.5161900000,295,
TL-62,38.0272100000,-78.5162500000,296,
TL-62,38.0273100000,-78.5163700000,297,
TL-62,38.0273700000,-78.5164100000,298,
TL-62,38.0274200000,-78.5164300000,299,
TL-62,38.0274900000,-78.5164600000,300,
TL-62,38.0275600000,-78.5164700000,301,
TL-62,38.0276400000,-78.5164800000,302,
TL-62,38.0276900000,-78.5164900000,303,
TL-62,38.0279900000,-78.5164900000,304,
TL-62,38.0283200000,-78.5165000000,305,
TL-62,38.0284000000,-78.5165000000,306,
TL-62,38.0286300000,-78.5165000000,307,
TL-62,38.0286300000,-78.5165000000,308,
TL-62,38.0287500000,-78.5165000000,309,
TL-62,38.0288100000,-78.5165000000,310,
TL-62,38.0288400000,-78.5165000000,311,
TL-62,38.0288900000,-78.5164900000,312,
TL-62,38.0289600000,-78.5164700000,313,
TL-62,38.0289900000,-78.5164700000,314,
TL-62,38.0290700000,-78.5164400000,315,
TL-62,38.0291600000,-78.5164100000,316,
TL-62,38.0292500000,-78.5163700000,317,
TL-62,38.0293100000,-78.5163400000,318,
TL-62,38.0294500000,-78.5162600000,319,
TL-62,38.0297000000,-78.5161400000,320,
TL-62,38.0298400000,-78.5160700000,321,
TL-62,38.0299400000,-78.5160200000,322,
TL-62,38.0300700000,-78.5159400000,323,
TL-62,38.0301500000,-78.5159000000,324,
TL-62,38.0302900000,-78.5158100000,325,
TL-62,38.0303500000,-78.5157800000,326,
TL-62,38.0305200000,-78.5156900000,327,
TL-62,38.0308500000,-78.5155100000,328,
TL-62,38.0311200000,-78.5153700000,329,
TL-63,38.0322100000,-78.5128800000,1,
TL-63,38.0322100000,-78.5128800000,2,
TL-63,38.0322100000,-78.5127700000,3,
TL-63,38.0322100000,-78.5127700000,4,
TL-63,38.0322000000,-78.5126300000,5,
TL-63,38.0322000000,-78.5126300000,6,
TL-63,38.0321900000,-78.5125400000,7,
TL-63,38.0321900000,-78.5125400000,8,
TL-63,38.0321800000,-78.5124800000,9,
TL-63,38.0321800000,-78.5124800000,10,
TL-63,38.0321500000,-78.5123400000,11,
TL-63,38.0321500000,-78.5123400000,12,
TL-63,38.0321300000,-78.5122200000,13,
TL-63,38.0321300000,-78.5122200000,14,
TL-63,38.0320700000,-78.5120900000,15,
TL-63,38.0320700000,-78.5120900000,16,
TL-63,38.0318900000,-78.5117600000,17,
TL-63,38.0318900000,-78.5117600000,18,
TL-63,38.0315800000,-78.5112600000,19,
TL-63,38.0315800000,-78.5112600000,20,
TL-63,38.0315500000,-78.5112100000,21,
TL-63,38.0315500000,-78.5112100000,22,
TL-63,38.0314400000,-78.5109700000,23,
TL-63,38.0314400000,-78.5109700000,24,
TL-63,38.0313500000,-78.5107700000,25,
TL-63,38.0313500000,-78.5107700000,26,
TL-63,38.0312500000,-78.5105700000,27,
TL-63,38.0312500000,-78.5105700000,28,
TL-63,38.0312500000,-78.5105700000,29,
TL-63,38.0312500000,-78.5105700000,30,
TL-63,38.0311500000,-78.5106500000,31,
TL-63,38.0311500000,-78.5106500000,32,
TL-63,38.0311300000,-78.5106800000,33,
TL-63,38.0311300000,-78.5106800000,34,
TL-63,38.0310500000,-78.5107500000,35,
TL-63,38.0310500000,-78.5107500000,36,
TL-63,38.0309700000,-78.5108400000,37,
TL-63,38.0309700000,-78.5108400000,38,
TL-63,38.0308700000,-78.5109600000,39,
TL-63,38.0308700000,-78.5109600000,40,
TL-63,38.0308400000,-78.5110000000,41,
TL-63,38.0308400000,-78.5110000000,42,
TL-63,38.0308100000,-78.5110500000,43,
TL-63,38.0308100000,-78.5110500000,44,
TL-63,38.0306800000,-78.5112400000,45,
TL-63,38.0306800000,-78.5112400000,46,
TL-63,38.0304600000,-78.5115400000,47,
TL-63,38.0304600000,-78.5115400000,48,
TL-63,38.0302400000,-78.5118500000,49,
TL-63,38.0302400000,-78.5118500000,50,
TL-63,38.0302000000,-78.5119100000,51,
TL-63,38.0302000000,-78.5119100000,52,
TL-63,38.0301000000,-78.5120500000,53,
TL-63,38.0301000000,-78.5120500000,54,
TL-63,38.0300500000,-78.5121200000,55,
TL-63,38.0300500000,-78.5121200000,56,
TL-63,38.0300100000,-78.5122000000,57,
TL-63,38.0300100000,-78.5122000000,58,
TL-63,38.0299100000,-78.5123900000,59,
TL-63,38.0299100000,-78.5123900000,60,
TL-63,38.0298700000,-78.5124500000,61,
TL-63,38.0298700000,-78.5124500000,62,
TL-63,38.0297400000,-78.5127100000,63,
TL-63,38.0297400000,-78.5127100000,64,
TL-63,38.0296200000,-78.5129400000,65,
TL-63,38.0296200000,-78.5129400000,66,
TL-63,38.0295200000,-78.5131100000,67,
TL-63,38.0295200000,-78.5131100000,68,
TL-63,38.0294700000,-78.5131800000,69,
TL-63,38.0294700000,-78.5131800000,70,
TL-63,38.0293500000,-78.5133600000,71,
TL-63,38.0293500000,-78.5133600000,72,
TL-63,38.0292200000,-78.5135600000,73,
TL-63,38.0292200000,-78.5135600000,74,
TL-63,38.0291600000,-78.5136400000,75,
TL-63,38.0291600000,-78.5136400000,76,
TL-63,38.0290400000,-78.5138000000,77,
TL-63,38.0290400000,-78.5138000000,78,
TL-63,38.0289700000,-78.5139200000,79,
TL-63,38.0289700000,-78.5139200000,80,
TL-63,38.0288800000,-78.5140600000,81,
TL-63,38.0288800000,-78.5140600000,82,
TL-63,38.0288800000,-78.5140700000,83,
TL-63,38.0288800000,-78.5140700000,84,
TL-63,38.0288300000,-78.5141700000,85,
TL-63,38.0288300000,-78.5141700000,86,
TL-63,38.0287800000,-78.5142600000,87,
TL-63,38.0287800000,-78.5142600000,88,
TL-63,38.0287600000,-78.5143100000,89,
TL-63,38.0287600000,-78.5143100000,90,
TL-63,38.0287000000,-78.5144700000,91,
TL-63,38.0287000000,-78.5144700000,92,
TL-63,38.0286700000,-78.5145700000,93,
TL-63,38.0286700000,-78.5145700000,94,
TL-63,38.0286400000,-78.5146900000,95,
TL-63,38.0286400000,-78.5146900000,96,
TL-63,38.0286200000,-78.5147500000,97,
TL-63,38.0286200000,-78.5147500000,98,
TL-63,38.0286000000,-78.5148700000,99,
TL-63,38.0286000000,-78.5148700000,100,
TL-63,38.0285900000,-78.5150100000,101,
TL-63,38.0285900000,-78.5150100000,102,
TL-63,38.0285800000,-78.5151200000,103,
TL-63,38.0285800000,-78.5151200000,104,
TL-63,38.0285800000,-78.5151600000,105,
TL-63,38.0285800000,-78.5151600000,106,
TL-63,38.0285800000,-78.5153200000,107,
TL-63,38.0285800000,-78.5153200000,108,
TL-63,38.0285800000,-78.5153500000,109,
TL-63,38.0285800000,-78.5153500000,110,
TL-63,38.0285800000,-78.5154400000,111,
TL-63,38.0285800000,-78.5154400000,112,
TL-63,38.0285900000,-78.5155400000,113,
TL-63,38.0285900000,-78.5155400000,114,
TL-63,38.0286000000,-78.5155800000,115,
TL-63,38.0286000000,-78.5155800000,116,
TL-63,38.0286000000,-78.5156400000,117,
TL-63,38.0286000000,-78.5156400000,118,
TL-63,38.0286200000,-78.5158100000,119,
TL-63,38.0286200000,-78.5158100000,120,
TL-63,38.0286300000,-78.5158300000,121,
TL-63,38.0286300000,-78.5158300000,122,
TL-63,38.0286500000,-78.5159700000,123,
TL-63,38.0286500000,-78.5159700000,124,
TL-63,38.0286600000,-78.5160500000,125,
TL-63,38.0286600000,-78.5160500000,126,
TL-63,38.0286700000,-78.5161600000,127,
TL-63,38.0286700000,-78.5161600000,128,
TL-63,38.0286600000,-78.5162500000,129,
TL-63,38.0286600000,-78.5162500000,130,
TL-63,38.0286600000,-78.5162600000,131,
TL-63,38.0286600000,-78.5162600000,132,
TL-63,38.0286600000,-78.5162800000,133,
TL-63,38.0286600000,-78.5162800000,134,
TL-63,38.0286600000,-78.5163800000,135,
TL-63,38.0286600000,-78.5163800000,136,
TL-63,38.0286300000,-78.5165000000,137,
TL-63,38.0286300000,-78.5165000000,138,
TL-63,38.0286300000,-78.5165000000,139,
TL-63,38.0286300000,-78.5165000000,140,
TL-63,38.0287500000,-78.5165000000,141,
TL-63,38.0287500000,-78.5165000000,142,
TL-63,38.0288100000,-78.5165000000,143,
TL-63,38.0288100000,-78.5165000000,144,
TL-63,38.0288400000,-78.5165000000,145,
TL-63,38.0288400000,-78.5165000000,146,
TL-63,38.0288900000,-78.5164900000,147,
TL-63,38.0288900000,-78.5164900000,148,
TL-63,38.0289600000,-78.5164700000,149,
TL-63,38.0289600000,-78.5164700000,150,
TL-63,38.0289900000,-78.5164700000,151,
TL-63,38.0289900000,-78.5164700000,152,
TL-63,38.0290700000,-78.5164400000,153,
TL-63,38.0290700000,-78.5164400000,154,
TL-63,38.0291600000,-78.5164100000,155,
TL-63,38.0291600000,-78.5164100000,156,
TL-63,38.0292500000,-78.5163700000,157,
TL-63,38.0292500000,-78.5163700000,158,
TL-63,38.0293100000,-78.5163400000,159,
TL-63,38.0293100000,-78.5163400000,160,
TL-63,38.0294500000,-78.5162600000,161,
TL-63,38.0294500000,-78.5162600000,162,
TL-63,38.0297000000,-78.5161400000,163,
TL-63,38.0297000000,-78.5161400000,164,
TL-63,38.0298400000,-78.5160700000,165,
TL-63,38.0298400000,-78.5160700000,166,
TL-63,38.0299400000,-78.5160200000,167,
TL-63,38.0299400000,-78.5160200000,168,
TL-63,38.0300700000,-78.5159400000,169,
TL-63,38.0300700000,-78.5159400000,170,
TL-63,38.0301500000,-78.5159000000,171,
TL-63,38.0301500000,-78.5159000000,172,
TL-63,38.0302900000,-78.5158100000,173,
TL-63,38.0302900000,-78.5158100000,174,
TL-63,38.0303500000,-78.5157800000,175,
TL-63,38.0303500000,-78.5157800000,176,
TL-63,38.0305200000,-78.5156900000,177,
TL-63,38.0305200000,-78.5156900000,178,
TL-63,38.0308500000,-78.5155100000,179,
TL-63,38.0308500000,-78.5155100000,180,
TL-63,38.0311200000,-78.5153700000,181,
TL-63,38.0311200000,-78.5153700000,182,
TL-63,38.0311200000,-78.5153700000,183,
TL-63,38.0312400000,-78.5153000000,184,
TL-63,38.0318200000,-78.5150000000,185,
TL-63,38.0320100000,-78.5149000000,186,
TL-63,38.0321100000,-78.5148400000,187,
TL-63,38.0321900000,-78.5148000000,188,
TL-63,38.0323200000,-78.5147200000,189,
TL-63,38.0324100000,-78.5146700000,190,
TL-63,38.0325200000,-78.5146100000,191,
TL-63,38.0325700000,-78.5145900000,192,
TL-63,38.0327600000,-78.5144900000,193,
TL-63,38.0328600000,-78.5144500000,194,
TL-63,38.0329800000,-78.5143900000,195,
TL-63,38.0331200000,-78.5143400000,196,
TL-63,38.0332200000,-78.5143100000,197,
TL-63,38.0332600000,-78.5143000000,198,
TL-63,38.0333500000,-78.5142700000,199,
TL-63,38.0334300000,-78.5142600000,200,
TL-63,38.0335600000,-78.5142300000,201,
TL-63,38.0336400000,-78.5142200000,202,
TL-63,38.0337200000,-78.5142100000,203,
TL-63,38.0338500000,-78.5141900000,204,
TL-63,38.0340000000,-78.5141900000,205,
TL-63,38.0344800000,-78.5141600000,206,
TL-63,38.0347000000,-78.5141500000,207,
TL-63,38.0350500000,-78.5141200000,208,
TL-63,38.0352000000,-78.5141000000,209,
TL-63,38.0353700000,-78.5140800000,210,
TL-63,38.0354600000,-78.5140800000,211,
TL-63,38.0357400000,-78.5140800000,212,
TL-63,38.0358200000,-78.5140800000,213,
TL-63,38.0358800000,-78.5140900000,214,
TL-63,38.0359100000,-78.5140900000,215,
TL-63,38.0359400000,-78.5141000000,216,
TL-63,38.0359800000,-78.5141100000,217,
TL-63,38.0361200000,-78.5141800000,218,
TL-63,38.0362400000,-78.5142300000,219,
TL-63,38.0363000000,-78.5142600000,220,
TL-63,38.0363800000,-78.5143000000,221,
TL-63,38.0365500000,-78.5143900000,222,
TL-63,38.0367800000,-78.5145100000,223,
TL-63,38.0369900000,-78.5146200000,224,
TL-63,38.0371200000,-78.5146900000,225,
TL-63,38.0376200000,-78.5149500000,226,
TL-63,38.0381100000,-78.5151600000,227,
TL-63,38.0383300000,-78.5152400000,228,
TL-63,38.0386200000,-78.5153600000,229,
TL-63,38.0387100000,-78.5153600000,230,
TL-63,38.0389200000,-78.5152000000,231,
TL-63,38.0389300000,-78.5152000000,232,
TL-63,38.0390700000,-78.5150600000,233,
TL-63,38.0392200000,-78.5149200000,234,
TL-63,38.0393600000,-78.5147900000,235,
TL-63,38.0396500000,-78.5145200000,236,
TL-63,38.0400800000,-78.5141100000,237,
TL-63,38.0402000000,-78.5140000000,238,
TL-63,38.0402300000,-78.5139700000,239,
TL-63,38.0402400000,-78.5139600000,240,
TL-63,38.0403400000,-78.5138600000,241,
TL-63,38.0404400000,-78.5137700000,242,
TL-63,38.0404800000,-78.5137400000,243,
TL-63,38.0404900000,-78.5137300000,244,
TL-63,38.0406300000,-78.5135900000,245,
TL-63,38.0407800000,-78.5134600000,246,
TL-63,38.0409200000,-78.5133200000,247,
TL-63,38.0411000000,-78.5131500000,248,
TL-63,38.0411500000,-78.5130900000,249,
TL-63,38.0412000000,-78.5130400000,250,
TL-63,38.0412300000,-78.5130200000,251,
TL-63,38.0412500000,-78.5129900000,252,
TL-63,38.0412900000,-78.5129400000,253,
TL-63,38.0413300000,-78.5129000000,254,
TL-63,38.0413700000,-78.5128400000,255,
TL-63,38.0414100000,-78.5127700000,256,
TL-63,38.0414900000,-78.5126300000,257,
TL-63,38.0415200000,-78.5125800000,258,
TL-63,38.0415300000,-78.5125700000,259,
TL-63,38.0415400000,-78.5125500000,260,
TL-63,38.0415500000,-78.5125300000,261,
TL-63,38.0415800000,-78.5124900000,262,
TL-63,38.0416300000,-78.5124400000,263,
TL-63,38.0417100000,-78.5123600000,264,
TL-63,38.0417500000,-78.5123100000,265,
TL-63,38.0417800000,-78.5122800000,266,
TL-63,38.0418900000,-78.5121700000,267,
TL-63,38.0419500000,-78.5121000000,268,
TL-63,38.0420900000,-78.5119600000,269,
TL-63,38.0422300000,-78.5118100000,270,
TL-63,38.0423200000,-78.5117200000,271,
TL-63,38.0424100000,-78.5116200000,272,
TL-63,38.0424300000,-78.5116100000,273,
TL-63,38.0425500000,-78.5114800000,274,
TL-63,38.0425500000,-78.5114800000,275,
TL-63,38.0425800000,-78.5113900000,276,
TL-63,38.0426100000,-78.5113300000,277,
TL-63,38.0426800000,-78.5112400000,278,
TL-63,38.0427000000,-78.5112100000,279,
TL-63,38.0427300000,-78.5111900000,280,
TL-63,38.0427600000,-78.5111500000,281,
TL-63,38.0428400000,-78.5110600000,282,
TL-63,38.0429400000,-78.5109800000,283,
TL-63,38.0430400000,-78.5109300000,284,
TL-63,38.0431700000,-78.5109000000,285,
TL-63,38.0433800000,-78.5108900000,286,
TL-63,38.0435400000,-78.5108900000,287,
TL-63,38.0435700000,-78.5108900000,288,
TL-63,38.0437200000,-78.5109000000,289,
TL-63,38.0440800000,-78.5109000000,290,
TL-63,38.0444300000,-78.5109100000,291,
TL-63,38.0445400000,-78.5109000000,292,
TL-63,38.0446600000,-78.5108800000,293,
TL-63,38.0447300000,-78.5108500000,294,
TL-63,38.0447800000,-78.5108300000,295,
TL-63,38.0448300000,-78.5108000000,296,
TL-63,38.0449500000,-78.5107200000,297,
TL-63,38.0453600000,-78.5104200000,298,
TL-63,38.0455700000,-78.5102800000,299,
TL-63,38.0457200000,-78.5101700000,300,
TL-63,38.0457200000,-78.5101700000,301,
TL-63,38.0457200000,-78.5101700000,302,
TL-63,38.0458900000,-78.5100500000,303,
TL-63,38.0458900000,-78.5100500000,304,
TL-63,38.0460600000,-78.5099400000,305,
TL-63,38.0460600000,-78.5099400000,306,
TL-63,38.0463800000,-78.5097100000,307,
TL-63,38.0463800000,-78.5097100000,308,
TL-63,38.0463800000,-78.5097100000,309,
TL-63,38.0463800000,-78.5097100000,310,
TL-63,38.0465100000,-78.5100000000,311,
TL-63,38.0465100000,-78.5100000000,312,
TL-63,38.0466800000,-78.5104000000,313,
TL-63,38.0466800000,-78.5104000000,314,
TL-63,38.0468500000,-78.5107600000,315,
TL-63,38.0468500000,-78.5107600000,316,
TL-63,38.0468500000,-78.5107800000,317,
TL-63,38.0468500000,-78.5107800000,318,
TL-63,38.0470500000,-78.5111400000,319,
TL-63,38.0470500000,-78.5111400000,320,
TL-63,38.0472000000,-78.5113700000,321,
TL-63,38.0472000000,-78.5113700000,322,
TL-63,38.0472500000,-78.5114500000,323,
TL-63,38.0472500000,-78.5114500000,324,
TL-63,38.0474100000,-78.5116600000,325,
TL-63,38.0474100000,-78.5116600000,326,
TL-63,38.0474800000,-78.5117300000,327,
TL-63,38.0474800000,-78.5117300000,328,
TL-63,38.0475300000,-78.5117800000,329,
TL-63,38.0475300000,-78.5117800000,330,
TL-63,38.0475800000,-78.5118300000,331,
TL-63,38.0475800000,-78.5118300000,332,
TL-63,38.0476300000,-78.5118700000,333,
TL-63,38.0476300000,-78.5118700000,334,
TL-63,38.0476800000,-78.5119100000,335,
TL-63,38.0476800000,-78.5119100000,336,
TL-63,38.0477400000,-78.5119400000,337,
TL-63,38.0477400000,-78.5119400000,338,
TL-63,38.0478000000,-78.5119900000,339,
TL-63,38.0478000000,-78.5119900000,340,
TL-63,38.0478500000,-78.5120100000,341,
TL-63,38.0478500000,-78.5120100000,342,
TL-63,38.0479100000,-78.5120500000,343,
TL-63,38.0479100000,-78.5120500000,344,
TL-63,38.0479800000,-78.5120800000,345,
TL-63,38.0479800000,-78.5120800000,346,
TL-63,38.0480600000,-78.5121000000,347,
TL-63,38.0480600000,-78.5121000000,348,
TL-63,38.0481200000,-78.5121200000,349,
TL-63,38.0481200000,-78.5121200000,350,
TL-63,38.0482400000,-78.5121400000,351,
TL-63,38.0482400000,-78.5121400000,352,
TL-63,38.0483100000,-78.5121300000,353,
TL-63,38.0483100000,-78.5121300000,354,
TL-63,38.0486200000,-78.5121100000,355,
TL-63,38.0486200000,-78.5121100000,356,
TL-63,38.0487600000,-78.5121000000,357,
TL-63,38.0487600000,-78.5121000000,358,
TL-63,38.0488300000,-78.5121100000,359,
TL-63,38.0488300000,-78.5121100000,360,
TL-63,38.0488900000,-78.5121100000,361,
TL-63,38.0488900000,-78.5121100000,362,
TL-63,38.0489300000,-78.5121200000,363,
TL-63,38.0489300000,-78.5121200000,364,
TL-63,38.0489800000,-78.5121300000,365,
TL-63,38.0489800000,-78.5121300000,366,
TL-63,38.0490200000,-78.5121400000,367,
TL-63,38.0490200000,-78.5121400000,368,
TL-63,38.0490300000,-78.5121500000,369,
TL-63,38.0490300000,-78.5121500000,370,
TL-63,38.0490700000,-78.5121600000,371,
TL-63,38.0490700000,-78.5121600000,372,
TL-63,38.0491500000,-78.5122100000,373,
TL-63,38.0491500000,-78.5122100000,374,
TL-63,38.0492000000,-78.5122400000,375,
TL-63,38.0492000000,-78.5122400000,376,
TL-63,38.0492100000,-78.5122400000,377,
TL-63,38.0492100000,-78.5122400000,378,
TL-63,38.0492400000,-78.5122700000,379,
TL-63,38.0492400000,-78.5122700000,380,
TL-63,38.0493000000,-78.5123200000,381,
TL-63,38.0493000000,-78.5123200000,382,
TL-63,38.0494200000,-78.5124100000,383,
TL-63,38.0494200000,-78.5124100000,384,
TL-63,38.0495000000,-78.5124800000,385,
TL-63,38.0495000000,-78.5124800000,386,
TL-63,38.0496400000,-78.5126100000,387,
TL-63,38.0496400000,-78.5126100000,388,
TL-63,38.0496900000,-78.5126500000,389,
TL-63,38.0496900000,-78.5126500000,390,
TL-63,38.0497500000,-78.5127100000,391,
TL-63,38.0497500000,-78.5127100000,392,
TL-63,38.0498100000,-78.5127900000,393,
TL-63,38.0498100000,-78.5127900000,394,
TL-63,38.0498400000,-78.5128300000,395,
TL-63,38.0498400000,-78.5128300000,396,
TL-63,38.0499300000,-78.5129300000,397,
TL-63,38.0499300000,-78.5129300000,398,
TL-63,38.0499800000,-78.5130000000,399,
TL-63,38.0499800000,-78.5130000000,400,
TL-63,38.0499800000,-78.5130000000,401,
TL-63,38.0499800000,-78.5130000000,402,
TL-63,38.0500600000,-78.5129500000,403,
TL-63,38.0500600000,-78.5129500000,404,
TL-63,38.0501200000,-78.5129100000,405,
TL-63,38.0501200000,-78.5129100000,406,
TL-63,38.0503000000,-78.5128000000,407,
TL-63,38.0503000000,-78.5128000000,408,
TL-63,38.0503300000,-78.5127900000,409,
TL-63,38.0503300000,-78.5127900000,410,
TL-63,38.0504500000,-78.5127100000,411,
TL-63,38.0504500000,-78.5127100000,412,
TL-63,38.0505500000,-78.5126400000,413,
TL-63,38.0505500000,-78.5126400000,414,
TL-63,38.0506600000,-78.5125600000,415,
TL-63,38.0506600000,-78.5125600000,416,
TL-63,38.0507200000,-78.5125200000,417,
TL-63,38.0507200000,-78.5125200000,418,
TL-63,38.0508400000,-78.5124300000,419,
TL-63,38.0508400000,-78.5124300000,420,
TL-63,38.0509200000,-78.5123800000,421,
TL-63,38.0509200000,-78.5123800000,422,
TL-63,38.0510800000,-78.5122800000,423,
TL-63,38.0510800000,-78.5122800000,424,
TL-63,38.0511400000,-78.5122500000,425,
TL-63,38.0511400000,-78.5122500000,426,
TL-63,38.0512500000,-78.5121900000,427,
TL-63,38.0512500000,-78.5121900000,428,
TL-63,38.0512600000,-78.5121800000,429,
TL-63,38.0512600000,-78.5121800000,430,
TL-63,38.0513400000,-78.5121300000,431,
TL-63,38.0513400000,-78.5121300000,432,
TL-63,38.0513900000,-78.5120900000,433,
TL-63,38.0513900000,-78.5120900000,434,
TL-63,38.0515600000,-78.5119700000,435,
TL-63,38.0515600000,-78.5119700000,436,
TL-63,38.0515600000,-78.5119700000,437,
TL-63,38.0515600000,-78.5119700000,438,
TL-63,38.0516400000,-78.5118700000,439,
TL-63,38.0516400000,-78.5118700000,440,
TL-63,38.0517400000,-78.5121200000,441,
TL-63,38.0517400000,-78.5121200000,442,
TL-63,38.0518200000,-78.5123400000,443,
TL-63,38.0518200000,-78.5123400000,444,
TL-63,38.0518700000,-78.5123600000,445,
TL-63,38.0518700000,-78.5123600000,446,
TL-63,38.0519100000,-78.5123800000,447,
TL-63,38.0519100000,-78.5123800000,448,
TL-63,38.0519400000,-78.5124100000,449,
TL-63,38.0519400000,-78.5124100000,450,
TL-63,38.0519800000,-78.5124700000,451,
TL-63,38.0519800000,-78.5124700000,452,
TL-63,38.0520000000,-78.5125400000,453,
TL-63,38.0520000000,-78.5125400000,454,
TL-63,38.0520400000,-78.5126500000,455,
TL-63,38.0520400000,-78.5126500000,456,
TL-63,38.0521500000,-78.5129300000,457,
TL-63,38.0521500000,-78.5129300000,458,
TL-63,38.0523900000,-78.5135400000,459,
TL-63,38.0523900000,-78.5135400000,460,
TL-63,38.0524800000,-78.5137500000,461,
TL-63,38.0524800000,-78.5137500000,462,
TL-63,38.0524800000,-78.5137500000,463,
TL-63,38.0524800000,-78.5137500000,464,
TL-63,38.0523400000,-78.5138300000,465,
TL-63,38.0523400000,-78.5138300000,466,
TL-63,38.0523400000,-78.5138300000,467,
TL-63,38.0523400000,-78.5138300000,468,
TL-63,38.0522500000,-78.5138900000,469,
TL-63,38.0522500000,-78.5138900000,470,
TL-63,38.0522000000,-78.5139300000,471,
TL-63,38.0522000000,-78.5139300000,472,
TL-63,38.0522000000,-78.5139300000,473,
TL-63,38.0522000000,-78.5139300000,474,
TL-63,38.0521200000,-78.5137200000,475,
TL-63,38.0521200000,-78.5137200000,476,
TL-63,38.0519600000,-78.5133100000,477,
TL-63,38.0519600000,-78.5133100000,478,
TL-63,38.0518800000,-78.5131100000,479,
TL-63,38.0518800000,-78.5131100000,480,
TL-63,38.0517800000,-78.5128300000,481,
TL-63,38.0517800000,-78.5128300000,482,
TL-63,38.0517300000,-78.5127200000,483,
TL-63,38.0517300000,-78.5127200000,484,
TL-63,38.0517100000,-78.5126400000,485,
TL-63,38.0517100000,-78.5126400000,486,
TL-63,38.0516900000,-78.5125700000,487,
TL-63,38.0516900000,-78.5125700000,488,
TL-63,38.0517000000,-78.5125200000,489,
TL-63,38.0517000000,-78.5125200000,490,
TL-63,38.0517100000,-78.5124600000,491,
TL-63,38.0517100000,-78.5124600000,492,
TL-63,38.0517200000,-78.5124200000,493,
TL-63,38.0517200000,-78.5124200000,494,
TL-63,38.0517300000,-78.5123900000,495,
TL-63,38.0517300000,-78.5123900000,496,
TL-63,38.0516500000,-78.5121800000,497,
TL-63,38.0516500000,-78.5121800000,498,
TL-63,38.0515600000,-78.5119700000,499,
TL-63,38.0515600000,-78.5119700000,500,
TL-63,38.0515600000,-78.5119700000,501,
TL-63,38.0515600000,-78.5119700000,502,
TL-63,38.0516400000,-78.5118700000,503,
TL-63,38.0516400000,-78.5118700000,504,
TL-63,38.0517000000,-78.5117500000,505,
TL-63,38.0517000000,-78.5117500000,506,
TL-63,38.0517700000,-78.5115900000,507,
TL-63,38.0517700000,-78.5115900000,508,
TL-63,38.0518100000,-78.5114700000,509,
TL-63,38.0518100000,-78.5114700000,510,
TL-63,38.0518200000,-78.5114300000,511,
TL-63,38.0518200000,-78.5114300000,512,
TL-63,38.0518600000,-78.5112700000,513,
TL-63,38.0518600000,-78.5112700000,514,
TL-63,38.0518800000,-78.5111400000,515,
TL-63,38.0518800000,-78.5111400000,516,
TL-63,38.0518900000,-78.5110000000,517,
TL-63,38.0518900000,-78.5110000000,518,
TL-63,38.0519200000,-78.5106600000,519,
TL-63,38.0519200000,-78.5106600000,520,
TL-63,38.0519300000,-78.5105500000,521,
TL-63,38.0519300000,-78.5105500000,522,
TL-63,38.0519300000,-78.5104400000,523,
TL-63,38.0519300000,-78.5104400000,524,
TL-63,38.0519300000,-78.5102100000,525,
TL-63,38.0519300000,-78.5102100000,526,
TL-63,38.0519400000,-78.5097700000,527,
TL-63,38.0519400000,-78.5097700000,528,
TL-63,38.0519500000,-78.5094700000,529,
TL-63,38.0519500000,-78.5094700000,530,
TL-63,38.0519500000,-78.5094200000,531,
TL-63,38.0519500000,-78.5094200000,532,
TL-63,38.0519600000,-78.5093400000,533,
TL-63,38.0519600000,-78.5093400000,534,
TL-63,38.0519900000,-78.5092100000,535,
TL-63,38.0519900000,-78.5092100000,536,
TL-63,38.0519900000,-78.5092000000,537,
TL-63,38.0519900000,-78.5092000000,538,
TL-63,38.0520200000,-78.5090800000,539,
TL-63,38.0520200000,-78.5090800000,540,
TL-63,38.0521100000,-78.5087500000,541,
TL-63,38.0521100000,-78.5087500000,542,
TL-63,38.0521200000,-78.5087000000,543,
TL-63,38.0521200000,-78.5087000000,544,
TL-63,38.0521600000,-78.5085600000,545,
TL-63,38.0521600000,-78.5085600000,546,
TL-63,38.0522200000,-78.5083500000,547,
TL-63,38.0522200000,-78.5083500000,548,
TL-63,38.0522500000,-78.5082400000,549,
TL-63,38.0522500000,-78.5082400000,550,
TL-63,38.0522600000,-78.5082000000,551,
TL-63,38.0522600000,-78.5082000000,552,
TL-63,38.0522600000,-78.5081600000,553,
TL-63,38.0522600000,-78.5081600000,554,
TL-63,38.0522700000,-78.5081300000,555,
TL-63,38.0522700000,-78.5081300000,556,
TL-63,38.0522700000,-78.5081300000,557,
TL-63,38.0522700000,-78.5081300000,558,
TL-63,38.0524700000,-78.5081400000,559,
TL-63,38.0524700000,-78.5081400000,560,
TL-63,38.0526200000,-78.5081400000,561,
TL-63,38.0526200000,-78.5081400000,562,
TL-63,38.0526200000,-78.5081400000,563,
TL-63,38.0526200000,-78.5081400000,564,
TL-63,38.0526200000,-78.5078000000,565,
TL-63,38.0526200000,-78.5078000000,566,
TL-63,38.0526500000,-78.5068700000,567,
TL-63,38.0526500000,-78.5068700000,568,
TL-63,38.0526500000,-78.5068700000,569,
TL-63,38.0526500000,-78.5068700000,570,
TL-63,38.0526900000,-78.5068700000,571,
TL-63,38.0526900000,-78.5068700000,572,
TL-63,38.0528300000,-78.5068800000,573,
TL-63,38.0528300000,-78.5068800000,574,
TL-63,38.0528400000,-78.5068900000,575,
TL-63,38.0528400000,-78.5068900000,576,
TL-63,38.0528500000,-78.5069000000,577,
TL-63,38.0528500000,-78.5069000000,578,
TL-63,38.0528500000,-78.5069200000,579,
TL-63,38.0528500000,-78.5069200000,580,
TL-63,38.0528400000,-78.5074400000,581,
TL-63,38.0528400000,-78.5074400000,582,
TL-63,38.0528400000,-78.5074400000,583,
TL-63,38.0528400000,-78.5074400000,584,
TL-63,38.0528300000,-78.5076100000,585,
TL-63,38.0528300000,-78.5076100000,586,
TL-63,38.0528300000,-78.5077600000,587,
TL-63,38.0528300000,-78.5077600000,588,
TL-63,38.0528200000,-78.5077900000,589,
TL-63,38.0528200000,-78.5077900000,590,
TL-63,38.0528100000,-78.5078100000,591,
TL-63,38.0528100000,-78.5078100000,592,
TL-63,38.0528000000,-78.5078100000,593,
TL-63,38.0528000000,-78.5078100000,594,
TL-63,38.0527900000,-78.5078100000,595,
TL-63,38.0527900000,-78.5078100000,596,
TL-63,38.0526200000,-78.5078000000,597,
TL-63,38.0526200000,-78.5078000000,598,
TL-63,38.0526200000,-78.5078000000,599,
TL-63,38.0526200000,-78.5078000000,600,
TL-63,38.0526200000,-78.5081400000,601,
TL-63,38.0526200000,-78.5081400000,602,
TL-63,38.0526200000,-78.5081400000,603,
TL-63,38.0526200000,-78.5081400000,604,
TL-63,38.0524700000,-78.5081400000,605,
TL-63,38.0524700000,-78.5081400000,606,
TL-63,38.0522700000,-78.5081300000,607,
TL-63,38.0522700000,-78.5081300000,608,
TL-63,38.0522700000,-78.5081300000,609,
TL-63,38.0522700000,-78.5081300000,610,
TL-63,38.0522600000,-78.5081600000,611,
TL-63,38.0522600000,-78.5081600000,612,
TL-63,38.0522600000,-78.5082000000,613,
TL-63,38.0522600000,-78.5082000000,614,
TL-63,38.0522500000,-78.5082400000,615,
TL-63,38.0522500000,-78.5082400000,616,
TL-63,38.0522200000,-78.5083500000,617,
TL-63,38.0522200000,-78.5083500000,618,
TL-63,38.0521600000,-78.5085600000,619,
TL-63,38.0521600000,-78.5085600000,620,
TL-63,38.0521200000,-78.5087000000,621,
TL-63,38.0521200000,-78.5087000000,622,
TL-63,38.0521100000,-78.5087500000,623,
TL-63,38.0521100000,-78.5087500000,624,
TL-63,38.0520200000,-78.5090800000,625,
TL-63,38.0520200000,-78.5090800000,626,
TL-63,38.0519900000,-78.5092000000,627,
TL-63,38.0519900000,-78.5092000000,628,
TL-63,38.0519900000,-78.5092100000,629,
TL-63,38.0519900000,-78.5092100000,630,
TL-63,38.0519600000,-78.5093400000,631,
TL-63,38.0519600000,-78.5093400000,632,
TL-63,38.0519500000,-78.5094200000,633,
TL-63,38.0519500000,-78.5094200000,634,
TL-63,38.0519500000,-78.5094700000,635,
TL-63,38.0519500000,-78.5094700000,636,
TL-63,38.0519400000,-78.5097700000,637,
TL-63,38.0519400000,-78.5097700000,638,
TL-63,38.0519300000,-78.5102100000,639,
TL-63,38.0519300000,-78.5102100000,640,
TL-63,38.0519300000,-78.5104400000,641,
TL-63,38.0519300000,-78.5104400000,642,
TL-63,38.0519300000,-78.5105500000,643,
TL-63,38.0519300000,-78.5105500000,644,
TL-63,38.0519200000,-78.5106600000,645,
TL-63,38.0519200000,-78.5106600000,646,
TL-63,38.0518900000,-78.5110000000,647,
TL-63,38.0518900000,-78.5110000000,648,
TL-63,38.0518800000,-78.5111400000,649,
TL-63,38.0518800000,-78.5111400000,650,
TL-63,38.0518600000,-78.5112700000,651,
TL-63,38.0518600000,-78.5112700000,652,
TL-63,38.0518200000,-78.5114300000,653,
TL-63,38.0518200000,-78.5114300000,654,
TL-63,38.0518100000,-78.5114700000,655,
TL-63,38.0518100000,-78.5114700000,656,
TL-63,38.0517700000,-78.5115900000,657,
TL-63,38.0517700000,-78.5115900000,658,
TL-63,38.0517000000,-78.5117500000,659,
TL-63,38.0517000000,-78.5117500000,660,
TL-63,38.0516400000,-78.5118700000,661,
TL-63,38.0516400000,-78.5118700000,662,
TL-63,38.0515600000,-78.5119700000,663,
TL-63,38.0515600000,-78.5119700000,664,
TL-63,38.0513900000,-78.5120900000,665,
TL-63,38.0513900000,-78.5120900000,666,
TL-63,38.0513400000,-78.5121300000,667,
TL-63,38.0513400000,-78.5121300000,668,
TL-63,38.0512600000,-78.5121800000,669,
TL-63,38.0512600000,-78.5121800000,670,
TL-63,38.0512500000,-78.5121900000,671,
TL-63,38.0512500000,-78.5121900000,672,
TL-63,38.0511400000,-78.5122500000,673,
TL-63,38.0511400000,-78.5122500000,674,
TL-63,38.0510800000,-78.5122800000,675,
TL-63,38.0510800000,-78.5122800000,676,
TL-63,38.0509200000,-78.5123800000,677,
TL-63,38.0509200000,-78.5123800000,678,
TL-63,38.0508400000,-78.5124300000,679,
TL-63,38.0508400000,-78.5124300000,680,
TL-63,38.0507200000,-78.5125200000,681,
TL-63,38.0507200000,-78.5125200000,682,
TL-63,38.0506600000,-78.5125600000,683,
TL-63,38.0506600000,-78.5125600000,684,
TL-63,38.0505500000,-78.5126400000,685,
TL-63,38.0505500000,-78.5126400000,686,
TL-63,38.0504500000,-78.5127100000,687,
TL-63,38.0504500000,-78.5127100000,688,
TL-63,38.0503300000,-78.5127900000,689,
TL-63,38.0503300000,-78.5127900000,690,
TL-63,38.0503000000,-78.5128000000,691,
TL-63,38.0503000000,-78.5128000000,692,
TL-63,38.0501200000,-78.5129100000,693,
TL-63,38.0501200000,-78.5129100000,694,
TL-63,38.0500600000,-78.5129500000,695,
TL-63,38.0500600000,-78.5129500000,696,
TL-63,38.0499800000,-78.5130000000,697,
TL-63,38.0499800000,-78.5130000000,698,
TL-63,38.0499800000,-78.5130000000,699,
TL-63,38.0499800000,-78.5130000000,700,
TL-63,38.0499300000,-78.5129300000,701,
TL-63,38.0499300000,-78.5129300000,702,
TL-63,38.0498400000,-78.5128300000,703,
TL-63,38.0498400000,-78.5128300000,704,
TL-63,38.0498100000,-78.5127900000,705,
TL-63,38.0498100000,-78.5127900000,706,
TL-63,38.0497500000,-78.5127100000,707,
TL-63,38.0497500000,-78.5127100000,708,
TL-63,38.0496900000,-78.5126500000,709,
TL-63,38.0496900000,-78.5126500000,710,
TL-63,38.0496400000,-78.5126100000,711,
TL-63,38.0496400000,-78.5126100000,712,
TL-63,38.0495000000,-78.5124800000,713,
TL-63,38.0495000000,-78.5124800000,714,
TL-63,38.0494200000,-78.5124100000,715,
TL-63,38.0494200000,-78.5124100000,716,
TL-63,38.0493000000,-78.5123200000,717,
TL-63,38.0493000000,-78.5123200000,718,
TL-63,38.0492400000,-78.5122700000,719,
TL-63,38.0492400000,-78.5122700000,720,
TL-63,38.0492100000,-78.5122400000,721,
TL-63,38.0492100000,-78.5122400000,722,
TL-63,38.0492000000,-78.5122400000,723,
TL-63,38.0492000000,-78.5122400000,724,
TL-63,38.0491500000,-78.5122100000,725,
TL-63,38.0491500000,-78.5122100000,726,
TL-63,38.0490700000,-78.5121600000,727,
TL-63,38.0490700000,-78.5121600000,728,
TL-63,38.0490300000,-78.5121500000,729,
TL-63,38.0490300000,-78.5121500000,730,
TL-63,38.0490200000,-78.5121400000,731,
TL-63,38.0490200000,-78.5121400000,732,
TL-63,38.0489800000,-78.5121300000,733,
TL-63,38.0489800000,-78.5121300000,734,
TL-63,38.0489300000,-78.5121200000,735,
TL-63,38.0489300000,-78.5121200000,736,
TL-63,38.0488900000,-78.5121100000,737,
TL-63,38.0488900000,-78.5121100000,738,
TL-63,38.0488300000,-78.5121100000,739,
TL-63,38.0488300000,-78.5121100000,740,
TL-63,38.0487600000,-78.5121000000,741,
TL-63,38.0487600000,-78.5121000000,742,
TL-63,38.0486200000,-78.5121100000,743,
TL-63,38.0486200000,-78.5121100000,744,
TL-63,38.0483100000,-78.5121300000,745,
TL-63,38.0483100000,-78.5121300000,746,
TL-63,38.0482400000,-78.5121400000,747,
TL-63,38.0482400000,-78.5121400000,748,
TL-63,38.0481200000,-78.5121200000,749,
TL-63,38.0481200000,-78.5121200000,750,
TL-63,38.0480600000,-78.5121000000,751,
TL-63,38.0480600000,-78.5121000000,752,
TL-63,38.0479800000,-78.5120800000,753,
TL-63,38.0479800000,-78.5120800000,754,
TL-63,38.0479100000,-78.5120500000,755,
TL-63,38.0479100000,-78.5120500000,756,
TL-63,38.0478500000,-78.5120100000,757,
TL-63,38.0478500000,-78.5120100000,758,
TL-63,38.0478000000,-78.5119900000,759,
TL-63,38.0478000000,-78.5119900000,760,
TL-63,38.0477400000,-78.5119400000,761,
TL-63,38.0477400000,-78.5119400000,762,
TL-63,38.0476800000,-78.5119100000,763,
TL-63,38.0476800000,-78.5119100000,764,
TL-63,38.0476300000,-78.5118700000,765,
TL-63,38.0476300000,-78.5118700000,766,
TL-63,38.0475800000,-78.5118300000,767,
TL-63,38.0475800000,-78.5118300000,768,
TL-63,38.0475300000,-78.5117800000,769,
TL-63,38.0475300000,-78.5117800000,770,
TL-63,38.0474800000,-78.5117300000,771,
TL-63,38.0474800000,-78.5117300000,772,
TL-63,38.0474100000,-78.5116600000,773,
TL-63,38.0474100000,-78.5116600000,774,
TL-63,38.0472500000,-78.5114500000,775,
TL-63,38.0472500000,-78.5114500000,776,
TL-63,38.0472000000,-78.5113700000,777,
TL-63,38.0472000000,-78.5113700000,778,
TL-63,38.0470500000,-78.5111400000,779,
TL-63,38.0470500000,-78.5111400000,780,
TL-63,38.0468500000,-78.5107800000,781,
TL-63,38.0468500000,-78.5107800000,782,
TL-63,38.0468500000,-78.5107600000,783,
TL-63,38.0468500000,-78.5107600000,784,
TL-63,38.0466800000,-78.5104000000,785,
TL-63,38.0466800000,-78.5104000000,786,
TL-63,38.0465100000,-78.5100000000,787,
TL-63,38.0465100000,-78.5100000000,788,
TL-63,38.0463800000,-78.5097100000,789,
TL-63,38.0463800000,-78.5097100000,790,
TL-63,38.0463800000,-78.5097100000,791,
TL-63,38.0463800000,-78.5097100000,792,
TL-63,38.0460600000,-78.5099400000,793,
TL-63,38.0460600000,-78.5099400000,794,
TL-63,38.0458900000,-78.5100500000,795,
TL-63,38.0458900000,-78.5100500000,796,
TL-63,38.0455700000,-78.5102800000,797,
TL-63,38.0455700000,-78.5102800000,798,
TL-63,38.0453600000,-78.5104200000,799,
TL-63,38.0453600000,-78.5104200000,800,
TL-63,38.0449500000,-78.5107200000,801,
TL-63,38.0449500000,-78.5107200000,802,
TL-63,38.0448300000,-78.5108000000,803,
TL-63,38.0448300000,-78.5108000000,804,
TL-63,38.0447800000,-78.5108300000,805,
TL-63,38.0447800000,-78.5108300000,806,
TL-63,38.0447300000,-78.5108500000,807,
TL-63,38.0447300000,-78.5108500000,808,
TL-63,38.0446600000,-78.5108800000,809,
TL-63,38.0446600000,-78.5108800000,810,
TL-63,38.0445400000,-78.5109000000,811,
TL-63,38.0445400000,-78.5109000000,812,
TL-63,38.0444300000,-78.5109100000,813,
TL-63,38.0444300000,-78.5109100000,814,
TL-63,38.0440800000,-78.5109000000,815,
TL-63,38.0440800000,-78.5109000000,816,
TL-63,38.0437200000,-78.5109000000,817,
TL-63,38.0437200000,-78.5109000000,818,
TL-63,38.0435700000,-78.5108900000,819,
TL-63,38.0435700000,-78.5108900000,820,
TL-63,38.0435400000,-78.5108900000,821,
TL-63,38.0435400000,-78.5108900000,822,
TL-63,38.0433800000,-78.5108900000,823,
TL-63,38.0433800000,-78.5108900000,824,
TL-63,38.0431700000,-78.5109000000,825,
TL-63,38.0431700000,-78.5109000000,826,
TL-63,38.0430400000,-78.5109300000,827,
TL-63,38.0430400000,-78.5109300000,828,
TL-63,38.0429400000,-78.5109800000,829,
TL-63,38.0429400000,-78.5109800000,830,
TL-63,38.0428400000,-78.5110600000,831,
TL-63,38.0428400000,-78.5110600000,832,
TL-63,38.0427600000,-78.5111500000,833,
TL-63,38.0427600000,-78.5111500000,834,
TL-63,38.0427300000,-78.5111900000,835,
TL-63,38.0427300000,-78.5111900000,836,
TL-63,38.0427000000,-78.5112100000,837,
TL-63,38.0427000000,-78.5112100000,838,
TL-63,38.0426800000,-78.5112400000,839,
TL-63,38.0426800000,-78.5112400000,840,
TL-63,38.0426100000,-78.5113300000,841,
TL-63,38.0426100000,-78.5113300000,842,
TL-63,38.0425800000,-78.5113900000,843,
TL-63,38.0425800000,-78.5113900000,844,
TL-63,38.0425500000,-78.5114800000,845,
TL-63,38.0425500000,-78.5114800000,846,
TL-63,38.0425500000,-78.5114800000,847,
TL-63,38.0425500000,-78.5114800000,848,
TL-63,38.0424300000,-78.5116100000,849,
TL-63,38.0424300000,-78.5116100000,850,
TL-63,38.0424100000,-78.5116200000,851,
TL-63,38.0424100000,-78.5116200000,852,
TL-63,38.0423200000,-78.5117200000,853,
TL-63,38.0423200000,-78.5117200000,854,
TL-63,38.0422300000,-78.5118100000,855,
TL-63,38.0422300000,-78.5118100000,856,
TL-63,38.0420900000,-78.5119600000,857,
TL-63,38.0420900000,-78.5119600000,858,
TL-63,38.0419500000,-78.5121000000,859,
TL-63,38.0419500000,-78.5121000000,860,
TL-63,38.0418900000,-78.5121700000,861,
TL-63,38.0418900000,-78.5121700000,862,
TL-63,38.0417800000,-78.5122800000,863,
TL-63,38.0417800000,-78.5122800000,864,
TL-63,38.0417500000,-78.5123100000,865,
TL-63,38.0417500000,-78.5123100000,866,
TL-63,38.0417100000,-78.5123600000,867,
TL-63,38.0417100000,-78.5123600000,868,
TL-63,38.0416300000,-78.5124400000,869,
TL-63,38.0416300000,-78.5124400000,870,
TL-63,38.0415800000,-78.5124900000,871,
TL-63,38.0415800000,-78.5124900000,872,
TL-63,38.0415500000,-78.5125300000,873,
TL-63,38.0415500000,-78.5125300000,874,
TL-63,38.0415400000,-78.5125500000,875,
TL-63,38.0415400000,-78.5125500000,876,
TL-63,38.0415300000,-78.5125700000,877,
TL-63,38.0415300000,-78.5125700000,878,
TL-63,38.0415200000,-78.5125800000,879,
TL-63,38.0415200000,-78.5125800000,880,
TL-63,38.0414900000,-78.5126300000,881,
TL-63,38.0414900000,-78.5126300000,882,
TL-63,38.0414100000,-78.5127700000,883,
TL-63,38.0414100000,-78.5127700000,884,
TL-63,38.0413700000,-78.5128400000,885,
TL-63,38.0413700000,-78.5128400000,886,
TL-63,38.0413300000,-78.5129000000,887,
TL-63,38.0413300000,-78.5129000000,888,
TL-63,38.0412900000,-78.5129400000,889,
TL-63,38.0412900000,-78.5129400000,890,
TL-63,38.0412500000,-78.5129900000,891,
TL-63,38.0412500000,-78.5129900000,892,
TL-63,38.0412300000,-78.5130200000,893,
TL-63,38.0412300000,-78.5130200000,894,
TL-63,38.0412000000,-78.5130400000,895,
TL-63,38.0412000000,-78.5130400000,896,
TL-63,38.0411500000,-78.5130900000,897,
TL-63,38.0411500000,-78.5130900000,898,
TL-63,38.0411000000,-78.5131500000,899,
TL-63,38.0411000000,-78.5131500000,900,
TL-63,38.0409200000,-78.5133200000,901,
TL-63,38.0409200000,-78.5133200000,902,
TL-63,38.0407800000,-78.5134600000,903,
TL-63,38.0407800000,-78.5134600000,904,
TL-63,38.0406300000,-78.5135900000,905,
TL-63,38.0406300000,-78.5135900000,906,
TL-63,38.0404900000,-78.5137300000,907,
TL-63,38.0404900000,-78.5137300000,908,
TL-63,38.0404800000,-78.5137400000,909,
TL-63,38.0404800000,-78.5137400000,910,
TL-63,38.0404400000,-78.5137700000,911,
TL-63,38.0404400000,-78.5137700000,912,
TL-63,38.0403400000,-78.5138600000,913,
TL-63,38.0403400000,-78.5138600000,914,
TL-63,38.0402400000,-78.5139600000,915,
TL-63,38.0402400000,-78.5139600000,916,
TL-63,38.0402300000,-78.5139700000,917,
TL-63,38.0402300000,-78.5139700000,918,
TL-63,38.0402000000,-78.5140000000,919,
TL-63,38.0402000000,-78.5140000000,920,
TL-63,38.0400800000,-78.5141100000,921,
TL-63,38.0400800000,-78.5141100000,922,
TL-63,38.0396500000,-78.5145200000,923,
TL-63,38.0396500000,-78.5145200000,924,
TL-63,38.0393600000,-78.5147900000,925,
TL-63,38.0393600000,-78.5147900000,926,
TL-63,38.0392200000,-78.5149200000,927,
TL-63,38.0392200000,-78.5149200000,928,
TL-63,38.0390700000,-78.5150600000,929,
TL-63,38.0390700000,-78.5150600000,930,
TL-63,38.0389300000,-78.5152000000,931,
TL-63,38.0389300000,-78.5152000000,932,
TL-63,38.0389200000,-78.5152000000,933,
TL-63,38.0389200000,-78.5152000000,934,
TL-63,38.0387100000,-78.5153600000,935,
TL-63,38.0387100000,-78.5153600000,936,
TL-63,38.0386200000,-78.5153600000,937,
TL-63,38.0386200000,-78.5153600000,938,
TL-63,38.0383300000,-78.5152400000,939,
TL-63,38.0383300000,-78.5152400000,940,
TL-63,38.0381100000,-78.5151600000,941,
TL-63,38.0381100000,-78.5151600000,942,
TL-63,38.0376200000,-78.5149500000,943,
TL-63,38.0376200000,-78.5149500000,944,
TL-63,38.0371200000,-78.5146900000,945,
TL-63,38.0371200000,-78.5146900000,946,
TL-63,38.0369900000,-78.5146200000,947,
TL-63,38.0369900000,-78.5146200000,948,
TL-63,38.0367800000,-78.5145100000,949,
TL-63,38.0367800000,-78.5145100000,950,
TL-63,38.0365500000,-78.5143900000,951,
TL-63,38.0365500000,-78.5143900000,952,
TL-63,38.0363800000,-78.5143000000,953,
TL-63,38.0363800000,-78.5143000000,954,
TL-63,38.0363000000,-78.5142600000,955,
TL-63,38.0363000000,-78.5142600000,956,
TL-63,38.0362400000,-78.5142300000,957,
TL-63,38.0362400000,-78.5142300000,958,
TL-63,38.0361200000,-78.5141800000,959,
TL-63,38.0361200000,-78.5141800000,960,
TL-63,38.0359800000,-78.5141100000,961,
TL-63,38.0359800000,-78.5141100000,962,
TL-63,38.0359400000,-78.5141000000,963,
TL-63,38.0359400000,-78.5141000000,964,
TL-63,38.0359100000,-78.5140900000,965,
TL-63,38.0359100000,-78.5140900000,966,
TL-63,38.0358800000,-78.5140900000,967,
TL-63,38.0358800000,-78.5140900000,968,
TL-63,38.0358200000,-78.5140800000,969,
TL-63,38.0358200000,-78.5140800000,970,
TL-63,38.0357400000,-78.5140800000,971,
TL-63,38.0357400000,-78.5140800000,972,
TL-63,38.0354600000,-78.5140800000,973,
TL-63,38.0354600000,-78.5140800000,974,
TL-63,38.0353700000,-78.5140800000,975,
TL-63,38.0353700000,-78.5140800000,976,
TL-63,38.0352000000,-78.5141000000,977,
TL-63,38.0352000000,-78.5141000000,978,
TL-63,38.0350500000,-78.5141200000,979,
TL-63,38.0350500000,-78.5141200000,980,
TL-63,38.0347000000,-78.5141500000,981,
TL-63,38.0347000000,-78.5141500000,982,
TL-63,38.0344800000,-78.5141600000,983,
TL-63,38.0344800000,-78.5141600000,984,
TL-63,38.0340000000,-78.5141900000,985,
TL-63,38.0340000000,-78.5141900000,986,
TL-63,38.0338500000,-78.5141900000,987,
TL-63,38.0338500000,-78.5141900000,988,
TL-63,38.0337200000,-78.5142100000,989,
TL-63,38.0337200000,-78.5142100000,990,
TL-63,38.0336400000,-78.5142200000,991,
TL-63,38.0336400000,-78.5142200000,992,
TL-63,38.0335600000,-78.5142300000,993,
TL-63,38.0335600000,-78.5142300000,994,
TL-63,38.0334300000,-78.5142600000,995,
TL-63,38.0334300000,-78.5142600000,996,
TL-63,38.0333500000,-78.5142700000,997,
TL-63,38.0333500000,-78.5142700000,998,
TL-63,38.0332600000,-78.5143000000,999,
TL-63,38.0332600000,-78.5143000000,1000,
TL-63,38.0332200000,-78.5143100000,1001,
TL-63,38.0332200000,-78.5143100000,1002,
TL-63,38.0331200000,-78.5143400000,1003,
TL-63,38.0331200000,-78.5143400000,1004,
TL-63,38.0329800000,-78.5143900000,1005,
TL-63,38.0329800000,-78.5143900000,1006,
TL-63,38.0328600000,-78.5144500000,1007,
TL-63,38.0328600000,-78.5144500000,1008,
TL-63,38.0327600000,-78.5144900000,1009,
TL-63,38.0327600000,-78.5144900000,1010,
TL-63,38.0325700000,-78.5145900000,1011,
TL-63,38.0325700000,-78.5145900000,1012,
TL-63,38.0325200000,-78.5146100000,1013,
TL-63,38.0325200000,-78.5146100000,1014,
TL-63,38.0325200000,-78.5146100000,1015,
TL-63,38.0325200000,-78.5146100000,1016,
TL-63,38.0323800000,-78.5142200000,1017,
TL-63,38.0323800000,-78.5142200000,1018,
TL-63,38.0323600000,-78.5141500000,1019,
TL-63,38.0323600000,-78.5141500000,1020,
TL-63,38.0323100000,-78.5139800000,1021,
TL-63,38.0323100000,-78.5139800000,1022,
TL-63,38.0322800000,-78.5138400000,1023,
TL-63,38.0322800000,-78.5138400000,1024,
TL-63,38.0322600000,-78.5137600000,1025,
TL-63,38.0322600000,-78.5137600000,1026,
TL-63,38.0322400000,-78.5136200000,1027,
TL-63,38.0322400000,-78.5136200000,1028,
TL-63,38.0322300000,-78.5135400000,1029,
TL-63,38.0322300000,-78.5135400000,1030,
TL-63,38.0322200000,-78.5134300000,1031,
TL-63,38.0322200000,-78.5134300000,1032,
TL-63,38.0322100000,-78.5130800000,1033,
TL-63,38.0322100000,-78.5130800000,1034,
TL-63,38.0322100000,-78.5128800000,1035,
TL-63,38.0322100000,-78.5128800000,1036,
TL-38,38.0487300000,-78.5052800000,1,
TL-38,38.0488600000,-78.5054800000,2,
TL-38,38.0490800000,-78.5057900000,3,
TL-38,38.0491300000,-78.5058700000,4,
TL-38,38.0492600000,-78.5060400000,5,
TL-38,38.0493000000,-78.5061000000,6,
TL-38,38.0495400000,-78.5064400000,7,
TL-38,38.0496900000,-78.5066600000,8,
TL-38,38.0499400000,-78.5069800000,9,
TL-38,38.0500700000,-78.5071700000,10,
TL-38,38.0501600000,-78.5072700000,11,
TL-38,38.0504300000,-78.5076500000,12,
TL-38,38.0504500000,-78.5076700000,13,
TL-38,38.0505600000,-78.5078100000,14,
TL-38,38.0506700000,-78.5079600000,15,
TL-38,38.0507700000,-78.5080900000,16,
TL-38,38.0507800000,-78.5081100000,17,
TL-38,38.0507800000,-78.5081100000,18,
TL-38,38.0508200000,-78.5081600000,19,
TL-38,38.0508400000,-78.5081800000,20,
TL-38,38.0508800000,-78.5082400000,21,
TL-38,38.0509100000,-78.5082700000,22,
TL-38,38.0509400000,-78.5083000000,23,
TL-38,38.0509900000,-78.5083300000,24,
TL-38,38.0510700000,-78.5083900000,25,
TL-38,38.0512000000,-78.5084700000,26,
TL-38,38.0512500000,-78.5085100000,27,
TL-38,38.0512600000,-78.5085200000,28,
TL-38,38.0513100000,-78.5085600000,29,
TL-38,38.0513600000,-78.5086200000,30,
TL-38,38.0513900000,-78.5086600000,31,
TL-38,38.0514000000,-78.5086700000,32,
TL-38,38.0514400000,-78.5087300000,33,
TL-38,38.0515000000,-78.5088200000,34,
TL-38,38.0515400000,-78.5089100000,35,
TL-38,38.0516700000,-78.5091600000,36,
TL-38,38.0517000000,-78.5092000000,37,
TL-38,38.0517100000,-78.5092200000,38,
TL-38,38.0517300000,-78.5092400000,39,
TL-38,38.0517500000,-78.5092500000,40,
TL-38,38.0517600000,-78.5092700000,41,
TL-38,38.0518000000,-78.5092900000,42,
TL-38,38.0518800000,-78.5093200000,43,
TL-38,38.0519600000,-78.5093400000,44,
TL-38,38.0519600000,-78.5093400000,45,
TL-38,38.0519500000,-78.5094200000,46,
TL-38,38.0519500000,-78.5094700000,47,
TL-38,38.0519400000,-78.5097700000,48,
TL-38,38.0519300000,-78.5101800000,49,
TL-38,38.0519300000,-78.5102100000,50,
TL-38,38.0519300000,-78.5104400000,51,
TL-38,38.0519300000,-78.5105500000,52,
TL-38,38.0519200000,-78.5106600000,53,
TL-38,38.0518900000,-78.5110000000,54,
TL-38,38.0518800000,-78.5111400000,55,
TL-38,38.0518600000,-78.5112700000,56,
TL-38,38.0518200000,-78.5114300000,57,
TL-38,38.0518100000,-78.5114700000,58,
TL-38,38.0517700000,-78.5115900000,59,
TL-38,38.0517000000,-78.5117500000,60,
TL-38,38.0516400000,-78.5118700000,61,
TL-38,38.0515600000,-78.5119700000,62,
TL-38,38.0513900000,-78.5120900000,63,
TL-38,38.0513400000,-78.5121300000,64,
TL-38,38.0512600000,-78.5121800000,65,
TL-38,38.0512500000,-78.5121900000,66,
TL-38,38.0511400000,-78.5122500000,67,
TL-38,38.0510800000,-78.5122800000,68,
TL-38,38.0509200000,-78.5123800000,69,
TL-38,38.0508400000,-78.5124300000,70,
TL-38,38.0507300000,-78.5125100000,71,
TL-38,38.0507300000,-78.5125100000,72,
TL-38,38.0507200000,-78.5125200000,73,
TL-38,38.0506600000,-78.5125600000,74,
TL-38,38.0505500000,-78.5126400000,75,
TL-38,38.0504500000,-78.5127100000,76,
TL-38,38.0503300000,-78.5127900000,77,
TL-38,38.0503000000,-78.5128000000,78,
TL-38,38.0501200000,-78.5129100000,79,
TL-38,38.0500600000,-78.5129500000,80,
TL-38,38.0499800000,-78.5130000000,81,
TL-38,38.0499800000,-78.5130000000,82,
TL-38,38.0499300000,-78.5129300000,83,
TL-38,38.0498400000,-78.5128300000,84,
TL-38,38.0498100000,-78.5127900000,85,
TL-38,38.0497500000,-78.5127100000,86,
TL-38,38.0496900000,-78.5126500000,87,
TL-38,38.0496400000,-78.5126100000,88,
TL-38,38.0495000000,-78.5124800000,89,
TL-38,38.0494200000,-78.5124100000,90,
TL-38,38.0493000000,-78.5123200000,91,
TL-38,38.0492400000,-78.5122700000,92,
TL-38,38.0492100000,-78.5122400000,93,
TL-38,38.0492000000,-78.5122400000,94,
TL-38,38.0491500000,-78.5122100000,95,
TL-38,38.0490700000,-78.5121600000,96,
TL-38,38.0490300000,-78.5121500000,97,
TL-38,38.0490200000,-78.5121400000,98,
TL-38,38.0489800000,-78.5121300000,99,
TL-38,38.0489300000,-78.5121200000,100,
TL-38,38.0488900000,-78.5121100000,101,
TL-38,38.0488300000,-78.5121100000,102,
TL-38,38.0487600000,-78.5121000000,103,
TL-38,38.0486200000,-78.5121100000,104,
TL-38,38.0483100000,-78.5121300000,105,
TL-38,38.0482400000,-78.5121400000,106,
TL-38,38.0481200000,-78.5121200000,107,
TL-38,38.0480600000,-78.5121000000,108,
TL-38,38.0480600000,-78.5121000000,109,
TL-38,38.0479800000,-78.5120800000,110,
TL-38,38.0479100000,-78.5120500000,111,
TL-38,38.0478500000,-78.5120100000,112,
TL-38,38.0478000000,-78.5119900000,113,
TL-38,38.0477400000,-78.5119400000,114,
TL-38,38.0476800000,-78.5119100000,115,
TL-38,38.0476300000,-78.5118700000,116,
TL-38,38.0475800000,-78.5118300000,117,
TL-38,38.0475300000,-78.5117800000,118,
TL-38,38.0474800000,-78.5117300000,119,
TL-38,38.0474100000,-78.5116600000,120,
TL-38,38.0472500000,-78.5114500000,121,
TL-38,38.0472000000,-78.5113700000,122,
TL-38,38.0470500000,-78.5111400000,123,
TL-38,38.0468500000,-78.5107800000,124,
TL-38,38.0468500000,-78.5107600000,125,
TL-38,38.0466800000,-78.5104000000,126,
TL-38,38.0465100000,-78.5100000000,127,
TL-38,38.0463800000,-78.5097100000,128,
TL-38,38.0462900000,-78.5095200000,129,
TL-38,38.0462600000,-78.5094500000,130,
TL-38,38.0462000000,-78.5093200000,131,
TL-38,38.0461000000,-78.5091100000,132,
TL-38,38.0460200000,-78.5089100000,133,
TL-38,38.0459500000,-78.5087400000,134,
TL-38,38.0458900000,-78.5086100000,135,
TL-38,38.0458900000,-78.5086100000,136,
TL-38,38.0458400000,-78.5084800000,137,
TL-38,38.0457800000,-78.5083600000,138,
TL-38,38.0456900000,-78.5081600000,139,
TL-38,38.0456000000,-78.5079600000,140,
TL-38,38.0455500000,-78.5078500000,141,
TL-38,38.0455100000,-78.5077600000,142,
TL-38,38.0453800000,-78.5074500000,143,
TL-38,38.0452900000,-78.5072500000,144,
TL-38,38.0451500000,-78.5069400000,145,
TL-38,38.0450800000,-78.5067900000,146,
TL-38,38.0448700000,-78.5063100000,147,
TL-38,38.0447600000,-78.5060600000,148,
TL-38,38.0446900000,-78.5059000000,149,
TL-38,38.0446100000,-78.5056900000,150,
TL-38,38.0445300000,-78.5054800000,151,
TL-38,38.0444200000,-78.5051900000,152,
TL-38,38.0444200000,-78.5051900000,153,
TL-38,38.0443800000,-78.5050600000,154,
TL-38,38.0446100000,-78.5049800000,155,
TL-38,38.0448300000,-78.5049000000,156,
TL-38,38.0452400000,-78.5047500000,157,
TL-38,38.0458700000,-78.5045300000,158,
TL-38,38.0460500000,-78.5044600000,159,
TL-38,38.0467400000,-78.5042100000,160,
TL-38,38.0469500000,-78.5041400000,161,
TL-38,38.0471600000,-78.5040600000,162,
TL-38,38.0474100000,-78.5039700000,163,
TL-38,38.0476700000,-78.5038600000,164,
TL-38,38.0479000000,-78.5037500000,165,
TL-38,38.0479000000,-78.5037500000,166,
TL-38,38.0479200000,-78.5039000000,167,
TL-38,38.0481700000,-78.5043400000,168,
TL-38,38.0482100000,-78.5043900000,169,
TL-38,38.0482700000,-78.5045000000,170,
TL-38,38.0484500000,-78.5048100000,171,
TL-38,38.0485700000,-78.5050000000,172,
TL-38,38.0485900000,-78.5050400000,173,
TL-38,38.0486000000,-78.5050600000,174,
TL-38,38.0487100000,-78.5052500000,175,
TL-33,38.0487300000,-78.5052800000,1,
TL-33,38.0488600000,-78.5054800000,2,
TL-33,38.0490800000,-78.5057900000,3,
TL-33,38.0491300000,-78.5058700000,4,
TL-33,38.0492600000,-78.5060400000,5,
TL-33,38.0493000000,-78.5061000000,6,
TL-33,38.0495400000,-78.5064400000,7,
TL-33,38.0496900000,-78.5066600000,8,
TL-33,38.0499400000,-78.5069800000,9,
TL-33,38.0500700000,-78.5071700000,10,
TL-33,38.0501600000,-78.5072700000,11,
TL-33,38.0504300000,-78.5076500000,12,
TL-33,38.0504500000,-78.5076700000,13,
TL-33,38.0505600000,-78.5078100000,14,
TL-33,38.0506700000,-78.5079600000,15,
TL-33,38.0507700000,-78.5080900000,16,
TL-33,38.0508200000,-78.5081600000,17,
TL-33,38.0508405934,-78.5081797812,18,
TL-33,38.0508400000,-78.5081800000,19,
TL-33,38.0508800000,-78.5082400000,20,
TL-33,38.0509100000,-78.5082700000,21,
TL-33,38.0509400000,-78.5083000000,22,
TL-33,38.0509900000,-78.5083300000,23,
TL-33,38.0510700000,-78.5083900000,24,
TL-33,38.0512000000,-78.5084700000,25,
TL-33,38.0512500000,-78.5085100000,26,
TL-33,38.0512600000,-78.5085200000,27,
TL-33,38.0513100000,-78.5085600000,28,
TL-33,38.0513600000,-78.5086200000,29,
TL-33,38.0513900000,-78.5086600000,30,
TL-33,38.0514000000,-78.5086700000,31,
TL-33,38.0514400000,-78.5087300000,32,
TL-33,38.0515000000,-78.5088200000,33,
TL-33,38.0515400000,-78.5089100000,34,
TL-33,38.0516700000,-78.5091600000,35,
TL-33,38.0517000000,-78.5092000000,36,
TL-33,38.0517100000,-78.5092200000,37,
TL-33,38.0517300000,-78.5092400000,38,
TL-33,38.0517500000,-78.5092500000,39,
TL-33,38.0517600000,-78.5092700000,40,
TL-33,38.0518000000,-78.5092900000,41,
TL-33,38.0518800000,-78.5093200000,42,
TL-33,38.0519600000,-78.5093400000,43,
TL-33,38.0519600000,-78.5093400000,44,
TL-33,38.0519500000,-78.5094200000,45,
TL-33,38.0519500000,-78.5094700000,46,
TL-33,38.0519400000,-78.5097700000,47,
TL-33,38.0519300000,-78.5101800000,48,
TL-33,38.0519310560,-78.5101778134,49,
TL-33,38.0519300000,-78.5104400000,50,
TL-33,38.0519300000,-78.5105500000,51,
TL-33,38.0519200000,-78.5106600000,52,
TL-33,38.0518900000,-78.5110000000,53,
TL-33,38.0518800000,-78.5111400000,54,
TL-33,38.0518600000,-78.5112700000,55,
TL-33,38.0518200000,-78.5114300000,56,
TL-33,38.0518100000,-78.5114700000,57,
TL-33,38.0517700000,-78.5115900000,58,
TL-33,38.0517000000,-78.5117500000,59,
TL-33,38.0516400000,-78.5118700000,60,
TL-33,38.0515600000,-78.5119700000,61,
TL-33,38.0513900000,-78.5120900000,62,
TL-33,38.0513400000,-78.5121300000,63,
TL-33,38.0512600000,-78.5121800000,64,
TL-33,38.0512500000,-78.5121900000,65,
TL-33,38.0511400000,-78.5122500000,66,
TL-33,38.0510800000,-78.5122800000,67,
TL-33,38.0509200000,-78.5123800000,68,
TL-33,38.0508400000,-78.5124300000,69,
TL-33,38.0507300000,-78.5125100000,70,
TL-33,38.0507300000,-78.5125100000,71,
TL-33,38.0507200000,-78.5125200000,72,
TL-33,38.0506600000,-78.5125600000,73,
TL-33,38.0505500000,-78.5126400000,74,
TL-33,38.0504500000,-78.5127100000,75,
TL-33,38.0503300000,-78.5127900000,76,
TL-33,38.0503000000,-78.5128000000,77,
TL-33,38.0501200000,-78.5129100000,78,
TL-33,38.0500600000,-78.5129500000,79,
TL-33,38.0499800000,-78.5130000000,80,
TL-33,38.0499800000,-78.5130000000,81,
TL-33,38.0499300000,-78.5129300000,82,
TL-33,38.0498400000,-78.5128300000,83,
TL-33,38.0498100000,-78.5127900000,84,
TL-33,38.0497500000,-78.5127100000,85,
TL-33,38.0496900000,-78.5126500000,86,
TL-33,38.0496400000,-78.5126100000,87,
TL-33,38.0495000000,-78.5124800000,88,
TL-33,38.0494200000,-78.5124100000,89,
TL-33,38.0493000000,-78.5123200000,90,
TL-33,38.0492400000,-78.5122700000,91,
TL-33,38.0492100000,-78.5122400000,92,
TL-33,38.0492000000,-78.5122400000,93,
TL-33,38.0491500000,-78.5122100000,94,
TL-33,38.0490700000,-78.5121600000,95,
TL-33,38.0490300000,-78.5121500000,96,
TL-33,38.0490200000,-78.5121400000,97,
TL-33,38.0489800000,-78.5121300000,98,
TL-33,38.0489300000,-78.5121200000,99,
TL-33,38.0488900000,-78.5121100000,100,
TL-33,38.0488300000,-78.5121100000,101,
TL-33,38.0487600000,-78.5121000000,102,
TL-33,38.0486200000,-78.5121100000,103,
TL-33,38.0483100000,-78.5121300000,104,
TL-33,38.0482400000,-78.5121400000,105,
TL-33,38.0481200000,-78.5121200000,106,
TL-33,38.0480600000,-78.5121000000,107,
TL-33,38.0479800000,-78.5120800000,108,
TL-33,38.0479200000,-78.5120500000,109,
TL-33,38.0479200000,-78.5120500000,110,
TL-33,38.0479100000,-78.5120500000,111,
TL-33,38.0478500000,-78.5120100000,112,
TL-33,38.0478000000,-78.5119900000,113,
TL-33,38.0477400000,-78.5119400000,114,
TL-33,38.0476800000,-78.5119100000,115,
TL-33,38.0476300000,-78.5118700000,116,
TL-33,38.0475800000,-78.5118300000,117,
TL-33,38.0475300000,-78.5117800000,118,
TL-33,38.0474800000,-78.5117300000,119,
TL-33,38.0474100000,-78.5116600000,120,
TL-33,38.0472500000,-78.5114500000,121,
TL-33,38.0472000000,-78.5113700000,122,
TL-33,38.0470500000,-78.5111400000,123,
TL-33,38.0468500000,-78.5107800000,124,
TL-33,38.0468500000,-78.5107600000,125,
TL-33,38.0466800000,-78.5104000000,126,
TL-33,38.0465100000,-78.5100000000,127,
TL-33,38.0463800000,-78.5097100000,128,
TL-33,38.0462900000,-78.5095200000,129,
TL-33,38.0462600000,-78.5094500000,130,
TL-33,38.0462000000,-78.5093200000,131,
TL-33,38.0461000000,-78.5091100000,132,
TL-33,38.0460200000,-78.5089100000,133,
TL-33,38.0459500000,-78.5087400000,134,
TL-33,38.0458900000,-78.5086100000,135,
TL-33,38.0458900000,-78.5086100000,136,
TL-33,38.0458400000,-78.5084800000,137,
TL-33,38.0457800000,-78.5083600000,138,
TL-33,38.0456900000,-78.5081600000,139,
TL-33,38.0456000000,-78.5079600000,140,
TL-33,38.0455500000,-78.5078500000,141,
TL-33,38.0455100000,-78.5077600000,142,
TL-33,38.0453800000,-78.5074500000,143,
TL-33,38.0452900000,-78.5072500000,144,
TL-33,38.0451500000,-78.5069400000,145,
TL-33,38.0450800000,-78.5067900000,146,
TL-33,38.0448700000,-78.5063100000,147,
TL-33,38.0447600000,-78.5060600000,148,
TL-33,38.0446900000,-78.5059000000,149,
TL-33,38.0446100000,-78.5056900000,150,
TL-33,38.0445300000,-78.5054800000,151,
TL-33,38.0444200000,-78.5051900000,152,
TL-33,38.0444200000,-78.5051900000,153,
TL-33,38.0443100000,-78.5052300000,154,
TL-33,38.0441100000,-78.5053000000,155,
TL-33,38.0439800000,-78.5053400000,156,
TL-33,38.0438900000,-78.5053700000,157,
TL-33,38.0436300000,-78.5054300000,158,
TL-33,38.0434500000,-78.5054600000,159,
TL-33,38.0434100000,-78.5054700000,160,
TL-33,38.0433900000,-78.5054700000,161,
TL-33,38.0433700000,-78.5054700000,162,
TL-33,38.0433500000,-78.5054600000,163,
TL-33,38.0433031348,-78.5054453644,164,
TL-33,38.0433033034,-78.5054452478,165,
TL-33,38.0432300000,-78.5054700000,166,
TL-33,38.0430300000,-78.5055300000,167,
TL-33,38.0426600000,-78.5056600000,168,
TL-33,38.0426000000,-78.5056800000,169,
TL-33,38.0423900000,-78.5057600000,170,
TL-33,38.0423400000,-78.5057800000,171,
TL-33,38.0422100000,-78.5058200000,172,
TL-33,38.0418200000,-78.5059700000,173,
TL-33,38.0416700000,-78.5060200000,174,
TL-33,38.0413300000,-78.5061500000,175,
TL-33,38.0411100000,-78.5062400000,176,
TL-33,38.0411100000,-78.5062400000,177,
TL-33,38.0410300000,-78.5062600000,178,
TL-33,38.0407300000,-78.5063800000,179,
TL-33,38.0405200000,-78.5064600000,180,
TL-33,38.0404900000,-78.5064800000,181,
TL-33,38.0404100000,-78.5065100000,182,
TL-33,38.0403200000,-78.5065500000,183,
TL-33,38.0402200000,-78.5065800000,184,
TL-33,38.0400400000,-78.5066300000,185,
TL-33,38.0398400000,-78.5066800000,186,
TL-33,38.0398400000,-78.5066800000,187,
TL-33,38.0402900000,-78.5074600000,188,
TL-33,38.0404800000,-78.5077900000,189,
TL-33,38.0406800000,-78.5081400000,190,
TL-33,38.0409700000,-78.5086200000,191,
TL-33,38.0411400000,-78.5089200000,192,
TL-33,38.0411500000,-78.5089500000,193,
TL-33,38.0413300000,-78.5092800000,194,
TL-33,38.0413300000,-78.5092800000,195,
TL-33,38.0414500000,-78.5094900000,196,
TL-33,38.0415500000,-78.5096700000,197,
TL-33,38.0416500000,-78.5098800000,198,
TL-33,38.0417100000,-78.5099700000,199,
TL-33,38.0417800000,-78.5100900000,200,
TL-33,38.0419300000,-78.5103500000,201,
TL-33,38.0420100000,-78.5105000000,202,
TL-33,38.0421400000,-78.5107600000,203,
TL-33,38.0422500000,-78.5109500000,204,
TL-33,38.0424600000,-78.5113200000,205,
TL-33,38.0425500000,-78.5114800000,206,
TL-33,38.0425500000,-78.5114800000,207,
TL-33,38.0424300000,-78.5116100000,208,
TL-33,38.0424100000,-78.5116200000,209,
TL-33,38.0423200000,-78.5117200000,210,
TL-33,38.0422300000,-78.5118100000,211,
TL-33,38.0420900000,-78.5119600000,212,
TL-33,38.0419500000,-78.5121000000,213,
TL-33,38.0418900000,-78.5121700000,214,
TL-33,38.0417800000,-78.5122800000,215,
TL-33,38.0417500000,-78.5123100000,216,
TL-33,38.0417100000,-78.5123600000,217,
TL-33,38.0416300000,-78.5124400000,218,
TL-33,38.0415800000,-78.5124900000,219,
TL-33,38.0415500000,-78.5125300000,220,
TL-33,38.0415400000,-78.5125500000,221,
TL-33,38.0415300000,-78.5125700000,222,
TL-33,38.0415200000,-78.5125800000,223,
TL-33,38.0414900000,-78.5126300000,224,
TL-33,38.0414100000,-78.5127700000,225,
TL-33,38.0413700000,-78.5128400000,226,
TL-33,38.0413300000,-78.5129000000,227,
TL-33,38.0412900000,-78.5129400000,228,
TL-33,38.0412500000,-78.5129900000,229,
TL-33,38.0412300000,-78.5130200000,230,
TL-33,38.0412000000,-78.5130400000,231,
TL-33,38.0411500000,-78.5130900000,232,
TL-33,38.0411000000,-78.5131500000,233,
TL-33,38.0409200000,-78.5133200000,234,
TL-33,38.0407800000,-78.5134600000,235,
TL-33,38.0406300000,-78.5135900000,236,
TL-33,38.0404900000,-78.5137300000,237,
TL-33,38.0404800000,-78.5137400000,238,
TL-33,38.0404400000,-78.5137700000,239,
TL-33,38.0403400000,-78.5138600000,240,
TL-33,38.0402400000,-78.5139600000,241,
TL-33,38.0402300000,-78.5139700000,242,
TL-33,38.0402000000,-78.5140000000,243,
TL-33,38.0400800000,-78.5141100000,244,
TL-33,38.0396500000,-78.5145200000,245,
TL-33,38.0393600000,-78.5147900000,246,
TL-33,38.0392200000,-78.5149200000,247,
TL-33,38.0390700000,-78.5150600000,248,
TL-33,38.0389300000,-78.5152000000,249,
TL-33,38.0389200000,-78.5152000000,250,
TL-33,38.0387100000,-78.5153600000,251,
TL-33,38.0386200000,-78.5153600000,252,
TL-33,38.0383300000,-78.5152400000,253,
TL-33,38.0381100000,-78.5151600000,254,
TL-33,38.0376200000,-78.5149500000,255,
TL-33,38.0371200000,-78.5146900000,256,
TL-33,38.0369900000,-78.5146200000,257,
TL-33,38.0367800000,-78.5145100000,258,
TL-33,38.0365500000,-78.5143900000,259,
TL-33,38.0363800000,-78.5143000000,260,
TL-33,38.0363000000,-78.5142600000,261,
TL-33,38.0362400000,-78.5142300000,262,
TL-33,38.0361200000,-78.5141800000,263,
TL-33,38.0359800000,-78.5141100000,264,
TL-33,38.0359400000,-78.5141000000,265,
TL-33,38.0359100000,-78.5140900000,266,
TL-33,38.0358800000,-78.5140900000,267,
TL-33,38.0358200000,-78.5140800000,268,
TL-33,38.0357400000,-78.5140800000,269,
TL-33,38.0354600000,-78.5140800000,270,
TL-33,38.0353700000,-78.5140800000,271,
TL-33,38.0352000000,-78.5141000000,272,
TL-33,38.0350500000,-78.5141200000,273,
TL-33,38.0347000000,-78.5141500000,274,
TL-33,38.0344800000,-78.5141600000,275,
TL-33,38.0340000000,-78.5141900000,276,
TL-33,38.0339400000,-78.5141900000,277,
TL-33,38.0339400000,-78.5141900000,278,
TL-33,38.0338500000,-78.5141900000,279,
TL-33,38.0337200000,-78.5142100000,280,
TL-33,38.0336400000,-78.5142200000,281,
TL-33,38.0335600000,-78.5142300000,282,
TL-33,38.0334300000,-78.5142600000,283,
TL-33,38.0333500000,-78.5142700000,284,
TL-33,38.0332600000,-78.5143000000,285,
TL-33,38.0332200000,-78.5143100000,286,
TL-33,38.0331200000,-78.5143400000,287,
TL-33,38.0329800000,-78.5143900000,288,
TL-33,38.0328600000,-78.5144500000,289,
TL-33,38.0327600000,-78.5144900000,290,
TL-33,38.0325700000,-78.5145900000,291,
TL-33,38.0325200000,-78.5146100000,292,
TL-33,38.0325200000,-78.5146100000,293,
TL-33,38.0323800000,-78.5142200000,294,
TL-33,38.0323600000,-78.5141500000,295,
TL-33,38.0323100000,-78.5139800000,296,
TL-33,38.0322800000,-78.5138400000,297,
TL-33,38.0322600000,-78.5137600000,298,
TL-33,38.0322400000,-78.5136200000,299,
TL-33,38.0322300000,-78.5135400000,300,
TL-33,38.0322200000,-78.5134300000,301,
TL-33,38.0322100000,-78.5130800000,302,
TL-33,38.0322100000,-78.5128800000,303,
TL-33,38.0322100000,-78.5128800000,304,
TL-33,38.0322100000,-78.5127700000,305,
TL-33,38.0322000000,-78.5126300000,306,
TL-33,38.0321900000,-78.5125400000,307,
TL-33,38.0321800000,-78.5124800000,308,
TL-33,38.0321500000,-78.5123400000,309,
TL-33,38.0321300000,-78.5122200000,310,
TL-33,38.0320700000,-78.5120900000,311,
TL-33,38.0318900000,-78.5117600000,312,
TL-33,38.0315800000,-78.5112600000,313,
TL-33,38.0315500000,-78.5112100000,314,
TL-33,38.0314400000,-78.5109700000,315,
TL-33,38.0313500000,-78.5107700000,316,
TL-33,38.0312500000,-78.5105700000,317,
TL-33,38.0312500000,-78.5105700000,318,
TL-33,38.0311500000,-78.5106500000,319,
TL-33,38.0311300000,-78.5106800000,320,
TL-33,38.0310500000,-78.5107500000,321,
TL-33,38.0309700000,-78.5108400000,322,
TL-33,38.0308700000,-78.5109600000,323,
TL-33,38.0308400000,-78.5110000000,324,
TL-33,38.0308100000,-78.5110500000,325,
TL-33,38.0306800000,-78.5112400000,326,
TL-33,38.0304600000,-78.5115400000,327,
TL-33,38.0302400000,-78.5118500000,328,
TL-33,38.0302000000,-78.5119100000,329,
TL-33,38.0301000000,-78.5120500000,330,
TL-33,38.0300500000,-78.5121200000,331,
TL-33,38.0300100000,-78.5121900000,332,
TL-33,38.0300100000,-78.5121900000,333,
TL-33,38.0300100000,-78.5122000000,334,
TL-33,38.0299100000,-78.5123900000,335,
TL-33,38.0298700000,-78.5124500000,336,
TL-33,38.0297400000,-78.5127100000,337,
TL-33,38.0296200000,-78.5129400000,338,
TL-33,38.0295200000,-78.5131100000,339,
TL-33,38.0294700000,-78.5131800000,340,
TL-33,38.0293500000,-78.5133600000,341,
TL-33,38.0292200000,-78.5135600000,342,
TL-33,38.0291600000,-78.5136400000,343,
TL-33,38.0290400000,-78.5138000000,344,
TL-33,38.0289700000,-78.5139200000,345,
TL-33,38.0288800000,-78.5140600000,346,
TL-33,38.0288800000,-78.5140700000,347,
TL-33,38.0288300000,-78.5141700000,348,
TL-33,38.0287800000,-78.5142600000,349,
TL-33,38.0287600000,-78.5143100000,350,
TL-33,38.0287000000,-78.5144700000,351,
TL-33,38.0286700000,-78.5145700000,352,
TL-33,38.0286400000,-78.5146900000,353,
TL-33,38.0286200000,-78.5147500000,354,
TL-33,38.0286000000,-78.5148700000,355,
TL-33,38.0285900000,-78.5150100000,356,
TL-33,38.0285800000,-78.5151200000,357,
TL-33,38.0285800000,-78.5151600000,358,
TL-33,38.0285800000,-78.5153200000,359,
TL-33,38.0285800000,-78.5153500000,360,
TL-33,38.0285800000,-78.5154400000,361,
TL-33,38.0285900000,-78.5155400000,362,
TL-33,38.0286000000,-78.5155800000,363,
TL-33,38.0286000000,-78.5156400000,364,
TL-33,38.0286200000,-78.5158100000,365,
TL-33,38.0286300000,-78.5158300000,366,
TL-33,38.0286500000,-78.5159700000,367,
TL-33,38.0286600000,-78.5160500000,368,
TL-33,38.0286700000,-78.5161600000,369,
TL-33,38.0286600000,-78.5162500000,370,
TL-33,38.0286600000,-78.5162600000,371,
TL-33,38.0286600000,-78.5162800000,372,
TL-33,38.0286600000,-78.5163800000,373,
TL-33,38.0286600000,-78.5163800000,374,
TL-33,38.0286300000,-78.5165000000,375,
TL-33,38.0286300000,-78.5165000000,376,
TL-33,38.0287500000,-78.5165000000,377,
TL-33,38.0288100000,-78.5165000000,378,
TL-33,38.0288400000,-78.5165000000,379,
TL-33,38.0288900000,-78.5164900000,380,
TL-33,38.0289600000,-78.5164700000,381,
TL-33,38.0289900000,-78.5164700000,382,
TL-33,38.0290400000,-78.5164500000,383,
TL-33,38.0290400000,-78.5164500000,384,
TL-33,38.0290700000,-78.5164400000,385,
TL-33,38.0291600000,-78.5164100000,386,
TL-33,38.0292500000,-78.5163700000,387,
TL-33,38.0293100000,-78.5163400000,388,
TL-33,38.0294500000,-78.5162600000,389,
TL-33,38.0297000000,-78.5161400000,390,
TL-33,38.0298400000,-78.5160700000,391,
TL-33,38.0299400000,-78.5160200000,392,
TL-33,38.0300700000,-78.5159400000,393,
TL-33,38.0301500000,-78.5159000000,394,
TL-33,38.0302900000,-78.5158100000,395,
TL-33,38.0303500000,-78.5157800000,396,
TL-33,38.0305200000,-78.5156900000,397,
TL-33,38.0308500000,-78.5155100000,398,
TL-33,38.0312400000,-78.5153000000,399,
TL-33,38.0318200000,-78.5150000000,400,
TL-33,38.0320100000,-78.5149000000,401,
TL-33,38.0321100000,-78.5148400000,402,
TL-33,38.0321900000,-78.5148000000,403,
TL-33,38.0323200000,-78.5147200000,404,
TL-33,38.0324100000,-78.5146700000,405,
TL-33,38.0325200000,-78.5146100000,406,
TL-33,38.0325700000,-78.5145900000,407,
TL-33,38.0327600000,-78.5144900000,408,
TL-33,38.0328600000,-78.5144500000,409,
TL-33,38.0329800000,-78.5143900000,410,
TL-33,38.0331200000,-78.5143400000,411,
TL-33,38.0332200000,-78.5143100000,412,
TL-33,38.0332600000,-78.5143000000,413,
TL-33,38.0333500000,-78.5142700000,414,
TL-33,38.0334300000,-78.5142600000,415,
TL-33,38.0335600000,-78.5142300000,416,
TL-33,38.0336400000,-78.5142200000,417,
TL-33,38.0337200000,-78.5142100000,418,
TL-33,38.0338500000,-78.5141900000,419,
TL-33,38.0339300000,-78.5141900000,420,
TL-33,38.0339300000,-78.5141900000,421,
TL-33,38.0340000000,-78.5141900000,422,
TL-33,38.0344800000,-78.5141600000,423,
TL-33,38.0347000000,-78.5141500000,424,
TL-33,38.0350500000,-78.5141200000,425,
TL-33,38.0352000000,-78.5141000000,426,
TL-33,38.0353700000,-78.5140800000,427,
TL-33,38.0354600000,-78.5140800000,428,
TL-33,38.0357400000,-78.5140800000,429,
TL-33,38.0358200000,-78.5140800000,430,
TL-33,38.0358800000,-78.5140900000,431,
TL-33,38.0359100000,-78.5140900000,432,
TL-33,38.0359400000,-78.5141000000,433,
TL-33,38.0359800000,-78.5141100000,434,
TL-33,38.0361200000,-78.5141800000,435,
TL-33,38.0362400000,-78.5142300000,436,
TL-33,38.0363000000,-78.5142600000,437,
TL-33,38.0363800000,-78.5143000000,438,
TL-33,38.0365500000,-78.5143900000,439,
TL-33,38.0367800000,-78.5145100000,440,
TL-33,38.0369900000,-78.5146200000,441,
TL-33,38.0371200000,-78.5146900000,442,
TL-33,38.0376200000,-78.5149500000,443,
TL-33,38.0381100000,-78.5151600000,444,
TL-33,38.0383300000,-78.5152400000,445,
TL-33,38.0386200000,-78.5153600000,446,
TL-33,38.0387100000,-78.5153600000,447,
TL-33,38.0389200000,-78.5152000000,448,
TL-33,38.0389300000,-78.5152000000,449,
TL-33,38.0390700000,-78.5150600000,450,
TL-33,38.0392200000,-78.5149200000,451,
TL-33,38.0393600000,-78.5147900000,452,
TL-33,38.0396500000,-78.5145200000,453,
TL-33,38.0400800000,-78.5141100000,454,
TL-33,38.0402000000,-78.5140000000,455,
TL-33,38.0402300000,-78.5139700000,456,
TL-33,38.0402400000,-78.5139600000,457,
TL-33,38.0403400000,-78.5138600000,458,
TL-33,38.0404400000,-78.5137700000,459,
TL-33,38.0404800000,-78.5137400000,460,
TL-33,38.0404900000,-78.5137300000,461,
TL-33,38.0406300000,-78.5135900000,462,
TL-33,38.0407800000,-78.5134600000,463,
TL-33,38.0409200000,-78.5133200000,464,
TL-33,38.0411000000,-78.5131500000,465,
TL-33,38.0411500000,-78.5130900000,466,
TL-33,38.0412000000,-78.5130400000,467,
TL-33,38.0412300000,-78.5130200000,468,
TL-33,38.0412500000,-78.5129900000,469,
TL-33,38.0412900000,-78.5129400000,470,
TL-33,38.0413300000,-78.5129000000,471,
TL-33,38.0413700000,-78.5128400000,472,
TL-33,38.0414100000,-78.5127700000,473,
TL-33,38.0414900000,-78.5126300000,474,
TL-33,38.0415200000,-78.5125800000,475,
TL-33,38.0415300000,-78.5125700000,476,
TL-33,38.0415400000,-78.5125500000,477,
TL-33,38.0415500000,-78.5125300000,478,
TL-33,38.0415800000,-78.5124900000,479,
TL-33,38.0416300000,-78.5124400000,480,
TL-33,38.0417100000,-78.5123600000,481,
TL-33,38.0417500000,-78.5123100000,482,
TL-33,38.0417800000,-78.5122800000,483,
TL-33,38.0418900000,-78.5121700000,484,
TL-33,38.0419500000,-78.5121000000,485,
TL-33,38.0420900000,-78.5119600000,486,
TL-33,38.0422300000,-78.5118100000,487,
TL-33,38.0423200000,-78.5117200000,488,
TL-33,38.0424100000,-78.5116200000,489,
TL-33,38.0424300000,-78.5116100000,490,
TL-33,38.0425500000,-78.5114800000,491,
TL-33,38.0425500000,-78.5114800000,492,
TL-33,38.0425800000,-78.5113900000,493,
TL-33,38.0426100000,-78.5113300000,494,
TL-33,38.0426800000,-78.5112400000,495,
TL-33,38.0427000000,-78.5112100000,496,
TL-33,38.0427300000,-78.5111900000,497,
TL-33,38.0427600000,-78.5111500000,498,
TL-33,38.0428400000,-78.5110600000,499,
TL-33,38.0429400000,-78.5109800000,500,
TL-33,38.0430400000,-78.5109300000,501,
TL-33,38.0431700000,-78.5109000000,502,
TL-33,38.0433800000,-78.5108900000,503,
TL-33,38.0435400000,-78.5108900000,504,
TL-33,38.0435700000,-78.5108900000,505,
TL-33,38.0437200000,-78.5109000000,506,
TL-33,38.0440800000,-78.5109000000,507,
TL-33,38.0444300000,-78.5109100000,508,
TL-33,38.0445400000,-78.5109000000,509,
TL-33,38.0446600000,-78.5108800000,510,
TL-33,38.0447300000,-78.5108500000,511,
TL-33,38.0447800000,-78.5108300000,512,
TL-33,38.0448300000,-78.5108000000,513,
TL-33,38.0449500000,-78.5107200000,514,
TL-33,38.0453600000,-78.5104200000,515,
TL-33,38.0455700000,-78.5102800000,516,
TL-33,38.0458900000,-78.5100500000,517,
TL-33,38.0460600000,-78.5099400000,518,
TL-33,38.0463800000,-78.5097100000,519,
TL-33,38.0463800000,-78.5097100000,520,
TL-33,38.0465100000,-78.5100000000,521,
TL-33,38.0466800000,-78.5104000000,522,
TL-33,38.0468500000,-78.5107600000,523,
TL-33,38.0468500000,-78.5107800000,524,
TL-33,38.0470500000,-78.5111400000,525,
TL-33,38.0472000000,-78.5113700000,526,
TL-33,38.0472500000,-78.5114500000,527,
TL-33,38.0474100000,-78.5116600000,528,
TL-33,38.0474800000,-78.5117300000,529,
TL-33,38.0475300000,-78.5117800000,530,
TL-33,38.0475800000,-78.5118300000,531,
TL-33,38.0476300000,-78.5118700000,532,
TL-33,38.0476800000,-78.5119100000,533,
TL-33,38.0477400000,-78.5119400000,534,
TL-33,38.0478000000,-78.5119900000,535,
TL-33,38.0478500000,-78.5120100000,536,
TL-33,38.0479100000,-78.5120500000,537,
TL-33,38.0479800000,-78.5120800000,538,
TL-33,38.0480600000,-78.5121000000,539,
TL-33,38.0481200000,-78.5121200000,540,
TL-33,38.0481300000,-78.5121200000,541,
TL-33,38.0481300000,-78.5121200000,542,
TL-33,38.0482400000,-78.5121400000,543,
TL-33,38.0483100000,-78.5121300000,544,
TL-33,38.0486200000,-78.5121100000,545,
TL-33,38.0487600000,-78.5121000000,546,
TL-33,38.0488300000,-78.5121100000,547,
TL-33,38.0488900000,-78.5121100000,548,
TL-33,38.0489300000,-78.5121200000,549,
TL-33,38.0489800000,-78.5121300000,550,
TL-33,38.0490200000,-78.5121400000,551,
TL-33,38.0490300000,-78.5121500000,552,
TL-33,38.0490700000,-78.5121600000,553,
TL-33,38.0491500000,-78.5122100000,554,
TL-33,38.0492000000,-78.5122400000,555,
TL-33,38.0492100000,-78.5122400000,556,
TL-33,38.0492400000,-78.5122700000,557,
TL-33,38.0493000000,-78.5123200000,558,
TL-33,38.0494200000,-78.5124100000,559,
TL-33,38.0495000000,-78.5124800000,560,
TL-33,38.0496400000,-78.5126100000,561,
TL-33,38.0496900000,-78.5126500000,562,
TL-33,38.0497500000,-78.5127100000,563,
TL-33,38.0498100000,-78.5127900000,564,
TL-33,38.0498400000,-78.5128300000,565,
TL-33,38.0499300000,-78.5129300000,566,
TL-33,38.0499800000,-78.5130000000,567,
TL-33,38.0499800000,-78.5130000000,568,
TL-33,38.0500600000,-78.5129500000,569,
TL-33,38.0501200000,-78.5129100000,570,
TL-33,38.0503000000,-78.5128000000,571,
TL-33,38.0503300000,-78.5127900000,572,
TL-33,38.0504500000,-78.5127100000,573,
TL-33,38.0505500000,-78.5126400000,574,
TL-33,38.0506600000,-78.5125600000,575,
TL-33,38.0506600000,-78.5125600000,576,
TL-33,38.0507200000,-78.5125200000,577,
TL-33,38.0508400000,-78.5124300000,578,
TL-33,38.0509200000,-78.5123800000,579,
TL-33,38.0510800000,-78.5122800000,580,
TL-33,38.0511400000,-78.5122500000,581,
TL-33,38.0512500000,-78.5121900000,582,
TL-33,38.0512600000,-78.5121800000,583,
TL-33,38.0513400000,-78.5121300000,584,
TL-33,38.0513900000,-78.5120900000,585,
TL-33,38.0515600000,-78.5119700000,586,
TL-33,38.0516400000,-78.5118700000,587,
TL-33,38.0517000000,-78.5117500000,588,
TL-33,38.0517700000,-78.5115900000,589,
TL-33,38.0518100000,-78.5114700000,590,
TL-33,38.0518200000,-78.5114300000,591,
TL-33,38.0518600000,-78.5112700000,592,
TL-33,38.0518800000,-78.5111400000,593,
TL-33,38.0518900000,-78.5110000000,594,
TL-33,38.0519200000,-78.5106600000,595,
TL-33,38.0519300000,-78.5105500000,596,
TL-33,38.0519300000,-78.5104400000,597,
TL-33,38.0519300000,-78.5102100000,598,
TL-33,38.0519400000,-78.5098000000,599,
TL-33,38.0519400000,-78.5097700000,600,
TL-33,38.0519500000,-78.5094700000,601,
TL-33,38.0519500000,-78.5094200000,602,
TL-33,38.0519600000,-78.5093400000,603,
TL-33,38.0519600000,-78.5093400000,604,
TL-33,38.0518800000,-78.5093200000,605,
TL-33,38.0518000000,-78.5092900000,606,
TL-33,38.0517600000,-78.5092700000,607,
TL-33,38.0517500000,-78.5092500000,608,
TL-33,38.0517300000,-78.5092400000,609,
TL-33,38.0517100000,-78.5092200000,610,
TL-33,38.0517000000,-78.5092000000,611,
TL-33,38.0516700000,-78.5091600000,612,
TL-33,38.0515400000,-78.5089100000,613,
TL-33,38.0515000000,-78.5088200000,614,
TL-33,38.0514400000,-78.5087300000,615,
TL-33,38.0514000000,-78.5086700000,616,
TL-33,38.0513900000,-78.5086600000,617,
TL-33,38.0513600000,-78.5086200000,618,
TL-33,38.0513100000,-78.5085600000,619,
TL-33,38.0512600000,-78.5085200000,620,
TL-33,38.0512500000,-78.5085100000,621,
TL-33,38.0512000000,-78.5084700000,622,
TL-33,38.0510700000,-78.5083900000,623,
TL-33,38.0509900000,-78.5083300000,624,
TL-33,38.0509400000,-78.5083000000,625,
TL-33,38.0509100000,-78.5082700000,626,
TL-33,38.0508800000,-78.5082400000,627,
TL-33,38.0508400000,-78.5081800000,628,
TL-33,38.0508200000,-78.5081600000,629,
TL-33,38.0507700000,-78.5080900000,630,
TL-33,38.0506700000,-78.5079600000,631,
TL-33,38.0505600000,-78.5078100000,632,
TL-33,38.0504500000,-78.5076700000,633,
TL-33,38.0504300000,-78.5076500000,634,
TL-33,38.0501600000,-78.5072700000,635,
TL-33,38.0500700000,-78.5071700000,636,
TL-33,38.0499400000,-78.5069800000,637,
TL-33,38.0496900000,-78.5066600000,638,
TL-33,38.0495400000,-78.5064400000,639,
TL-33,38.0494200000,-78.5062800000,640,
TL-33,38.0494200000,-78.5062800000,641,
TL-33,38.0493000000,-78.5061000000,642,
TL-33,38.0492600000,-78.5060400000,643,
TL-33,38.0492232505,-78.5059925509,644,
TL-33,38.0491300000,-78.5058700000,645,
TL-33,38.0490800000,-78.5057900000,646,
TL-33,38.0488570957,-78.5054759766,647,
TL-33,38.0488796574,-78.5054409184,648,
TL-33,38.0488903379,-78.5054286588,649,
TL-33,38.0489182997,-78.5053924052,650,
TL-33,38.0489398053,-78.5053660641,651,
TL-33,38.0489708157,-78.5053320116,652,
TL-33,38.0489977338,-78.5053033236,653,
TL-33,38.0490538328,-78.5052594753,654,
TL-33,38.0490625770,-78.5052531232,655,
TL-33,38.0492130016,-78.5050992679,656,
TL-33,38.0492973069,-78.5050092554,657,
TL-33,38.0494569498,-78.5048581342,658,
TL-33,38.0494868708,-78.5047983316,659,
TL-33,38.0494954948,-78.5047499901,660,
TL-33,38.0494848457,-78.5046389983,661,
TL-33,38.0493949897,-78.5045105721,662,
TL-33,38.0491340461,-78.5041263302,663,
TL-33,38.0484617936,-78.5048065978,664,
TL-33,38.0487294719,-78.5052803352,665,
TL-72,38.0295300000,-78.5148700000,1,
TL-72,38.0295700000,-78.5149400000,2,
TL-72,38.0296000000,-78.5149800000,3,
TL-72,38.0296700000,-78.5151000000,4,
TL-72,38.0297400000,-78.5152100000,5,
TL-72,38.0297500000,-78.5152200000,6,
TL-72,38.0297700000,-78.5152500000,7,
TL-72,38.0298242254,-78.5153146355,8,
TL-72,38.0299100000,-78.5154700000,9,
TL-72,38.0300000000,-78.5156000000,10,
TL-72,38.0300100000,-78.5156100000,11,
TL-72,38.0300400000,-78.5156600000,12,
TL-72,38.0301000000,-78.5157700000,13,
TL-72,38.0301500000,-78.5159000000,14,
TL-72,38.0301500000,-78.5159000000,15,
TL-72,38.0300700000,-78.5159400000,16,
TL-72,38.0299400000,-78.5160200000,17,
TL-72,38.0298400000,-78.5160700000,18,
TL-72,38.0297000000,-78.5161400000,19,
TL-72,38.0294500000,-78.5162600000,20,
TL-72,38.0293100000,-78.5163400000,21,
TL-72,38.0292500000,-78.5163700000,22,
TL-72,38.0291600000,-78.5164100000,23,
TL-72,38.0290700000,-78.5164400000,24,
TL-72,38.0289900000,-78.5164700000,25,
TL-72,38.0289600000,-78.5164700000,26,
TL-72,38.0288900000,-78.5164900000,27,
TL-72,38.0288400000,-78.5165000000,28,
TL-72,38.0288100000,-78.5165000000,29,
TL-72,38.0287500000,-78.5165000000,30,
TL-72,38.0286300000,-78.5165000000,31,
TL-72,38.0286300000,-78.5165000000,32,
TL-72,38.0284000000,-78.5165000000,33,
TL-72,38.0283200000,-78.5165000000,34,
TL-72,38.0279900000,-78.5164900000,35,
TL-72,38.0276900000,-78.5164900000,36,
TL-72,38.0276400000,-78.5164800000,37,
TL-72,38.0275600000,-78.5164700000,38,
TL-72,38.0274900000,-78.5164600000,39,
TL-72,38.0274200000,-78.5164300000,40,
TL-72,38.0273700000,-78.5164100000,41,
TL-72,38.0273100000,-78.5163700000,42,
TL-72,38.0272100000,-78.5162500000,43,
TL-72,38.0271700000,-78.5161900000,44,
TL-72,38.0271600000,-78.5161800000,45,
TL-72,38.0271400000,-78.5161400000,46,
TL-72,38.0270200000,-78.5159400000,47,
TL-72,38.0268100000,-78.5156200000,48,
TL-72,38.0267300000,-78.5155300000,49,
TL-72,38.0266900000,-78.5154700000,50,
TL-72,38.0266300000,-78.5154200000,51,
TL-72,38.0266200000,-78.5154100000,52,
TL-72,38.0265800000,-78.5153900000,53,
TL-72,38.0265400000,-78.5153600000,54,
TL-72,38.0264400000,-78.5153100000,55,
TL-72,38.0263600000,-78.5152800000,56,
TL-72,38.0260200000,-78.5151300000,57,
TL-72,38.0260200000,-78.5151300000,58,
TL-72,38.0259400000,-78.5151200000,59,
TL-72,38.0258700000,-78.5150900000,60,
TL-72,38.0258800000,-78.5150100000,61,
TL-72,38.0259100000,-78.5149000000,62,
TL-72,38.0259300000,-78.5147700000,63,
TL-72,38.0259500000,-78.5146800000,64,
TL-72,38.0259900000,-78.5145300000,65,
TL-72,38.0260200000,-78.5144400000,66,
TL-72,38.0260400000,-78.5143700000,67,
TL-72,38.0261200000,-78.5141200000,68,
TL-72,38.0261600000,-78.5140000000,69,
TL-72,38.0262600000,-78.5136900000,70,
TL-72,38.0263000000,-78.5135700000,71,
TL-72,38.0263400000,-78.5134800000,72,
TL-72,38.0263800000,-78.5133800000,73,
TL-72,38.0264200000,-78.5132900000,74,
TL-72,38.0265100000,-78.5131300000,75,
TL-72,38.0266300000,-78.5129300000,76,
TL-72,38.0267500000,-78.5127400000,77,
TL-72,38.0269400000,-78.5123900000,78,
TL-72,38.0270100000,-78.5122600000,79,
TL-72,38.0271200000,-78.5120800000,80,
TL-72,38.0272600000,-78.5118600000,81,
TL-72,38.0274100000,-78.5116100000,82,
TL-72,38.0276200000,-78.5112600000,83,
TL-72,38.0280200000,-78.5106300000,84,
TL-72,38.0284100000,-78.5100100000,85,
TL-72,38.0284700000,-78.5099100000,86,
TL-72,38.0285200000,-78.5098300000,87,
TL-72,38.0285700000,-78.5097800000,88,
TL-72,38.0286300000,-78.5097200000,89,
TL-72,38.0286900000,-78.5096600000,90,
TL-72,38.0288200000,-78.5095600000,91,
TL-72,38.0288900000,-78.5095100000,92,
TL-72,38.0289300000,-78.5094800000,93,
TL-72,38.0289500000,-78.5094700000,94,
TL-72,38.0289700000,-78.5094600000,95,
TL-72,38.0290200000,-78.5094300000,96,
TL-72,38.0292700000,-78.5092600000,97,
TL-72,38.0297100000,-78.5089700000,98,
TL-72,38.0302300000,-78.5086300000,99,
TL-72,38.0304000000,-78.5085300000,100,
TL-72,38.0305600000,-78.5084300000,101,
TL-72,38.0307200000,-78.5083300000,102,
TL-72,38.0308600000,-78.5082500000,103,
TL-72,38.0311800000,-78.5080500000,104,
TL-72,38.0313200000,-78.5079700000,105,
TL-72,38.0314600000,-78.5079000000,106,
TL-72,38.0315400000,-78.5078500000,107,
TL-72,38.0315900000,-78.5078100000,108,
TL-72,38.0316500000,-78.5078000000,109,
TL-72,38.0317000000,-78.5077800000,110,
TL-72,38.0317600000,-78.5077800000,111,
TL-72,38.0318400000,-78.5077800000,112,
TL-72,38.0319900000,-78.5078000000,113,
TL-72,38.0319900000,-78.5078000000,114,
TL-72,38.0320700000,-78.5074500000,115,
TL-72,38.0320900000,-78.5073200000,116,
TL-72,38.0321000000,-78.5070100000,117,
TL-72,38.0320900000,-78.5067200000,118,
TL-72,38.0320900000,-78.5064900000,119,
TL-72,38.0320800000,-78.5063700000,120,
TL-72,38.0320700000,-78.5059200000,121,
TL-72,38.0320600000,-78.5057500000,122,
TL-72,38.0320500000,-78.5056500000,123,
TL-72,38.0320400000,-78.5054700000,124,
TL-72,38.0320400000,-78.5053800000,125,
TL-72,38.0320400000,-78.5052200000,126,
TL-72,38.0320300000,-78.5050300000,127,
TL-72,38.0320300000,-78.5049900000,128,
TL-72,38.0320300000,-78.5047400000,129,
TL-72,38.0320300000,-78.5045400000,130,
TL-72,38.0320300000,-78.5044600000,131,
TL-72,38.0320300000,-78.5043900000,132,
TL-72,38.0320500000,-78.5040400000,133,
TL-72,38.0320600000,-78.5038100000,134,
TL-72,38.0320600000,-78.5036700000,135,
TL-72,38.0320600000,-78.5036500000,136,
TL-72,38.0320700000,-78.5034400000,137,
TL-72,38.0320700000,-78.5033200000,138,
TL-72,38.0320704929,-78.5033195042,139,
TL-72,38.0320800000,-78.5032100000,140,
TL-72,38.0320984507,-78.5027759766,141,
TL-72,38.0321000000,-78.5025800000,142,
TL-72,38.0321000000,-78.5025000000,143,
TL-72,38.0321000000,-78.5024600000,144,
TL-72,38.0321100000,-78.5023200000,145,
TL-72,38.0321100000,-78.5023100000,146,
TL-72,38.0321200000,-78.5020800000,147,
TL-72,38.0321300000,-78.5020000000,148,
TL-72,38.0321500000,-78.5018600000,149,
TL-72,38.0321500000,-78.5018600000,150,
TL-72,38.0318800000,-78.5017500000,151,
TL-72,38.0318400000,-78.5017200000,152,
TL-72,38.0317600000,-78.5016500000,153,
TL-72,38.0316900000,-78.5015800000,154,
TL-72,38.0316400000,-78.5015200000,155,
TL-72,38.0316000000,-78.5014600000,156,
TL-72,38.0315700000,-78.5014200000,157,
TL-72,38.0315500000,-78.5013800000,158,
TL-72,38.0315200000,-78.5013000000,159,
TL-72,38.0314500000,-78.5011300000,160,
TL-72,38.0313800000,-78.5009500000,161,
TL-72,38.0313200000,-78.5007900000,162,
TL-72,38.0313200000,-78.5007900000,163,
TL-72,38.0313000000,-78.5007400000,164,
TL-72,38.0312200000,-78.5005400000,165,
TL-72,38.0312000000,-78.5004900000,166,
TL-72,38.0310000000,-78.5000300000,167,
TL-72,38.0309600000,-78.4999300000,168,
TL-72,38.0309000000,-78.4997900000,169,
TL-72,38.0308200000,-78.4995900000,170,
TL-72,38.0308200000,-78.4995800000,171,
TL-72,38.0307300000,-78.4993900000,172,
TL-72,38.0306400000,-78.4991900000,173,
TL-72,38.0305900000,-78.4990800000,174,
TL-72,38.0305500000,-78.4990300000,175,
TL-72,38.0304900000,-78.4989800000,176,
TL-72,38.0304200000,-78.4989500000,177,
TL-72,38.0302500000,-78.4988700000,178,
TL-72,38.0302500000,-78.4988700000,179,
TL-72,38.0304000000,-78.4983600000,180,
TL-72,38.0304600000,-78.4981300000,181,
TL-72,38.0304800000,-78.4980400000,182,
TL-72,38.0304900000,-78.4980400000,183,
TL-72,38.0305200000,-78.4979000000,184,
TL-72,38.0305800000,-78.4976000000,185,
TL-72,38.0306200000,-78.4974000000,186,
TL-72,38.0307200000,-78.4969500000,187,
TL-72,38.0307400000,-78.4968300000,188,
TL-72,38.0307600000,-78.4967900000,189,
TL-72,38.0307700000,-78.4967500000,190,
TL-72,38.0307900000,-78.4967300000,191,
TL-72,38.0308300000,-78.4967000000,192,
TL-72,38.0309100000,-78.4966900000,193,
TL-72,38.0309600000,-78.4967000000,194,
TL-72,38.0310300000,-78.4967100000,195,
TL-72,38.0311400000,-78.4967300000,196,
TL-72,38.0311400000,-78.4967300000,197,
TL-72,38.0311800000,-78.4969400000,198,
TL-72,38.0311900000,-78.4969500000,199,
TL-72,38.0312700000,-78.4971500000,200,
TL-72,38.0313530983,-78.4973397668,201,
TL-72,38.0315500000,-78.4977800000,202,
TL-72,38.0316900000,-78.4981300000,203,
TL-72,38.0316900000,-78.4981300000,204,
TL-72,38.0318000000,-78.4983800000,205,
TL-72,38.0319900000,-78.4988200000,206,
TL-72,38.0320700000,-78.4990200000,207,
TL-72,38.0321600000,-78.4992200000,208,
TL-72,38.0321600000,-78.4992300000,209,
TL-72,38.0321700000,-78.4992400000,210,
TL-72,38.0323000000,-78.4995400000,211,
TL-72,38.0323405633,-78.4995992711,212,
TL-72,38.0323700000,-78.4996600000,213,
TL-72,38.0323900000,-78.4996900000,214,
TL-72,38.0324200000,-78.4997300000,215,
TL-72,38.0324400000,-78.4997500000,216,
TL-72,38.0324700000,-78.4997700000,217,
TL-72,38.0325000000,-78.4997900000,218,
TL-72,38.0326400000,-78.4998700000,219,
TL-72,38.0326400000,-78.4998700000,220,
TL-72,38.0325600000,-78.5001700000,221,
TL-72,38.0324900000,-78.5004100000,222,
TL-72,38.0324900000,-78.5004100000,223,
TL-72,38.0324800000,-78.5004400000,224,
TL-72,38.0324300000,-78.5006300000,225,
TL-72,38.0323700000,-78.5008500000,226,
TL-72,38.0322800000,-78.5012200000,227,
TL-72,38.0321700000,-78.5016600000,228,
TL-72,38.0321700000,-78.5017200000,229,
TL-72,38.0321500000,-78.5018600000,230,
TL-72,38.0321300000,-78.5020000000,231,
TL-72,38.0321200000,-78.5020800000,232,
TL-72,38.0321100000,-78.5023100000,233,
TL-72,38.0321100000,-78.5023200000,234,
TL-72,38.0321000000,-78.5024600000,235,
TL-72,38.0321000000,-78.5025000000,236,
TL-72,38.0321000000,-78.5025800000,237,
TL-72,38.0320995070,-78.5027773177,238,
TL-72,38.0320800000,-78.5032100000,239,
TL-72,38.0320800000,-78.5032900000,240,
TL-72,38.0320800000,-78.5033100000,241,
TL-72,38.0320700000,-78.5034400000,242,
TL-72,38.0320600000,-78.5036500000,243,
TL-72,38.0320600000,-78.5036700000,244,
TL-72,38.0320600000,-78.5038100000,245,
TL-72,38.0320500000,-78.5040400000,246,
TL-72,38.0320500000,-78.5040600000,247,
TL-72,38.0320500000,-78.5040600000,248,
TL-72,38.0320300000,-78.5043900000,249,
TL-72,38.0320300000,-78.5044600000,250,
TL-72,38.0320300000,-78.5045400000,251,
TL-72,38.0320300000,-78.5047400000,252,
TL-72,38.0320300000,-78.5049900000,253,
TL-72,38.0320300000,-78.5050300000,254,
TL-72,38.0320400000,-78.5052200000,255,
TL-72,38.0320400000,-78.5053800000,256,
TL-72,38.0320400000,-78.5054700000,257,
TL-72,38.0320500000,-78.5056500000,258,
TL-72,38.0320600000,-78.5057500000,259,
TL-72,38.0320700000,-78.5059200000,260,
TL-72,38.0320800000,-78.5063700000,261,
TL-72,38.0320900000,-78.5064900000,262,
TL-72,38.0320900000,-78.5067200000,263,
TL-72,38.0321000000,-78.5070100000,264,
TL-72,38.0320900000,-78.5073200000,265,
TL-72,38.0320700000,-78.5074500000,266,
TL-72,38.0319900000,-78.5078000000,267,
TL-72,38.0319900000,-78.5078000000,268,
TL-72,38.0319800000,-78.5079000000,269,
TL-72,38.0319800000,-78.5079700000,270,
TL-72,38.0319800000,-78.5080600000,271,
TL-72,38.0319800000,-78.5081700000,272,
TL-72,38.0319900000,-78.5082900000,273,
TL-72,38.0320200000,-78.5084300000,274,
TL-72,38.0320400000,-78.5084800000,275,
TL-72,38.0320600000,-78.5085500000,276,
TL-72,38.0320700000,-78.5085700000,277,
TL-72,38.0321200000,-78.5086400000,278,
TL-72,38.0321400000,-78.5086800000,279,
TL-72,38.0321800000,-78.5087300000,280,
TL-72,38.0322700000,-78.5088200000,281,
TL-72,38.0323300000,-78.5088700000,282,
TL-72,38.0323900000,-78.5089200000,283,
TL-72,38.0324500000,-78.5089600000,284,
TL-72,38.0325000000,-78.5089900000,285,
TL-72,38.0325800000,-78.5090300000,286,
TL-72,38.0325900000,-78.5090300000,287,
TL-72,38.0326600000,-78.5090600000,288,
TL-72,38.0327600000,-78.5090900000,289,
TL-72,38.0327600000,-78.5090900000,290,
TL-72,38.0324500000,-78.5093300000,291,
TL-72,38.0323800000,-78.5093800000,292,
TL-72,38.0323700000,-78.5093900000,293,
TL-72,38.0323000000,-78.5094500000,294,
TL-72,38.0321900000,-78.5095700000,295,
TL-72,38.0320600000,-78.5097300000,296,
TL-72,38.0320200000,-78.5097800000,297,
TL-72,38.0320100000,-78.5097900000,298,
TL-72,38.0319200000,-78.5098800000,299,
TL-72,38.0318800000,-78.5099200000,300,
TL-72,38.0317800000,-78.5100200000,301,
TL-72,38.0317100000,-78.5100900000,302,
TL-72,38.0315200000,-78.5103100000,303,
TL-72,38.0314000000,-78.5104300000,304,
TL-72,38.0313900000,-78.5104300000,305,
TL-72,38.0312500000,-78.5105700000,306,
TL-72,38.0311500000,-78.5106500000,307,
TL-72,38.0311300000,-78.5106800000,308,
TL-72,38.0310500000,-78.5107500000,309,
TL-72,38.0309700000,-78.5108400000,310,
TL-72,38.0308700000,-78.5109600000,311,
TL-72,38.0308400000,-78.5110000000,312,
TL-72,38.0308100000,-78.5110500000,313,
TL-72,38.0306800000,-78.5112400000,314,
TL-72,38.0304600000,-78.5115400000,315,
TL-72,38.0302400000,-78.5118500000,316,
TL-72,38.0302000000,-78.5119100000,317,
TL-72,38.0301000000,-78.5120500000,318,
TL-72,38.0300500000,-78.5121200000,319,
TL-72,38.0300100000,-78.5122000000,320,
TL-72,38.0299100000,-78.5123900000,321,
TL-72,38.0298700000,-78.5124500000,322,
TL-72,38.0297400000,-78.5127100000,323,
TL-72,38.0296200000,-78.5129400000,324,
TL-72,38.0295200000,-78.5131100000,325,
TL-72,38.0294700000,-78.5131800000,326,
TL-72,38.0293500000,-78.5133600000,327,
TL-72,38.0292200000,-78.5135600000,328,
TL-72,38.0291600000,-78.5136400000,329,
TL-72,38.0290400000,-78.5138000000,330,
TL-72,38.0290400000,-78.5138000000,331,
TL-72,38.0291100000,-78.5138500000,332,
TL-72,38.0291700000,-78.5139000000,333,
TL-72,38.0293100000,-78.5140400000,334,
TL-72,38.0293500000,-78.5140800000,335,
TL-72,38.0294700000,-78.5141800000,336,
TL-72,38.0294700000,-78.5141800000,337,
TL-72,38.0294363382,-78.5143965889,338,
TL-72,38.0294300000,-78.5144400000,339,
TL-72,38.0294200000,-78.5145000000,340,
TL-72,38.0294100000,-78.5145600000,341,
TL-72,38.0294800000,-78.5147800000,342,
TL-72,38.0295300000,-78.5148700000,343,
TL-74,38.0255900000,-78.5250800000,1,
TL-74,38.0255300000,-78.5251600000,2,
TL-74,38.0255300000,-78.5251600000,3,
TL-74,38.0255100000,-78.5251000000,4,
TL-74,38.0254800000,-78.5250500000,5,
TL-74,38.0254500000,-78.5250000000,6,
TL-74,38.0255100000,-78.5251000000,7,
TL-74,38.0255100000,-78.5251000000,8,
TL-74,38.0254800000,-78.5250500000,9,
TL-74,38.0254500000,-78.5250000000,10,
TL-74,38.0255400000,-78.5249200000,11,
TL-74,38.0256000000,-78.5248600000,12,
TL-74,38.0256800000,-78.5247600000,13,
TL-74,38.0257200000,-78.5247200000,14,
TL-74,38.0257500000,-78.5247000000,15,
TL-74,38.0257900000,-78.5246800000,16,
TL-74,38.0258300000,-78.5246500000,17,
TL-74,38.0261900000,-78.5246200000,18,
TL-74,38.0264300000,-78.5246000000,19,
TL-74,38.0264300000,-78.5246000000,20,
TL-74,38.0264000000,-78.5240300000,21,
TL-74,38.0263600000,-78.5236300000,22,
TL-74,38.0263500000,-78.5233700000,23,
TL-74,38.0263500000,-78.5233500000,24,
TL-74,38.0263400000,-78.5233300000,25,
TL-74,38.0263500000,-78.5233100000,26,
TL-74,38.0263500000,-78.5232900000,27,
TL-74,38.0263600000,-78.5231700000,28,
TL-74,38.0263600000,-78.5231100000,29,
TL-74,38.0263500000,-78.5230500000,30,
TL-74,38.0263400000,-78.5229400000,31,
TL-74,38.0263000000,-78.5225100000,32,
TL-74,38.0262700000,-78.5223100000,33,
TL-74,38.0262500000,-78.5221200000,34,
TL-74,38.0262300000,-78.5218500000,35,
TL-74,38.0262000000,-78.5215400000,36,
TL-74,38.0261700000,-78.5212300000,37,
TL-74,38.0261400000,-78.5209700000,38,
TL-74,38.0261100000,-78.5207700000,39,
TL-74,38.0260800000,-78.5204300000,40,
TL-74,38.0260400000,-78.5201000000,41,
TL-74,38.0260000000,-78.5196000000,42,
TL-74,38.0259700000,-78.5193300000,43,
TL-74,38.0259500000,-78.5191200000,44,
TL-74,38.0259200000,-78.5187400000,45,
TL-74,38.0259200000,-78.5186400000,46,
TL-74,38.0259200000,-78.5185100000,47,
TL-74,38.0259100000,-78.5183500000,48,
TL-74,38.0259200000,-78.5182800000,49,
TL-74,38.0259200000,-78.5180400000,50,
TL-74,38.0259200000,-78.5175800000,51,
TL-74,38.0259200000,-78.5174800000,52,
TL-74,38.0259200000,-78.5173500000,53,
TL-74,38.0259200000,-78.5169000000,54,
TL-74,38.0259200000,-78.5164600000,55,
TL-74,38.0259200000,-78.5162800000,56,
TL-74,38.0259200000,-78.5162100000,57,
TL-74,38.0259200000,-78.5158800000,58,
TL-74,38.0259200000,-78.5157100000,59,
TL-74,38.0259100000,-78.5155300000,60,
TL-74,38.0259100000,-78.5152500000,61,
TL-74,38.0258700000,-78.5150900000,62,
TL-74,38.0258800000,-78.5150100000,63,
TL-74,38.0259100000,-78.5149000000,64,
TL-74,38.0259300000,-78.5147700000,65,
TL-74,38.0259500000,-78.5146800000,66,
TL-74,38.0259900000,-78.5145300000,67,
TL-74,38.0260200000,-78.5144400000,68,
TL-74,38.0260400000,-78.5143700000,69,
TL-74,38.0261200000,-78.5141200000,70,
TL-74,38.0261600000,-78.5140000000,71,
TL-74,38.0262600000,-78.5136900000,72,
TL-74,38.0263000000,-78.5135700000,73,
TL-74,38.0263400000,-78.5134800000,74,
TL-74,38.0263800000,-78.5133800000,75,
TL-74,38.0264200000,-78.5132900000,76,
TL-74,38.0265100000,-78.5131300000,77,
TL-74,38.0266300000,-78.5129300000,78,
TL-74,38.0267500000,-78.5127400000,79,
TL-74,38.0269400000,-78.5123900000,80,
TL-74,38.0270100000,-78.5122600000,81,
TL-74,38.0271200000,-78.5120800000,82,
TL-74,38.0272600000,-78.5118600000,83,
TL-74,38.0274100000,-78.5116100000,84,
TL-74,38.0276200000,-78.5112600000,85,
TL-74,38.0280200000,-78.5106300000,86,
TL-74,38.0284100000,-78.5100100000,87,
TL-74,38.0284700000,-78.5099100000,88,
TL-74,38.0285200000,-78.5098300000,89,
TL-74,38.0285700000,-78.5097800000,90,
TL-74,38.0286300000,-78.5097200000,91,
TL-74,38.0286900000,-78.5096600000,92,
TL-74,38.0288200000,-78.5095600000,93,
TL-74,38.0288900000,-78.5095100000,94,
TL-74,38.0289300000,-78.5094800000,95,
TL-74,38.0289500000,-78.5094700000,96,
TL-74,38.0289700000,-78.5094600000,97,
TL-74,38.0290200000,-78.5094300000,98,
TL-74,38.0292700000,-78.5092600000,99,
TL-74,38.0297100000,-78.5089700000,100,
TL-74,38.0302300000,-78.5086300000,101,
TL-74,38.0304000000,-78.5085300000,102,
TL-74,38.0305600000,-78.5084300000,103,
TL-74,38.0307200000,-78.5083300000,104,
TL-74,38.0308600000,-78.5082500000,105,
TL-74,38.0311800000,-78.5080500000,106,
TL-74,38.0313200000,-78.5079700000,107,
TL-74,38.0314600000,-78.5079000000,108,
TL-74,38.0315400000,-78.5078500000,109,
TL-74,38.0315900000,-78.5078100000,110,
TL-74,38.0316500000,-78.5078000000,111,
TL-74,38.0317000000,-78.5077800000,112,
TL-74,38.0317600000,-78.5077800000,113,
TL-74,38.0318400000,-78.5077800000,114,
TL-74,38.0319900000,-78.5078000000,115,
TL-74,38.0319900000,-78.5078000000,116,
TL-74,38.0320700000,-78.5074500000,117,
TL-74,38.0320900000,-78.5073200000,118,
TL-74,38.0321000000,-78.5070100000,119,
TL-74,38.0320900000,-78.5067200000,120,
TL-74,38.0320900000,-78.5064900000,121,
TL-74,38.0320800000,-78.5063700000,122,
TL-74,38.0320700000,-78.5059200000,123,
TL-74,38.0320600000,-78.5057500000,124,
TL-74,38.0320500000,-78.5056500000,125,
TL-74,38.0320400000,-78.5054700000,126,
TL-74,38.0320400000,-78.5053800000,127,
TL-74,38.0320400000,-78.5052200000,128,
TL-74,38.0320300000,-78.5050300000,129,
TL-74,38.0320300000,-78.5049900000,130,
TL-74,38.0320300000,-78.5047400000,131,
TL-74,38.0320300000,-78.5045400000,132,
TL-74,38.0320300000,-78.5044600000,133,
TL-74,38.0320300000,-78.5043900000,134,
TL-74,38.0320500000,-78.5040400000,135,
TL-74,38.0320600000,-78.5038100000,136,
TL-74,38.0320600000,-78.5036700000,137,
TL-74,38.0320600000,-78.5036500000,138,
TL-74,38.0320700000,-78.5034400000,139,
TL-74,38.0320700000,-78.5033200000,140,
TL-74,38.0320704929,-78.5033195042,141,
TL-74,38.0320800000,-78.5032100000,142,
TL-74,38.0320984507,-78.5027759766,143,
TL-74,38.0321000000,-78.5025800000,144,
TL-74,38.0321000000,-78.5025000000,145,
TL-74,38.0321000000,-78.5024600000,146,
TL-74,38.0321100000,-78.5023200000,147,
TL-74,38.0321100000,-78.5023100000,148,
TL-74,38.0321200000,-78.5020800000,149,
TL-74,38.0321300000,-78.5020000000,150,
TL-74,38.0321500000,-78.5018600000,151,
TL-74,38.0321500000,-78.5018600000,152,
TL-74,38.0318800000,-78.5017500000,153,
TL-74,38.0318400000,-78.5017200000,154,
TL-74,38.0317600000,-78.5016500000,155,
TL-74,38.0316900000,-78.5015800000,156,
TL-74,38.0316400000,-78.5015200000,157,
TL-74,38.0316000000,-78.5014600000,158,
TL-74,38.0315700000,-78.5014200000,159,
TL-74,38.0315500000,-78.5013800000,160,
TL-74,38.0315200000,-78.5013000000,161,
TL-74,38.0314500000,-78.5011300000,162,
TL-74,38.0313800000,-78.5009500000,163,
TL-74,38.0313200000,-78.5007900000,164,
TL-74,38.0313200000,-78.5007900000,165,
TL-74,38.0313000000,-78.5007400000,166,
TL-74,38.0312200000,-78.5005400000,167,
TL-74,38.0312000000,-78.5004900000,168,
TL-74,38.0310000000,-78.5000300000,169,
TL-74,38.0309600000,-78.4999300000,170,
TL-74,38.0309000000,-78.4997900000,171,
TL-74,38.0308200000,-78.4995900000,172,
TL-74,38.0308200000,-78.4995800000,173,
TL-74,38.0307300000,-78.4993900000,174,
TL-74,38.0306400000,-78.4991900000,175,
TL-74,38.0305900000,-78.4990800000,176,
TL-74,38.0305500000,-78.4990300000,177,
TL-74,38.0304900000,-78.4989800000,178,
TL-74,38.0304200000,-78.4989500000,179,
TL-74,38.0302500000,-78.4988700000,180,
TL-74,38.0302500000,-78.4988700000,181,
TL-74,38.0304000000,-78.4983600000,182,
TL-74,38.0304600000,-78.4981300000,183,
TL-74,38.0304800000,-78.4980400000,184,
TL-74,38.0304900000,-78.4980400000,185,
TL-74,38.0305200000,-78.4979000000,186,
TL-74,38.0305800000,-78.4976000000,187,
TL-74,38.0306200000,-78.4974000000,188,
TL-74,38.0307200000,-78.4969500000,189,
TL-74,38.0307400000,-78.4968300000,190,
TL-74,38.0307600000,-78.4967900000,191,
TL-74,38.0307700000,-78.4967500000,192,
TL-74,38.0307900000,-78.4967300000,193,
TL-74,38.0308300000,-78.4967000000,194,
TL-74,38.0309100000,-78.4966900000,195,
TL-74,38.0309600000,-78.4967000000,196,
TL-74,38.0310300000,-78.4967100000,197,
TL-74,38.0311400000,-78.4967300000,198,
TL-74,38.0311400000,-78.4967300000,199,
TL-74,38.0311800000,-78.4969400000,200,
TL-74,38.0311900000,-78.4969500000,201,
TL-74,38.0312700000,-78.4971500000,202,
TL-74,38.0313530983,-78.4973397668,203,
TL-74,38.0315500000,-78.4977800000,204,
TL-74,38.0316900000,-78.4981300000,205,
TL-74,38.0316900000,-78.4981300000,206,
TL-74,38.0318000000,-78.4983800000,207,
TL-74,38.0319900000,-78.4988200000,208,
TL-74,38.0320700000,-78.4990200000,209,
TL-74,38.0321600000,-78.4992200000,210,
TL-74,38.0321600000,-78.4992300000,211,
TL-74,38.0321700000,-78.4992400000,212,
TL-74,38.0323000000,-78.4995400000,213,
TL-74,38.0323405633,-78.4995992711,214,
TL-74,38.0323700000,-78.4996600000,215,
TL-74,38.0323900000,-78.4996900000,216,
TL-74,38.0324200000,-78.4997300000,217,
TL-74,38.0324400000,-78.4997500000,218,
TL-74,38.0324700000,-78.4997700000,219,
TL-74,38.0325000000,-78.4997900000,220,
TL-74,38.0326400000,-78.4998700000,221,
TL-74,38.0326400000,-78.4998700000,222,
TL-74,38.0325600000,-78.5001700000,223,
TL-74,38.0324900000,-78.5004100000,224,
TL-74,38.0324900000,-78.5004100000,225,
TL-74,38.0324800000,-78.5004400000,226,
TL-74,38.0324300000,-78.5006300000,227,
TL-74,38.0323700000,-78.5008500000,228,
TL-74,38.0322800000,-78.5012200000,229,
TL-74,38.0321700000,-78.5016600000,230,
TL-74,38.0321700000,-78.5017200000,231,
TL-74,38.0321500000,-78.5018600000,232,
TL-74,38.0321300000,-78.5020000000,233,
TL-74,38.0321200000,-78.5020800000,234,
TL-74,38.0321100000,-78.5023100000,235,
TL-74,38.0321100000,-78.5023200000,236,
TL-74,38.0321000000,-78.5024600000,237,
TL-74,38.0321000000,-78.5025000000,238,
TL-74,38.0321000000,-78.5025800000,239,
TL-74,38.0320995070,-78.5027773177,240,
TL-74,38.0320800000,-78.5032100000,241,
TL-74,38.0320800000,-78.5032900000,242,
TL-74,38.0320800000,-78.5033100000,243,
TL-74,38.0320700000,-78.5034400000,244,
TL-74,38.0320600000,-78.5036500000,245,
TL-74,38.0320600000,-78.5036700000,246,
TL-74,38.0320600000,-78.5038100000,247,
TL-74,38.0320500000,-78.5040400000,248,
TL-74,38.0320500000,-78.5040600000,249,
TL-74,38.0320500000,-78.5040600000,250,
TL-74,38.0320300000,-78.5043900000,251,
TL-74,38.0320300000,-78.5044600000,252,
TL-74,38.0320300000,-78.5045400000,253,
TL-74,38.0320300000,-78.5047400000,254,
TL-74,38.0320300000,-78.5049900000,255,
TL-74,38.0320300000,-78.5050300000,256,
TL-74,38.0320400000,-78.5052200000,257,
TL-74,38.0320400000,-78.5053800000,258,
TL-74,38.0320400000,-78.5054700000,259,
TL-74,38.0320500000,-78.5056500000,260,
TL-74,38.0320600000,-78.5057500000,261,
TL-74,38.0320700000,-78.5059200000,262,
TL-74,38.0320800000,-78.5063700000,263,
TL-74,38.0320900000,-78.5064900000,264,
TL-74,38.0320900000,-78.5067200000,265,
TL-74,38.0321000000,-78.5070100000,266,
TL-74,38.0320900000,-78.5073200000,267,
TL-74,38.0320700000,-78.5074500000,268,
TL-74,38.0319900000,-78.5078000000,269,
TL-74,38.0319900000,-78.5078000000,270,
TL-74,38.0319800000,-78.5079000000,271,
TL-74,38.0318400000,-78.5078800000,272,
TL-74,38.0317900000,-78.5078700000,273,
TL-74,38.0317400000,-78.5078700000,274,
TL-74,38.0317100000,-78.5078800000,275,
TL-74,38.0316800000,-78.5079000000,276,
TL-74,38.0316300000,-78.5079200000,277,
TL-74,38.0315300000,-78.5080000000,278,
TL-74,38.0313700000,-78.5081000000,279,
TL-74,38.0310400000,-78.5082800000,280,
TL-74,38.0308700000,-78.5083600000,281,
TL-74,38.0307100000,-78.5084600000,282,
TL-74,38.0305400000,-78.5085600000,283,
TL-74,38.0302200000,-78.5087600000,284,
TL-74,38.0299000000,-78.5089600000,285,
TL-74,38.0298600000,-78.5089900000,286,
TL-74,38.0295800000,-78.5091800000,287,
TL-74,38.0293100000,-78.5093500000,288,
TL-74,38.0290900000,-78.5095000000,289,
TL-74,38.0290000000,-78.5095600000,290,
TL-74,38.0289700000,-78.5095700000,291,
TL-74,38.0289400000,-78.5096000000,292,
TL-74,38.0289300000,-78.5096000000,293,
TL-74,38.0289000000,-78.5096200000,294,
TL-74,38.0288400000,-78.5096700000,295,
TL-74,38.0287800000,-78.5097300000,296,
TL-74,38.0287000000,-78.5098000000,297,
TL-74,38.0286600000,-78.5098400000,298,
TL-74,38.0286000000,-78.5099200000,299,
TL-74,38.0285400000,-78.5100000000,300,
TL-74,38.0284800000,-78.5101100000,301,
TL-74,38.0284200000,-78.5101900000,302,
TL-74,38.0280800000,-78.5107100000,303,
TL-74,38.0280700000,-78.5107200000,304,
TL-74,38.0278500000,-78.5110800000,305,
TL-74,38.0277000000,-78.5113300000,306,
TL-74,38.0274400000,-78.5117500000,307,
TL-74,38.0273200000,-78.5119300000,308,
TL-74,38.0272300000,-78.5120800000,309,
TL-74,38.0271200000,-78.5122600000,310,
TL-74,38.0270100000,-78.5124400000,311,
TL-74,38.0269200000,-78.5126000000,312,
TL-74,38.0268100000,-78.5128100000,313,
TL-74,38.0266600000,-78.5130800000,314,
TL-74,38.0264500000,-78.5134500000,315,
TL-74,38.0263000000,-78.5138200000,316,
TL-74,38.0262300000,-78.5140300000,317,
TL-74,38.0261000000,-78.5144100000,318,
TL-74,38.0260200000,-78.5146600000,319,
TL-74,38.0260100000,-78.5147200000,320,
TL-74,38.0259900000,-78.5147800000,321,
TL-74,38.0259600000,-78.5148600000,322,
TL-74,38.0259500000,-78.5149200000,323,
TL-74,38.0259500000,-78.5149600000,324,
TL-74,38.0259500000,-78.5150500000,325,
TL-74,38.0259500000,-78.5150500000,326,
TL-74,38.0259400000,-78.5151200000,327,
TL-74,38.0259100000,-78.5152500000,328,
TL-74,38.0259100000,-78.5155300000,329,
TL-74,38.0259200000,-78.5157100000,330,
TL-74,38.0259200000,-78.5158800000,331,
TL-74,38.0259200000,-78.5162100000,332,
TL-74,38.0259200000,-78.5162800000,333,
TL-74,38.0259200000,-78.5164600000,334,
TL-74,38.0259200000,-78.5169000000,335,
TL-74,38.0259200000,-78.5173500000,336,
TL-74,38.0259200000,-78.5174800000,337,
TL-74,38.0259200000,-78.5175800000,338,
TL-74,38.0259200000,-78.5180400000,339,
TL-74,38.0259200000,-78.5182800000,340,
TL-74,38.0259100000,-78.5183500000,341,
TL-74,38.0259200000,-78.5185100000,342,
TL-74,38.0259200000,-78.5186400000,343,
TL-74,38.0259200000,-78.5187400000,344,
TL-74,38.0259500000,-78.5191200000,345,
TL-74,38.0259700000,-78.5193300000,346,
TL-74,38.0260000000,-78.5196000000,347,
TL-74,38.0260400000,-78.5201000000,348,
TL-74,38.0260800000,-78.5204300000,349,
TL-74,38.0261100000,-78.5207700000,350,
TL-74,38.0261400000,-78.5209700000,351,
TL-74,38.0261700000,-78.5212300000,352,
TL-74,38.0262000000,-78.5215400000,353,
TL-74,38.0262300000,-78.5218500000,354,
TL-74,38.0262500000,-78.5221200000,355,
TL-74,38.0262700000,-78.5223100000,356,
TL-74,38.0263000000,-78.5225100000,357,
TL-74,38.0263400000,-78.5229400000,358,
TL-74,38.0263500000,-78.5230500000,359,
TL-74,38.0263600000,-78.5231100000,360,
TL-74,38.0263600000,-78.5231700000,361,
TL-74,38.0264000000,-78.5233000000,362,
TL-74,38.0264100000,-78.5233200000,363,
TL-74,38.0264100000,-78.5233300000,364,
TL-74,38.0264100000,-78.5233400000,365,
TL-74,38.0264100000,-78.5233500000,366,
TL-74,38.0264200000,-78.5233800000,367,
TL-74,38.0264700000,-78.5238300000,368,
TL-74,38.0265500000,-78.5245800000,369,
TL-74,38.0265500000,-78.5245800000,370,
TL-74,38.0265700000,-78.5247500000,371,
TL-74,38.0264400000,-78.5247700000,372,
TL-74,38.0263500000,-78.5247800000,373,
TL-74,38.0263100000,-78.5247900000,374,
TL-74,38.0261800000,-78.5248100000,375,
TL-74,38.0259600000,-78.5248300000,376,
TL-74,38.0259400000,-78.5248300000,377,
TL-74,38.0258800000,-78.5248400000,378,
TL-74,38.0258500000,-78.5248500000,379,
TL-74,38.0258200000,-78.5248600000,380,
TL-74,38.0258100000,-78.5248600000,381,
TL-74,38.0258000000,-78.5248600000,382,
TL-74,38.0257900000,-78.5248700000,383,
TL-74,38.0257600000,-78.5248900000,384,
TL-74,38.0257300000,-78.5249200000,385,
TL-74,38.0256600000,-78.5250000000,386,
TL-74,38.0256300000,-78.5250400000,387,
TL-74,38.0255900000,-78.5250800000,388,
TL-73,38.0255900000,-78.5250800000,1,
TL-73,38.0255300000,-78.5251600000,2,
TL-73,38.0255300000,-78.5251600000,3,
TL-73,38.0255100000,-78.5251000000,4,
TL-73,38.0254800000,-78.5250500000,5,
TL-73,38.0254500000,-78.5250000000,6,
TL-73,38.0255100000,-78.5251000000,7,
TL-73,38.0255100000,-78.5251000000,8,
TL-73,38.0254800000,-78.5250500000,9,
TL-73,38.0254500000,-78.5250000000,10,
TL-73,38.0255400000,-78.5249200000,11,
TL-73,38.0256000000,-78.5248600000,12,
TL-73,38.0256800000,-78.5247600000,13,
TL-73,38.0257200000,-78.5247200000,14,
TL-73,38.0257500000,-78.5247000000,15,
TL-73,38.0257900000,-78.5246800000,16,
TL-73,38.0258300000,-78.5246500000,17,
TL-73,38.0261900000,-78.5246200000,18,
TL-73,38.0264300000,-78.5246000000,19,
TL-73,38.0264300000,-78.5246000000,20,
TL-73,38.0264000000,-78.5240300000,21,
TL-73,38.0263600000,-78.5236300000,22,
TL-73,38.0263500000,-78.5233700000,23,
TL-73,38.0263500000,-78.5233500000,24,
TL-73,38.0263400000,-78.5233300000,25,
TL-73,38.0263500000,-78.5233100000,26,
TL-73,38.0263500000,-78.5232900000,27,
TL-73,38.0263600000,-78.5231700000,28,
TL-73,38.0263600000,-78.5231100000,29,
TL-73,38.0263500000,-78.5230500000,30,
TL-73,38.0263400000,-78.5229400000,31,
TL-73,38.0263000000,-78.5225100000,32,
TL-73,38.0262700000,-78.5223100000,33,
TL-73,38.0262500000,-78.5221200000,34,
TL-73,38.0262300000,-78.5218500000,35,
TL-73,38.0262000000,-78.5215400000,36,
TL-73,38.0261700000,-78.5212300000,37,
TL-73,38.0261400000,-78.5209700000,38,
TL-73,38.0261100000,-78.5207700000,39,
TL-73,38.0260800000,-78.5204300000,40,
TL-73,38.0260400000,-78.5201000000,41,
TL-73,38.0260000000,-78.5196000000,42,
TL-73,38.0259700000,-78.5193300000,43,
TL-73,38.0259500000,-78.5191200000,44,
TL-73,38.0259200000,-78.5187400000,45,
TL-73,38.0259200000,-78.5186400000,46,
TL-73,38.0259200000,-78.5185100000,47,
TL-73,38.0259100000,-78.5183500000,48,
TL-73,38.0259200000,-78.5182800000,49,
TL-73,38.0259200000,-78.5180400000,50,
TL-73,38.0259200000,-78.5175800000,51,
TL-73,38.0259200000,-78.5174800000,52,
TL-73,38.0259200000,-78.5173500000,53,
TL-73,38.0259200000,-78.5169000000,54,
TL-73,38.0259200000,-78.5164600000,55,
TL-73,38.0259200000,-78.5162800000,56,
TL-73,38.0259200000,-78.5162100000,57,
TL-73,38.0259200000,-78.5158800000,58,
TL-73,38.0259200000,-78.5157100000,59,
TL-73,38.0259100000,-78.5155300000,60,
TL-73,38.0259100000,-78.5152500000,61,
TL-73,38.0258700000,-78.5150900000,62,
TL-73,38.0258800000,-78.5150100000,63,
TL-73,38.0259100000,-78.5149000000,64,
TL-73,38.0259300000,-78.5147700000,65,
TL-73,38.0259500000,-78.5146800000,66,
TL-73,38.0259900000,-78.5145300000,67,
TL-73,38.0260200000,-78.5144400000,68,
TL-73,38.0260400000,-78.5143700000,69,
TL-73,38.0261200000,-78.5141200000,70,
TL-73,38.0261600000,-78.5140000000,71,
TL-73,38.0262600000,-78.5136900000,72,
TL-73,38.0263000000,-78.5135700000,73,
TL-73,38.0263400000,-78.5134800000,74,
TL-73,38.0263800000,-78.5133800000,75,
TL-73,38.0264200000,-78.5132900000,76,
TL-73,38.0265100000,-78.5131300000,77,
TL-73,38.0266300000,-78.5129300000,78,
TL-73,38.0267500000,-78.5127400000,79,
TL-73,38.0269400000,-78.5123900000,80,
TL-73,38.0270100000,-78.5122600000,81,
TL-73,38.0271200000,-78.5120800000,82,
TL-73,38.0272600000,-78.5118600000,83,
TL-73,38.0274100000,-78.5116100000,84,
TL-73,38.0276200000,-78.5112600000,85,
TL-73,38.0280200000,-78.5106300000,86,
TL-73,38.0284100000,-78.5100100000,87,
TL-73,38.0284700000,-78.5099100000,88,
TL-73,38.0285200000,-78.5098300000,89,
TL-73,38.0285700000,-78.5097800000,90,
TL-73,38.0286300000,-78.5097200000,91,
TL-73,38.0286900000,-78.5096600000,92,
TL-73,38.0288200000,-78.5095600000,93,
TL-73,38.0288900000,-78.5095100000,94,
TL-73,38.0289300000,-78.5094800000,95,
TL-73,38.0289500000,-78.5094700000,96,
TL-73,38.0289700000,-78.5094600000,97,
TL-73,38.0290200000,-78.5094300000,98,
TL-73,38.0292700000,-78.5092600000,99,
TL-73,38.0297100000,-78.5089700000,100,
TL-73,38.0302300000,-78.5086300000,101,
TL-73,38.0304000000,-78.5085300000,102,
TL-73,38.0305600000,-78.5084300000,103,
TL-73,38.0307200000,-78.5083300000,104,
TL-73,38.0308600000,-78.5082500000,105,
TL-73,38.0311800000,-78.5080500000,106,
TL-73,38.0313200000,-78.5079700000,107,
TL-73,38.0314600000,-78.5079000000,108,
TL-73,38.0315400000,-78.5078500000,109,
TL-73,38.0315900000,-78.5078100000,110,
TL-73,38.0316500000,-78.5078000000,111,
TL-73,38.0317000000,-78.5077800000,112,
TL-73,38.0317600000,-78.5077800000,113,
TL-73,38.0318400000,-78.5077800000,114,
TL-73,38.0319900000,-78.5078000000,115,
TL-73,38.0319900000,-78.5078000000,116,
TL-73,38.0320700000,-78.5074500000,117,
TL-73,38.0320900000,-78.5073200000,118,
TL-73,38.0321000000,-78.5070100000,119,
TL-73,38.0320900000,-78.5067200000,120,
TL-73,38.0320900000,-78.5064900000,121,
TL-73,38.0320800000,-78.5063700000,122,
TL-73,38.0320700000,-78.5059200000,123,
TL-73,38.0320600000,-78.5057500000,124,
TL-73,38.0320500000,-78.5056500000,125,
TL-73,38.0320400000,-78.5054700000,126,
TL-73,38.0320400000,-78.5053800000,127,
TL-73,38.0320400000,-78.5052200000,128,
TL-73,38.0320300000,-78.5050300000,129,
TL-73,38.0320300000,-78.5049900000,130,
TL-73,38.0320300000,-78.5047400000,131,
TL-73,38.0320300000,-78.5045400000,132,
TL-73,38.0320300000,-78.5044600000,133,
TL-73,38.0320300000,-78.5043900000,134,
TL-73,38.0320500000,-78.5040400000,135,
TL-73,38.0320600000,-78.5038100000,136,
TL-73,38.0320600000,-78.5036700000,137,
TL-73,38.0320600000,-78.5036500000,138,
TL-73,38.0320700000,-78.5034400000,139,
TL-73,38.0320700000,-78.5033200000,140,
TL-73,38.0320704929,-78.5033195042,141,
TL-73,38.0320800000,-78.5032100000,142,
TL-73,38.0320984507,-78.5027759766,143,
TL-73,38.0321000000,-78.5025800000,144,
TL-73,38.0321000000,-78.5025000000,145,
TL-73,38.0321000000,-78.5024600000,146,
TL-73,38.0321100000,-78.5023200000,147,
TL-73,38.0321100000,-78.5023100000,148,
TL-73,38.0321200000,-78.5020800000,149,
TL-73,38.0321300000,-78.5020000000,150,
TL-73,38.0321500000,-78.5018600000,151,
TL-73,38.0321500000,-78.5018600000,152,
TL-73,38.0318800000,-78.5017500000,153,
TL-73,38.0318400000,-78.5017200000,154,
TL-73,38.0317600000,-78.5016500000,155,
TL-73,38.0316900000,-78.5015800000,156,
TL-73,38.0316400000,-78.5015200000,157,
TL-73,38.0316000000,-78.5014600000,158,
TL-73,38.0315700000,-78.5014200000,159,
TL-73,38.0315500000,-78.5013800000,160,
TL-73,38.0315200000,-78.5013000000,161,
TL-73,38.0314500000,-78.5011300000,162,
TL-73,38.0313800000,-78.5009500000,163,
TL-73,38.0313200000,-78.5007900000,164,
TL-73,38.0313200000,-78.5007900000,165,
TL-73,38.0313000000,-78.5007400000,166,
TL-73,38.0312200000,-78.5005400000,167,
TL-73,38.0312000000,-78.5004900000,168,
TL-73,38.0310000000,-78.5000300000,169,
TL-73,38.0309600000,-78.4999300000,170,
TL-73,38.0309000000,-78.4997900000,171,
TL-73,38.0308200000,-78.4995900000,172,
TL-73,38.0308200000,-78.4995800000,173,
TL-73,38.0307300000,-78.4993900000,174,
TL-73,38.0306400000,-78.4991900000,175,
TL-73,38.0305900000,-78.4990800000,176,
TL-73,38.0305500000,-78.4990300000,177,
TL-73,38.0304900000,-78.4989800000,178,
TL-73,38.0304200000,-78.4989500000,179,
TL-73,38.0302500000,-78.4988700000,180,
TL-73,38.0302500000,-78.4988700000,181,
TL-73,38.0304000000,-78.4983600000,182,
TL-73,38.0304600000,-78.4981300000,183,
TL-73,38.0304800000,-78.4980400000,184,
TL-73,38.0304900000,-78.4980400000,185,
TL-73,38.0305200000,-78.4979000000,186,
TL-73,38.0305800000,-78.4976000000,187,
TL-73,38.0306200000,-78.4974000000,188,
TL-73,38.0307200000,-78.4969500000,189,
TL-73,38.0307400000,-78.4968300000,190,
TL-73,38.0307600000,-78.4967900000,191,
TL-73,38.0307700000,-78.4967500000,192,
TL-73,38.0307900000,-78.4967300000,193,
TL-73,38.0308300000,-78.4967000000,194,
TL-73,38.0309100000,-78.4966900000,195,
TL-73,38.0309600000,-78.4967000000,196,
TL-73,38.0310300000,-78.4967100000,197,
TL-73,38.0311400000,-78.4967300000,198,
TL-73,38.0311400000,-78.4967300000,199,
TL-73,38.0311800000,-78.4969400000,200,
TL-73,38.0311900000,-78.4969500000,201,
TL-73,38.0312700000,-78.4971500000,202,
TL-73,38.0313530983,-78.4973397668,203,
TL-73,38.0315500000,-78.4977800000,204,
TL-73,38.0316900000,-78.4981300000,205,
TL-73,38.0316900000,-78.4981300000,206,
TL-73,38.0318000000,-78.4983800000,207,
TL-73,38.0319900000,-78.4988200000,208,
TL-73,38.0320700000,-78.4990200000,209,
TL-73,38.0321600000,-78.4992200000,210,
TL-73,38.0321600000,-78.4992300000,211,
TL-73,38.0321700000,-78.4992400000,212,
TL-73,38.0323000000,-78.4995400000,213,
TL-73,38.0323405633,-78.4995992711,214,
TL-73,38.0323700000,-78.4996600000,215,
TL-73,38.0323900000,-78.4996900000,216,
TL-73,38.0324200000,-78.4997300000,217,
TL-73,38.0324400000,-78.4997500000,218,
TL-73,38.0324700000,-78.4997700000,219,
TL-73,38.0325000000,-78.4997900000,220,
TL-73,38.0326400000,-78.4998700000,221,
TL-73,38.0326400000,-78.4998700000,222,
TL-73,38.0325600000,-78.5001700000,223,
TL-73,38.0324900000,-78.5004100000,224,
TL-73,38.0324900000,-78.5004100000,225,
TL-73,38.0324800000,-78.5004400000,226,
TL-73,38.0324300000,-78.5006300000,227,
TL-73,38.0323700000,-78.5008500000,228,
TL-73,38.0322800000,-78.5012200000,229,
TL-73,38.0321700000,-78.5016600000,230,
TL-73,38.0321700000,-78.5017200000,231,
TL-73,38.0321500000,-78.5018600000,232,
TL-73,38.0321300000,-78.5020000000,233,
TL-73,38.0321200000,-78.5020800000,234,
TL-73,38.0321100000,-78.5023100000,235,
TL-73,38.0321100000,-78.5023200000,236,
TL-73,38.0321000000,-78.5024600000,237,
TL-73,38.0321000000,-78.5025000000,238,
TL-73,38.0321000000,-78.5025800000,239,
TL-73,38.0320995070,-78.5027773177,240,
TL-73,38.0320800000,-78.5032100000,241,
TL-73,38.0320800000,-78.5032900000,242,
TL-73,38.0320800000,-78.5033100000,243,
TL-73,38.0320700000,-78.5034400000,244,
TL-73,38.0320600000,-78.5036500000,245,
TL-73,38.0320600000,-78.5036700000,246,
TL-73,38.0320600000,-78.5038100000,247,
TL-73,38.0320500000,-78.5040400000,248,
TL-73,38.0320500000,-78.5040600000,249,
TL-73,38.0320500000,-78.5040600000,250,
TL-73,38.0320300000,-78.5043900000,251,
TL-73,38.0320300000,-78.5044600000,252,
TL-73,38.0320300000,-78.5045400000,253,
TL-73,38.0320300000,-78.5047400000,254,
TL-73,38.0320300000,-78.5049900000,255,
TL-73,38.0320300000,-78.5050300000,256,
TL-73,38.0320400000,-78.5052200000,257,
TL-73,38.0320400000,-78.5053800000,258,
TL-73,38.0320400000,-78.5054700000,259,
TL-73,38.0320500000,-78.5056500000,260,
TL-73,38.0320600000,-78.5057500000,261,
TL-73,38.0320700000,-78.5059200000,262,
TL-73,38.0320800000,-78.5063700000,263,
TL-73,38.0320900000,-78.5064900000,264,
TL-73,38.0320900000,-78.5067200000,265,
TL-73,38.0321000000,-78.5070100000,266,
TL-73,38.0320900000,-78.5073200000,267,
TL-73,38.0320700000,-78.5074500000,268,
TL-73,38.0319900000,-78.5078000000,269,
TL-73,38.0319900000,-78.5078000000,270,
TL-73,38.0319800000,-78.5079000000,271,
TL-73,38.0319800000,-78.5079700000,272,
TL-73,38.0319800000,-78.5080600000,273,
TL-73,38.0319800000,-78.5081700000,274,
TL-73,38.0319900000,-78.5082900000,275,
TL-73,38.0320200000,-78.5084300000,276,
TL-73,38.0320400000,-78.5084800000,277,
TL-73,38.0320600000,-78.5085500000,278,
TL-73,38.0320700000,-78.5085700000,279,
TL-73,38.0321200000,-78.5086400000,280,
TL-73,38.0321400000,-78.5086800000,281,
TL-73,38.0321800000,-78.5087300000,282,
TL-73,38.0322700000,-78.5088200000,283,
TL-73,38.0323300000,-78.5088700000,284,
TL-73,38.0323900000,-78.5089200000,285,
TL-73,38.0324500000,-78.5089600000,286,
TL-73,38.0325000000,-78.5089900000,287,
TL-73,38.0325800000,-78.5090300000,288,
TL-73,38.0325900000,-78.5090300000,289,
TL-73,38.0326600000,-78.5090600000,290,
TL-73,38.0327600000,-78.5090900000,291,
TL-73,38.0327600000,-78.5090900000,292,
TL-73,38.0324500000,-78.5093300000,293,
TL-73,38.0323800000,-78.5093800000,294,
TL-73,38.0323700000,-78.5093900000,295,
TL-73,38.0323000000,-78.5094500000,296,
TL-73,38.0321900000,-78.5095700000,297,
TL-73,38.0320600000,-78.5097300000,298,
TL-73,38.0320200000,-78.5097800000,299,
TL-73,38.0320100000,-78.5097900000,300,
TL-73,38.0319200000,-78.5098800000,301,
TL-73,38.0318800000,-78.5099200000,302,
TL-73,38.0317800000,-78.5100200000,303,
TL-73,38.0317100000,-78.5100900000,304,
TL-73,38.0315200000,-78.5103100000,305,
TL-73,38.0314000000,-78.5104300000,306,
TL-73,38.0313900000,-78.5104300000,307,
TL-73,38.0312500000,-78.5105700000,308,
TL-73,38.0311500000,-78.5106500000,309,
TL-73,38.0311300000,-78.5106800000,310,
TL-73,38.0310500000,-78.5107500000,311,
TL-73,38.0309700000,-78.5108400000,312,
TL-73,38.0308700000,-78.5109600000,313,
TL-73,38.0308400000,-78.5110000000,314,
TL-73,38.0308100000,-78.5110500000,315,
TL-73,38.0306800000,-78.5112400000,316,
TL-73,38.0304600000,-78.5115400000,317,
TL-73,38.0302400000,-78.5118500000,318,
TL-73,38.0302000000,-78.5119100000,319,
TL-73,38.0301000000,-78.5120500000,320,
TL-73,38.0300500000,-78.5121200000,321,
TL-73,38.0300100000,-78.5122000000,322,
TL-73,38.0299100000,-78.5123900000,323,
TL-73,38.0298700000,-78.5124500000,324,
TL-73,38.0297400000,-78.5127100000,325,
TL-73,38.0296200000,-78.5129400000,326,
TL-73,38.0295200000,-78.5131100000,327,
TL-73,38.0294700000,-78.5131800000,328,
TL-73,38.0293500000,-78.5133600000,329,
TL-73,38.0292200000,-78.5135600000,330,
TL-73,38.0291600000,-78.5136400000,331,
TL-73,38.0290400000,-78.5138000000,332,
TL-73,38.0290400000,-78.5138000000,333,
TL-73,38.0291100000,-78.5138500000,334,
TL-73,38.0291700000,-78.5139000000,335,
TL-73,38.0293100000,-78.5140400000,336,
TL-73,38.0293500000,-78.5140800000,337,
TL-73,38.0294700000,-78.5141800000,338,
TL-73,38.0294700000,-78.5141800000,339,
TL-73,38.0294363382,-78.5143965889,340,
TL-73,38.0294300000,-78.5144400000,341,
TL-73,38.0294200000,-78.5145000000,342,
TL-73,38.0294100000,-78.5145600000,343,
TL-73,38.0294800000,-78.5147800000,344,
TL-73,38.0295300000,-78.5148700000,345,
TL-73,38.0295300000,-78.5148700000,346,
TL-73,38.0295700000,-78.5149400000,347,
TL-73,38.0296000000,-78.5149800000,348,
TL-73,38.0296700000,-78.5151000000,349,
TL-73,38.0297400000,-78.5152100000,350,
TL-73,38.0297500000,-78.5152200000,351,
TL-73,38.0297700000,-78.5152500000,352,
TL-73,38.0298200000,-78.5153200000,353,
TL-73,38.0299100000,-78.5154700000,354,
TL-73,38.0300000000,-78.5156000000,355,
TL-73,38.0300100000,-78.5156100000,356,
TL-73,38.0300400000,-78.5156600000,357,
TL-73,38.0301000000,-78.5157700000,358,
TL-73,38.0301500000,-78.5159000000,359,
TL-73,38.0301500000,-78.5159000000,360,
TL-73,38.0300700000,-78.5159400000,361,
TL-73,38.0299400000,-78.5160200000,362,
TL-73,38.0298400000,-78.5160700000,363,
TL-73,38.0297000000,-78.5161400000,364,
TL-73,38.0294500000,-78.5162600000,365,
TL-73,38.0293100000,-78.5163400000,366,
TL-73,38.0292500000,-78.5163700000,367,
TL-73,38.0291600000,-78.5164100000,368,
TL-73,38.0290700000,-78.5164400000,369,
TL-73,38.0289900000,-78.5164700000,370,
TL-73,38.0289600000,-78.5164700000,371,
TL-73,38.0288900000,-78.5164900000,372,
TL-73,38.0288400000,-78.5165000000,373,
TL-73,38.0288100000,-78.5165000000,374,
TL-73,38.0287500000,-78.5165000000,375,
TL-73,38.0286300000,-78.5165000000,376,
TL-73,38.0286300000,-78.5165000000,377,
TL-73,38.0286200000,-78.5166300000,378,
TL-73,38.0286000000,-78.5167100000,379,
TL-73,38.0286000000,-78.5167300000,380,
TL-73,38.0285900000,-78.5168000000,381,
TL-73,38.0285800000,-78.5169100000,382,
TL-73,38.0285800000,-78.5169600000,383,
TL-73,38.0285700000,-78.5170400000,384,
TL-73,38.0285700000,-78.5172800000,385,
TL-73,38.0285800000,-78.5175900000,386,
TL-73,38.0285700000,-78.5181900000,387,
TL-73,38.0285200000,-78.5186500000,388,
TL-73,38.0284900000,-78.5188800000,389,
TL-73,38.0284800000,-78.5189900000,390,
TL-73,38.0284700000,-78.5190500000,391,
TL-73,38.0284600000,-78.5191700000,392,
TL-73,38.0284600000,-78.5193200000,393,
TL-73,38.0284500000,-78.5193900000,394,
TL-73,38.0284500000,-78.5197300000,395,
TL-73,38.0284600000,-78.5199800000,396,
TL-73,38.0284600000,-78.5202600000,397,
TL-73,38.0284600000,-78.5202600000,398,
TL-73,38.0282800000,-78.5202600000,399,
TL-73,38.0280500000,-78.5202600000,400,
TL-73,38.0278100000,-78.5202600000,401,
TL-73,38.0276300000,-78.5202600000,402,
TL-73,38.0275500000,-78.5202700000,403,
TL-73,38.0275000000,-78.5202800000,404,
TL-73,38.0274300000,-78.5203200000,405,
TL-73,38.0273800000,-78.5203500000,406,
TL-73,38.0273700000,-78.5203600000,407,
TL-73,38.0273200000,-78.5204000000,408,
TL-73,38.0272600000,-78.5204500000,409,
TL-73,38.0272200000,-78.5205200000,410,
TL-73,38.0271800000,-78.5206000000,411,
TL-73,38.0271700000,-78.5206400000,412,
TL-73,38.0270200000,-78.5210600000,413,
TL-73,38.0270200000,-78.5210600000,414,
TL-73,38.0268100000,-78.5209800000,415,
TL-73,38.0262900000,-78.5207800000,416,
TL-73,38.0262500000,-78.5207600000,417,
TL-73,38.0261100000,-78.5207700000,418,
TL-73,38.0261100000,-78.5207700000,419,
TL-73,38.0261400000,-78.5209700000,420,
TL-73,38.0261700000,-78.5212300000,421,
TL-73,38.0262000000,-78.5215400000,422,
TL-73,38.0262300000,-78.5218500000,423,
TL-73,38.0262500000,-78.5221200000,424,
TL-73,38.0262700000,-78.5223100000,425,
TL-73,38.0263000000,-78.5225100000,426,
TL-73,38.0263400000,-78.5229400000,427,
TL-73,38.0263500000,-78.5230500000,428,
TL-73,38.0263600000,-78.5231100000,429,
TL-73,38.0263600000,-78.5231700000,430,
TL-73,38.0264000000,-78.5233000000,431,
TL-73,38.0264100000,-78.5233200000,432,
TL-73,38.0264100000,-78.5233300000,433,
TL-73,38.0264100000,-78.5233400000,434,
TL-73,38.0264100000,-78.5233500000,435,
TL-73,38.0264200000,-78.5233800000,436,
TL-73,38.0264700000,-78.5238300000,437,
TL-73,38.0265500000,-78.5245800000,438,
TL-73,38.0265500000,-78.5245800000,439,
TL-73,38.0265700000,-78.5247500000,440,
TL-73,38.0264400000,-78.5247700000,441,
TL-73,38.0263500000,-78.5247800000,442,
TL-73,38.0263100000,-78.5247900000,443,
TL-73,38.0261800000,-78.5248100000,444,
TL-73,38.0259600000,-78.5248300000,445,
TL-73,38.0259400000,-78.5248300000,446,
TL-73,38.0258800000,-78.5248400000,447,
TL-73,38.0258500000,-78.5248500000,448,
TL-73,38.0258200000,-78.5248600000,449,
TL-73,38.0258100000,-78.5248600000,450,
TL-73,38.0258000000,-78.5248600000,451,
TL-73,38.0257900000,-78.5248700000,452,
TL-73,38.0257600000,-78.5248900000,453,
TL-73,38.0257300000,-78.5249200000,454,
TL-73,38.0256600000,-78.5250000000,455,
TL-73,38.0256300000,-78.5250400000,456,
TL-73,38.0255900000,-78.5250800000,457,
